v -1.577096 1.107644 2.0
v -1.957644 1.107644 2.0
v -1.577096 -1.107644 2.0
newmtl 1
Ka 0.25098039215686274 0.25098039215686274 0.25098039215686274
Kd 0.25098039215686274 0.25098039215686274 0.25098039215686274
Ks 0.12549019607843137 0.12549019607843137 0.12549019607843137
d 0.0
endmtl
v -1.957644 -1.107644 2.0
v -1.509159 -1.107644 2.0
v -1.477096 -1.107644 2.0
v -1.509159 1.107644 2.0
v -1.477096 1.107644 2.0
v -1.409159 -1.107644 2.0
v -1.377096 -1.107644 2.0
v -1.409159 1.107644 2.0
v -1.377096 1.107644 2.0
v -2.15 1.25 1.1
v -2.15 1.25 0.9
v -2.15 0.65 1.1
v -2.15 0.65 0.9
v 2.15 1.25 0.9
v 2.15 1.25 1.1
v 2.15 0.65 0.9
v 2.15 0.65 1.1
v -1.25 1.107644 0.0
v 1.25 1.107644 0.0
v -1.25 -1.107644 0.0
v 1.25 -1.107644 0.0
v -2.1 -1.3 0.9
v -2.100676 -1.299995 0.899973
v -1.97431 -1.17363 0.14178
v -1.35 -1.17363 0.14178
v -1.324447 -1.173077 0.13846
v 2.1 -1.3 0.9
v -1.300513 -1.171446 0.128677
v 1.97431 -1.17363 0.14178
v 2.100676 -1.299995 0.899973
v 1.35 -1.17363 0.14178
v 1.324447 -1.173077 0.13846
v 1.300513 -1.171446 0.128677
v 1.279775 -1.168829 0.112973
v -1.279775 -1.168829 0.112973
v -1.263697 -1.165383 0.092295
v -1.25 -1.156963 0.04178
v 1.25 -1.156963 0.04178
v -1.253497 -1.161332 0.067995
v 1.253497 -1.161332 0.067995
v 1.263697 -1.165383 0.092295
v 2.1 1.3 0.9
v 2.100676 1.299995 0.899973
v 1.97431 1.17363 0.14178
v -2.1 1.3 0.9
v -1.300513 1.171446 0.128677
v -1.97431 1.17363 0.14178
v -2.100676 1.299995 0.899973
v -1.35 1.17363 0.14178
v -1.324447 1.173077 0.13846
v 1.35 1.17363 0.14178
v 1.324447 1.173077 0.13846
v 1.300513 1.171446 0.128677
v 1.279775 1.168829 0.112973
v 1.25 1.156963 0.04178
v -1.25 1.156963 0.04178
v 1.253497 1.161332 0.067995
v -1.253497 1.161332 0.067995
v 1.263697 1.165383 0.092295
v -1.263697 1.165383 0.092295
v -1.279775 1.168829 0.112973
v 2.15 -1.25 1.1
v 2.15 -1.25 0.9
v 2.15 -0.65 1.1
v 2.15 -0.65 0.9
v 2.1 -1.3 1.1
v -2.1 -1.3 1.1
v -2.15 -1.25 0.9
v -2.15 -1.25 1.1
v -2.15 -0.65 0.9
v -2.15 -0.65 1.1
v 2.1 1.3 1.1
v -2.1 1.3 1.1
v -1.309159 -1.107644 2.0
v 1.957644 -1.107644 2.0
v -1.309159 1.107644 2.0
v 1.957644 1.107644 2.0
v -2.100676 1.299995 1.100027
v -1.957644 1.156963 1.95822
v 1.957644 1.156963 1.95822
v 2.100676 1.299995 1.100027
v -2.149995 -1.250676 1.100027
v -2.006963 -1.107644 1.95822
v -2.149995 1.250676 1.100027
v -2.006963 1.107644 1.95822
v 2.149995 1.250676 1.100027
v 2.006963 1.107644 1.95822
v 2.149995 -1.250676 1.100027
v 2.006963 -1.107644 1.95822
v 2.100676 -1.299995 1.100027
v 1.957644 -1.156963 1.95822
v -1.957644 -1.156963 1.95822
v -2.100676 -1.299995 1.100027
v 2.149995 -1.250676 0.899973
v 2.02363 -1.12431 0.14178
v 2.149995 1.250676 0.899973
v 2.02363 1.12431 0.14178
v -2.149995 1.250676 0.899973
v -2.02363 1.12431 0.14178
v -2.149995 -1.250676 0.899973
v -2.02363 -1.12431 0.14178
v 1.410427 -0.65 0.1
v 1.97431 -0.65 0.1
v 1.97431 -1.12431 0.1
v 1.35 1.12431 0.1
v 1.97431 1.12431 0.1
v 1.97431 0.65 0.1
v 1.410427 0.65 0.1
v 1.35 -1.12431 0.1
v -1.410427 0.65 0.1
v -1.97431 0.65 0.1
v -1.97431 1.12431 0.1
v -1.35 -1.12431 0.1
v -1.97431 -1.12431 0.1
v -1.97431 -0.65 0.1
v -1.410427 -0.65 0.1
v -1.35 1.12431 0.1
v -1.957644 1.119249 1.998626
v 1.957644 1.119249 1.998626
v -1.957644 1.119319 1.998618
v 1.957644 1.119319 1.998618
v -1.957644 1.130218 1.994596
v 1.957644 1.130218 1.994596
v -1.957644 1.130349 1.994548
v 1.957644 1.130349 1.994548
v -1.957644 1.139949 1.988131
v 1.957644 1.139949 1.988131
v -1.957644 1.140123 1.988014
v 1.957644 1.140123 1.988014
v -1.957644 1.147912 1.979585
v 1.957644 1.147912 1.979585
v -1.957644 1.148102 1.979379
v 1.957644 1.148102 1.979379
v -1.957644 1.153673 1.969425
v 1.957644 1.153673 1.969425
v -1.957644 1.153844 1.96912
v 1.957644 1.153844 1.96912
v 1.969249 -1.107644 1.998626
v 2.003844 -1.107644 1.96912
v 2.003844 1.107644 1.96912
v 2.003673 -1.107644 1.969425
v 2.003673 1.107644 1.969425
v 1.998102 -1.107644 1.979379
v 1.998102 1.107644 1.979379
v 1.997912 -1.107644 1.979585
v 1.997912 1.107644 1.979585
v 1.990123 -1.107644 1.988014
v 1.990123 1.107644 1.988014
v 1.989949 -1.107644 1.988131
v 1.989949 1.107644 1.988131
v 1.980348 -1.107644 1.994548
v 1.980348 1.107644 1.994548
v 1.980218 -1.107644 1.994596
v 1.980218 1.107644 1.994596
v 1.969319 -1.107644 1.998618
v 1.969319 1.107644 1.998618
v 1.969249 1.107644 1.998626
v 1.966646 1.147087 1.979379
v 1.964871 1.139309 1.988014
v 1.962696 1.129779 1.994548
v 1.960242 1.119026 1.998618
v 1.962709 1.118163 1.998618
v 1.968163 1.112709 1.998618
v 1.966772 1.114923 1.998618
v 1.969026 1.110242 1.998618
v 1.968526 1.155262 1.95975
v 1.967924 1.152685 1.96912
v 1.970199 1.155001 1.959985
v 1.977689 1.149268 1.96912
v 1.978692 1.151321 1.960788
v 1.981927 1.14992 1.961093
v 1.986449 1.143764 1.96912
v 1.987756 1.145394 1.96131
v 1.992056 1.142056 1.961471
v 1.993764 1.136449 1.96912
v 1.995394 1.137756 1.96131
v 1.99992 1.131927 1.961093
v 1.999268 1.127689 1.96912
v 2.001321 1.128692 1.960788
v 2.005001 1.120198 1.959985
v 2.002685 1.117924 1.96912
v 2.005262 1.118526 1.95975
v 1.9718 1.125395 1.994548
v 1.975395 1.1218 1.994548
v 1.9781 1.117495 1.994548
v 1.979779 1.112696 1.994548
v 1.967495 1.1281 1.994548
v 1.964923 1.116772 1.998618
v 1.971736 1.136907 1.988014
v 1.977894 1.133037 1.988014
v 1.983037 1.127894 1.988014
v 1.986907 1.121736 1.988014
v 1.989309 1.114871 1.988014
v 1.975198 1.144095 1.979379
v 1.982869 1.139275 1.979379
v 1.989275 1.132869 1.979379
v 1.994095 1.125198 1.979379
v 1.997087 1.116646 1.979379
v -2.003673 1.107644 1.969425
v -1.998102 1.107644 1.979379
v -1.997087 1.116646 1.979379
v -1.997912 1.107644 1.979585
v -1.990123 1.107644 1.988014
v -1.989309 1.114871 1.988014
v -1.979779 1.112696 1.994548
v -1.969026 1.110242 1.998618
v -1.968163 1.112709 1.998618
v -1.962709 1.118163 1.998618
v -1.964923 1.116772 1.998618
v -1.960242 1.119026 1.998618
v -1.969249 1.107644 1.998626
v -2.005262 1.118526 1.95975
v -2.002685 1.117924 1.96912
v -2.005001 1.120198 1.959985
v -1.999268 1.127689 1.96912
v -2.001321 1.128692 1.960788
v -1.99992 1.131927 1.961093
v -1.993764 1.136449 1.96912
v -1.995394 1.137756 1.96131
v -1.992056 1.142056 1.961471
v -1.986449 1.143764 1.96912
v -1.987756 1.145394 1.96131
v -1.981927 1.14992 1.961093
v -1.977689 1.149268 1.96912
v -1.978692 1.151321 1.960788
v -1.970199 1.155001 1.959985
v -1.967924 1.152685 1.96912
v -1.968526 1.155262 1.95975
v -1.989949 1.107644 1.988131
v -1.980348 1.107644 1.994548
v -1.980218 1.107644 1.994596
v -1.969319 1.107644 1.998618
v -1.975395 1.1218 1.994548
v -1.9718 1.125395 1.994548
v -1.967495 1.1281 1.994548
v -1.962696 1.129779 1.994548
v -1.9781 1.117495 1.994548
v -1.966772 1.114923 1.998618
v -1.986907 1.121736 1.988014
v -1.983037 1.127894 1.988014
v -1.977894 1.133037 1.988014
v -1.971736 1.136907 1.988014
v -1.964871 1.139309 1.988014
v -1.994095 1.125198 1.979379
v -1.989275 1.132869 1.979379
v -1.982869 1.139275 1.979379
v -1.975198 1.144095 1.979379
v -1.966646 1.147087 1.979379
v -2.003844 1.107644 1.96912
v -2.003844 -1.107644 1.96912
v -2.003673 -1.107644 1.969425
v -1.998102 -1.107644 1.979379
v -1.997912 -1.107644 1.979585
v -1.990123 -1.107644 1.988014
v -1.989949 -1.107644 1.988131
v -1.980348 -1.107644 1.994548
v -1.980218 -1.107644 1.994596
v -1.969319 -1.107644 1.998618
v -1.969249 -1.107644 1.998626
v -1.957644 -1.119249 1.998626
v 1.957644 -1.119249 1.998626
v 1.957644 -1.119319 1.998618
v -1.957644 -1.119319 1.998618
v 1.957644 -1.130218 1.994596
v -1.957644 -1.130218 1.994596
v 1.957644 -1.130349 1.994548
v -1.957644 -1.130349 1.994548
v 1.957644 -1.139949 1.988131
v -1.957644 -1.139949 1.988131
v 1.957644 -1.140123 1.988014
v -1.957644 -1.140123 1.988014
v 1.957644 -1.147912 1.979585
v -1.957644 -1.147912 1.979585
v 1.957644 -1.148102 1.979379
v -1.957644 -1.148102 1.979379
v 1.957644 -1.153673 1.969425
v -1.957644 -1.153673 1.969425
v 1.957644 -1.153844 1.96912
v -1.957644 -1.153844 1.96912
v 1.997087 -1.116646 1.979379
v 1.989309 -1.114871 1.988014
v 1.979779 -1.112696 1.994548
v 1.969026 -1.110242 1.998618
v 1.968163 -1.112709 1.998618
v 1.962709 -1.118163 1.998618
v 1.964923 -1.116772 1.998618
v 1.960242 -1.119026 1.998618
v 2.005262 -1.118526 1.95975
v 2.002685 -1.117924 1.96912
v 2.005001 -1.120198 1.959985
v 1.999268 -1.127689 1.96912
v 2.001321 -1.128692 1.960788
v 1.99992 -1.131927 1.961093
v 1.993764 -1.136449 1.96912
v 1.995394 -1.137756 1.96131
v 1.992056 -1.142056 1.961471
v 1.986449 -1.143764 1.96912
v 1.987756 -1.145394 1.96131
v 1.981927 -1.14992 1.961093
v 1.977689 -1.149268 1.96912
v 1.978692 -1.151321 1.960788
v 1.970199 -1.155001 1.959985
v 1.967924 -1.152685 1.96912
v 1.968526 -1.155262 1.95975
v 1.975395 -1.1218 1.994548
v 1.9718 -1.125395 1.994548
v 1.967495 -1.1281 1.994548
v 1.962696 -1.129779 1.994548
v 1.9781 -1.117495 1.994548
v 1.966772 -1.114923 1.998618
v 1.986907 -1.121736 1.988014
v 1.983037 -1.127894 1.988014
v 1.977894 -1.133037 1.988014
v 1.971736 -1.136907 1.988014
v 1.964871 -1.139309 1.988014
v 1.994095 -1.125198 1.979379
v 1.989275 -1.132869 1.979379
v 1.982869 -1.139275 1.979379
v 1.975198 -1.144095 1.979379
v 1.966646 -1.147087 1.979379
v 2.148241 1.262933 1.100891
v 2.148178 1.263376 1.100922
v 2.112933 1.298241 1.100891
v 2.113376 1.298178 1.100922
v 2.124989 1.293275 1.101474
v 2.125195 1.293188 1.101483
v 2.135355 1.285355 1.101675
v 2.143188 1.275195 1.101483
v 2.143275 1.274989 1.101474
v -2.112933 1.298241 1.100891
v -2.113376 1.298178 1.100922
v -2.148241 1.262933 1.100891
v -2.148178 1.263376 1.100922
v -2.143275 1.274989 1.101474
v -2.143188 1.275195 1.101483
v -2.135355 1.285355 1.101675
v -2.125195 1.293188 1.101483
v -2.124989 1.293275 1.101474
v -1.966646 -1.147087 1.979379
v -1.964871 -1.139309 1.988014
v -1.962696 -1.129779 1.994548
v -1.960242 -1.119026 1.998618
v -1.962709 -1.118163 1.998618
v -1.968163 -1.112709 1.998618
v -1.966772 -1.114923 1.998618
v -1.969026 -1.110242 1.998618
v -1.968526 -1.155262 1.95975
v -1.967924 -1.152685 1.96912
v -1.970199 -1.155001 1.959985
v -1.977689 -1.149268 1.96912
v -1.978692 -1.151321 1.960788
v -1.981927 -1.14992 1.961093
v -1.986449 -1.143764 1.96912
v -1.987756 -1.145394 1.96131
v -1.992056 -1.142056 1.961471
v -1.993764 -1.136449 1.96912
v -1.995394 -1.137756 1.96131
v -1.99992 -1.131927 1.961093
v -1.999268 -1.127689 1.96912
v -2.001321 -1.128692 1.960788
v -2.005001 -1.120198 1.959985
v -2.002685 -1.117924 1.96912
v -2.005262 -1.118526 1.95975
v -1.9718 -1.125395 1.994548
v -1.975395 -1.1218 1.994548
v -1.9781 -1.117495 1.994548
v -1.979779 -1.112696 1.994548
v -1.967495 -1.1281 1.994548
v -1.964923 -1.116772 1.998618
v -1.971736 -1.136907 1.988014
v -1.977894 -1.133037 1.988014
v -1.983037 -1.127894 1.988014
v -1.986907 -1.121736 1.988014
v -1.989309 -1.114871 1.988014
v -1.975198 -1.144095 1.979379
v -1.982869 -1.139275 1.979379
v -1.989275 -1.132869 1.979379
v -1.994095 -1.125198 1.979379
v -1.997087 -1.116646 1.979379
v 2.112933 -1.298241 1.100891
v 2.113376 -1.298178 1.100922
v 2.148241 -1.262933 1.100891
v 2.148178 -1.263376 1.100922
v 2.143275 -1.274989 1.101474
v 2.143188 -1.275195 1.101483
v 2.135355 -1.285355 1.101675
v 2.125195 -1.293188 1.101483
v 2.124989 -1.293275 1.101474
v 2.148241 1.262933 0.899109
v 2.148178 1.263376 0.899078
v 2.143275 1.274989 0.898526
v 2.143188 1.275195 0.898517
v 2.135355 1.285355 0.898325
v 2.125195 1.293188 0.898517
v 2.124989 1.293275 0.898526
v 2.113376 1.298178 0.899078
v 2.112933 1.298241 0.899109
v -2.124989 1.293275 0.898526
v -2.113376 1.298178 0.899078
v -2.112933 1.298241 0.899109
v -2.148241 1.262933 0.899109
v -2.148178 1.263376 0.899078
v -2.143275 1.274989 0.898526
v -2.143188 1.275195 0.898517
v -2.135355 1.285355 0.898325
v -2.125195 1.293188 0.898517
v -2.112933 -1.298241 1.100891
v -2.113376 -1.298178 1.100922
v -2.124989 -1.293275 1.101474
v -2.125195 -1.293188 1.101483
v -2.135355 -1.285355 1.101675
v -2.148241 -1.262933 1.100891
v -2.148178 -1.263376 1.100922
v -2.143275 -1.274989 1.101474
v -2.143188 -1.275195 1.101483
v 2.112933 -1.298241 0.899109
v 2.113376 -1.298178 0.899078
v 2.124989 -1.293275 0.898526
v 2.125195 -1.293188 0.898517
v 2.135355 -1.285355 0.898325
v 2.143188 -1.275195 0.898517
v 2.143275 -1.274989 0.898526
v 2.148178 -1.263376 0.899078
v 2.148241 -1.262933 0.899109
v 2.021667 1.136865 0.140015
v 2.021616 1.136983 0.140004
v 2.016587 1.148593 0.138907
v 2.016521 1.148678 0.138904
v 2.008723 1.158723 0.138529
v 1.998678 1.166521 0.138904
v 1.998593 1.166587 0.138907
v 1.986983 1.171616 0.140004
v 1.986865 1.171667 0.140015
v -1.985193 1.171929 0.14025
v -1.986865 1.171667 0.140015
v -1.995359 1.167988 0.139212
v -1.998593 1.166587 0.138907
v -2.004422 1.162061 0.13869
v -2.021929 1.135193 0.14025
v -2.021667 1.136865 0.140015
v -2.017988 1.145359 0.139212
v -2.016587 1.148593 0.138907
v -2.012061 1.154423 0.13869
v -2.008723 1.158723 0.138529
v -2.148241 -1.262933 0.899109
v -2.148178 -1.263376 0.899078
v -2.143275 -1.274989 0.898526
v -2.143188 -1.275195 0.898517
v -2.135355 -1.285355 0.898325
v -2.125195 -1.293188 0.898517
v -2.124989 -1.293275 0.898526
v -2.113376 -1.298178 0.899078
v -2.112933 -1.298241 0.899109
v 1.985193 -1.171929 0.14025
v 1.986865 -1.171667 0.140015
v 1.995359 -1.167988 0.139212
v 1.998593 -1.166587 0.138907
v 2.004422 -1.162061 0.13869
v 2.008723 -1.158723 0.138529
v 2.012061 -1.154423 0.13869
v 2.016587 -1.148593 0.138907
v 2.021929 -1.135193 0.14025
v 2.021667 -1.136865 0.140015
v 2.017988 -1.145359 0.139212
v 1.985916 1.12431 0.101374
v 1.985916 -1.12431 0.101374
v 1.985986 -1.12431 0.101382
v 1.985986 1.12431 0.101382
v 1.996884 -1.12431 0.105404
v 1.996884 1.12431 0.105404
v 1.997015 -1.12431 0.105452
v 1.997015 1.12431 0.105452
v 2.006615 -1.12431 0.111869
v 2.006615 1.12431 0.111869
v 2.00679 -1.12431 0.111986
v 2.00679 1.12431 0.111986
v 2.014579 -1.12431 0.120415
v 2.014579 1.12431 0.120415
v 2.014768 -1.12431 0.120621
v 2.014768 1.12431 0.120621
v 2.02034 -1.12431 0.130575
v 2.02034 1.12431 0.130575
v 2.02051 -1.12431 0.13088
v 2.02051 1.12431 0.13088
v 1.985588 1.127332 0.101382
v 1.97431 1.146884 0.105404
v 1.97431 1.147015 0.105452
v 1.980187 1.146242 0.105452
v 1.97431 1.156616 0.111869
v 1.97431 1.15679 0.111986
v 1.982717 1.155683 0.111986
v 1.984782 1.16339 0.120621
v 1.986268 1.168936 0.13088
v 1.99741 1.16432 0.13088
v 2.018936 1.136268 0.13088
v 1.97431 1.17051 0.13088
v 1.97431 1.17034 0.130575
v 1.97431 1.164768 0.120621
v 1.97431 1.164579 0.120415
v 2.01339 1.134782 0.120621
v 1.994539 1.159348 0.120621
v 2.006979 1.156978 0.13088
v 2.005683 1.132717 0.111986
v 1.99055 1.152438 0.111986
v 2.002918 1.152918 0.120621
v 1.996242 1.130187 0.105452
v 1.997277 1.147277 0.111986
v 1.985663 1.143973 0.105452
v 1.977332 1.135588 0.101382
v 2.014321 1.14741 0.13088
v 2.009348 1.144539 0.120621
v 2.002438 1.14055 0.111986
v 1.993973 1.135663 0.105452
v 1.984421 1.130148 0.101382
v 1.97431 1.135916 0.101374
v 1.97431 1.135985 0.101382
v 1.990365 1.140365 0.105452
v 1.980148 1.134421 0.101382
v 1.982566 1.132566 0.101382
v -1.97431 1.135916 0.101374
v -1.976908 1.135693 0.101382
v -1.983438 1.13159 0.101382
v -1.98159 1.133438 0.101382
v -1.996884 1.12431 0.105404
v -1.997015 1.12431 0.105452
v -1.996446 1.129363 0.105452
v -2.006615 1.12431 0.111869
v -2.00679 1.12431 0.111986
v -2.005975 1.131538 0.111986
v -2.013754 1.133313 0.120621
v -2.019352 1.134591 0.13088
v -2.015935 1.144356 0.13088
v -1.994356 1.165935 0.13088
v -1.984591 1.169352 0.13088
v -2.010431 1.153115 0.13088
v -2.02051 1.12431 0.13088
v -2.02034 1.12431 0.130575
v -2.014768 1.12431 0.120621
v -2.014579 1.12431 0.120415
v -1.97431 1.17051 0.13088
v -1.97431 1.17034 0.130575
v -1.983313 1.163754 0.120621
v -2.010762 1.141864 0.120621
v -1.97431 1.164768 0.120621
v -1.97431 1.164579 0.120415
v -1.981538 1.155975 0.111986
v -2.003573 1.138403 0.111986
v -2.005942 1.149535 0.120621
v -2.003115 1.160431 0.13088
v -1.97431 1.15679 0.111986
v -1.97431 1.156616 0.111869
v -1.979363 1.146446 0.105452
v -1.999535 1.155942 0.120621
v -1.999704 1.144561 0.111986
v -1.994767 1.134162 0.105452
v -1.985693 1.126908 0.101382
v -1.988467 1.142062 0.105452
v -1.991864 1.160762 0.120621
v -1.988403 1.153573 0.111986
v -1.984162 1.144767 0.105452
v -1.979376 1.134829 0.101382
v -1.985916 1.12431 0.101374
v -1.985986 1.12431 0.101382
v -1.994561 1.149704 0.111986
v -1.992062 1.138467 0.105452
v -1.984829 1.129376 0.101382
v -1.97431 1.147015 0.105452
v -1.97431 1.146884 0.105404
v -1.97431 1.135985 0.101382
v -1.985916 -1.12431 0.101374
v -1.985986 -1.12431 0.101382
v -1.996884 -1.12431 0.105404
v -1.997015 -1.12431 0.105452
v -2.006615 -1.12431 0.111869
v -2.00679 -1.12431 0.111986
v -2.014579 -1.12431 0.120415
v -2.014768 -1.12431 0.120621
v -2.02034 -1.12431 0.130575
v -2.02051 -1.12431 0.13088
v -2.021929 -1.135193 0.14025
v -2.021667 -1.136865 0.140015
v -2.017988 -1.145359 0.139212
v -2.016587 -1.148593 0.138907
v -2.012061 -1.154423 0.13869
v -1.985193 -1.171929 0.14025
v -1.986865 -1.171667 0.140015
v -1.995359 -1.167988 0.139212
v -1.998593 -1.166587 0.138907
v -2.004422 -1.162061 0.13869
v -2.008723 -1.158723 0.138529
v 1.97431 -1.135916 0.101374
v 1.976908 -1.135693 0.101382
v 1.983438 -1.13159 0.101382
v 1.98159 -1.133438 0.101382
v 1.996446 -1.129363 0.105452
v 2.005975 -1.131538 0.111986
v 2.013754 -1.133313 0.120621
v 2.019352 -1.134591 0.13088
v 2.015935 -1.144356 0.13088
v 2.003115 -1.160431 0.13088
v 1.994356 -1.165935 0.13088
v 1.984591 -1.169352 0.13088
v 1.97431 -1.17051 0.13088
v 1.97431 -1.17034 0.130575
v 1.983313 -1.163754 0.120621
v 2.010762 -1.141864 0.120621
v 2.010431 -1.153115 0.13088
v 1.97431 -1.164768 0.120621
v 1.97431 -1.164579 0.120415
v 1.981538 -1.155975 0.111986
v 2.003573 -1.138403 0.111986
v 2.005942 -1.149535 0.120621
v 1.97431 -1.15679 0.111986
v 1.97431 -1.156616 0.111869
v 1.979363 -1.146446 0.105452
v 1.999535 -1.155942 0.120621
v 1.999704 -1.144561 0.111986
v 1.994767 -1.134162 0.105452
v 1.985693 -1.126908 0.101382
v 1.988467 -1.142062 0.105452
v 1.991864 -1.160762 0.120621
v 1.988403 -1.153573 0.111986
v 1.984162 -1.144767 0.105452
v 1.979376 -1.134829 0.101382
v 1.994561 -1.149704 0.111986
v 1.992062 -1.138467 0.105452
v 1.984829 -1.129376 0.101382
v 1.97431 -1.147015 0.105452
v 1.97431 -1.146884 0.105404
v 1.97431 -1.135985 0.101382
v 1.35 1.170375 0.130556
v 1.35 1.164603 0.120394
v 1.35 1.156629 0.111849
v 1.35 1.14689 0.105389
v 1.35 1.135917 0.101366
v -1.35 1.170375 0.130556
v -1.35 1.164603 0.120394
v -1.35 1.156629 0.111849
v -1.35 1.14689 0.105389
v -1.35 1.135917 0.101366
v -1.985693 -1.126908 0.101382
v -1.98159 -1.133438 0.101382
v -1.983438 -1.13159 0.101382
v -1.97431 -1.146884 0.105404
v -1.97431 -1.147015 0.105452
v -1.979363 -1.146446 0.105452
v -1.97431 -1.156616 0.111869
v -1.97431 -1.15679 0.111986
v -1.981538 -1.155975 0.111986
v -1.983313 -1.163754 0.120621
v -1.984591 -1.169352 0.13088
v -1.994356 -1.165935 0.13088
v -2.010431 -1.153115 0.13088
v -2.015935 -1.144356 0.13088
v -2.019352 -1.134591 0.13088
v -1.97431 -1.17051 0.13088
v -1.97431 -1.17034 0.130575
v -1.97431 -1.164768 0.120621
v -1.97431 -1.164579 0.120415
v -2.013754 -1.133313 0.120621
v -1.991864 -1.160762 0.120621
v -2.003115 -1.160431 0.13088
v -2.005975 -1.131538 0.111986
v -1.988403 -1.153573 0.111986
v -1.999535 -1.155942 0.120621
v -1.996446 -1.129363 0.105452
v -2.005942 -1.149535 0.120621
v -1.994561 -1.149704 0.111986
v -1.984162 -1.144767 0.105452
v -1.976908 -1.135693 0.101382
v -1.992062 -1.138467 0.105452
v -2.010762 -1.141864 0.120621
v -2.003573 -1.138403 0.111986
v -1.994767 -1.134162 0.105452
v -1.984829 -1.129376 0.101382
v -1.97431 -1.135916 0.101374
v -1.97431 -1.135985 0.101382
v -1.999704 -1.144561 0.111986
v -1.988467 -1.142062 0.105452
v -1.979376 -1.134829 0.101382
v 1.35 -1.170375 0.130556
v 1.35 -1.164603 0.120394
v 1.35 -1.156629 0.111849
v 1.35 -1.14689 0.105389
v 1.35 -1.135917 0.101366
v 1.337067 1.123736 0.098276
v 1.325256 1.122126 0.093448
v 1.323718 1.13387 0.094193
v 1.325023 1.122067 0.093271
v 1.314888 1.119509 0.085597
v 1.31287 1.131422 0.085657
v 1.314679 1.11942 0.085328
v 1.306848 1.116063 0.075257
v 1.304646 1.128208 0.074522
v 1.262774 1.155304 0.042057
v 1.265662 1.159207 0.065044
v 1.262941 1.155283 0.04206
v 1.275 1.150356 0.042881
v 1.277042 1.154038 0.062815
v 1.285086 1.142722 0.044154
v 1.286904 1.146159 0.061449
v 1.285355 1.142518 0.044188
v 1.306734 1.115972 0.074985
v 1.301749 1.112013 0.063107
v 1.299669 1.124447 0.0616
v 1.301726 1.111956 0.062938
v 1.293301 1.132303 0.04589
v 1.294612 1.136079 0.061035
v 1.298231 1.120564 0.047847
v 1.298296 1.120409 0.047873
v 1.3 1.107644 0.05
v 1.29994 1.139611 0.075376
v 1.293016 1.149573 0.077768
v 1.2843 1.157486 0.081551
v 1.274323 1.162866 0.086494
v 1.308919 1.142639 0.087792
v 1.303267 1.152506 0.091878
v 1.296242 1.160445 0.097676
v 1.288257 1.165995 0.104848
v 1.320872 1.144952 0.097343
v 1.316879 1.154748 0.102721
v 1.311965 1.162707 0.110025
v 1.306405 1.168379 0.118842
v 1.337224 1.123757 0.09834
v 1.336393 1.135398 0.099544
v 1.334904 1.146398 0.103344
v 1.332839 1.156152 0.10953
v 1.330312 1.164121 0.117761
v 1.327463 1.169869 0.127585
v 1.25 1.118835 0.001269
v -1.25 1.118835 0.001269
v 1.25 1.119235 0.001409
v -1.25 1.119235 0.001409
v 1.25 1.129459 0.00501
v -1.25 1.129459 0.00501
v 1.25 1.130176 0.005464
v -1.25 1.130176 0.005464
v 1.25 1.138976 0.011035
v -1.25 1.138976 0.011035
v 1.25 1.139872 0.011939
v -1.25 1.139872 0.011939
v 1.25 1.146903 0.019036
v -1.25 1.146903 0.019036
v 1.25 1.147797 0.02048
v -1.25 1.147797 0.02048
v 1.25 1.152837 0.02861
v -1.25 1.152837 0.02861
v 1.25 1.153523 0.030619
v -1.25 1.153523 0.030619
v 1.25 1.156478 0.039268
v -1.25 1.156478 0.039268
v -1.327463 1.169869 0.127585
v -1.330312 1.164121 0.117761
v -1.334904 1.146398 0.103344
v -1.338898 1.123829 0.098558
v -1.336393 1.135398 0.099544
v -1.323718 1.13387 0.094193
v -1.32843 1.122559 0.094745
v -1.337224 1.123757 0.09834
v -1.31287 1.131422 0.085657
v -1.319073 1.120565 0.088766
v -1.325256 1.122126 0.093448
v -1.304646 1.128208 0.074522
v -1.311245 1.117948 0.080912
v -1.314888 1.119509 0.085597
v -1.306405 1.168379 0.118842
v -1.288257 1.165995 0.104848
v -1.274323 1.162866 0.086494
v -1.265662 1.159207 0.065044
v -1.311965 1.162707 0.110025
v -1.296242 1.160445 0.097676
v -1.2843 1.157486 0.081551
v -1.277042 1.154038 0.062815
v -1.320872 1.144952 0.097343
v -1.308919 1.142639 0.087792
v -1.29994 1.139611 0.075376
v -1.294612 1.136079 0.061035
v -1.299669 1.124447 0.0616
v -1.30148 1.111342 0.061095
v -1.301749 1.112013 0.063107
v -1.305292 1.114827 0.071551
v -1.306848 1.116063 0.075257
v -1.262774 1.155304 0.042057
v -1.262941 1.155283 0.04206
v -1.275 1.150356 0.042881
v -1.285086 1.142722 0.044154
v -1.332839 1.156152 0.10953
v -1.316879 1.154748 0.102721
v -1.303267 1.152506 0.091878
v -1.293016 1.149573 0.077768
v -1.286904 1.146159 0.061449
v -1.285355 1.142518 0.044188
v -1.3 1.107644 0.05
v -1.298296 1.120409 0.047873
v -1.298231 1.120564 0.047847
v -1.293301 1.132303 0.04589
v -1.35 -1.170375 0.130556
v -1.35 -1.164603 0.120394
v -1.35 -1.156629 0.111849
v -1.35 -1.14689 0.105389
v -1.35 -1.135917 0.101366
v 1.327463 -1.169869 0.127585
v 1.330312 -1.164121 0.117761
v 1.334904 -1.146398 0.103344
v 1.336393 -1.135398 0.099544
v 1.323718 -1.13387 0.094193
v 1.337067 -1.123736 0.098276
v 1.337224 -1.123757 0.09834
v 1.31287 -1.131422 0.085657
v 1.325023 -1.122067 0.093271
v 1.325256 -1.122126 0.093448
v 1.304646 -1.128208 0.074522
v 1.314679 -1.11942 0.085328
v 1.314888 -1.119509 0.085597
v 1.306405 -1.168379 0.118842
v 1.288257 -1.165995 0.104848
v 1.274323 -1.162866 0.086494
v 1.265662 -1.159207 0.065044
v 1.311965 -1.162707 0.110025
v 1.296242 -1.160445 0.097676
v 1.2843 -1.157486 0.081551
v 1.277042 -1.154038 0.062815
v 1.320872 -1.144952 0.097343
v 1.308919 -1.142639 0.087792
v 1.29994 -1.139611 0.075376
v 1.294612 -1.136079 0.061035
v 1.299669 -1.124447 0.0616
v 1.301726 -1.111956 0.062938
v 1.301749 -1.112013 0.063107
v 1.306734 -1.115972 0.074985
v 1.306848 -1.116063 0.075257
v 1.262774 -1.155304 0.042057
v 1.262941 -1.155283 0.04206
v 1.275 -1.150356 0.042881
v 1.285086 -1.142722 0.044154
v 1.332839 -1.156152 0.10953
v 1.316879 -1.154748 0.102721
v 1.303267 -1.152506 0.091878
v 1.293016 -1.149573 0.077768
v 1.286904 -1.146159 0.061449
v 1.285355 -1.142518 0.044188
v 1.3 -1.107644 0.05
v 1.298296 -1.120409 0.047873
v 1.298231 -1.120564 0.047847
v 1.293301 -1.132303 0.04589
v 1.259692 1.113239 0.001269
v 1.26081 1.11054 0.001269
v 1.255596 1.117336 0.001269
v 1.257914 1.115557 0.001269
v 1.262884 1.107644 0.001865
v 1.261192 1.107644 0.001269
v 1.274852 1.107644 0.006932
v 1.271815 1.107644 0.00501
v 1.271072 1.11329 0.00501
v 1.297171 1.120283 0.039268
v 1.292292 1.132061 0.039268
v 1.284531 1.142175 0.039268
v 1.274417 1.149936 0.039268
v 1.262639 1.154814 0.039268
v 1.261697 1.151297 0.02861
v 1.298103 1.107644 0.037125
v 1.298835 1.107644 0.039268
v 1.293653 1.119341 0.02861
v 1.289139 1.13024 0.02861
v 1.281957 1.1396 0.02861
v 1.272597 1.146782 0.02861
v 1.260161 1.145565 0.019036
v 1.269629 1.141643 0.019036
v 1.27776 1.135404 0.019036
v 1.283999 1.127273 0.019036
v 1.287921 1.117805 0.019036
v 1.258109 1.137908 0.011035
v 1.295193 1.107644 0.02861
v 1.293052 1.107644 0.025155
v 1.289259 1.107644 0.019036
v 1.28513 1.107644 0.014868
v 1.265666 1.134778 0.011035
v 1.272155 1.129799 0.011035
v 1.277134 1.12331 0.011035
v 1.280264 1.115753 0.011035
v 1.281332 1.107644 0.011035
v 1.255646 1.128716 0.00501
v 1.260908 1.126536 0.00501
v 1.265426 1.123069 0.00501
v 1.268893 1.118551 0.00501
v 1.252897 1.118454 0.001269
v -1.252897 1.118454 0.001269
v -1.255646 1.128716 0.00501
v -1.258109 1.137908 0.011035
v -1.260161 1.145565 0.019036
v -1.261697 1.151297 0.02861
v -1.272597 1.146782 0.02861
v -1.274417 1.149936 0.039268
v -1.262639 1.154814 0.039268
v -1.297171 1.120283 0.039268
v -1.284531 1.142175 0.039268
v -1.298835 1.107644 0.039268
v -1.298103 1.107644 0.037125
v -1.293653 1.119341 0.02861
v -1.269629 1.141643 0.019036
v -1.287921 1.117805 0.019036
v -1.293052 1.107644 0.025155
v -1.295193 1.107644 0.02861
v -1.265666 1.134778 0.011035
v -1.280264 1.115753 0.011035
v -1.28513 1.107644 0.014868
v -1.289259 1.107644 0.019036
v -1.260908 1.126536 0.00501
v -1.271072 1.11329 0.00501
v -1.274852 1.107644 0.006932
v -1.281332 1.107644 0.011035
v -1.255596 1.117336 0.001269
v -1.261192 1.107644 0.001269
v -1.26081 1.11054 0.001269
v -1.262884 1.107644 0.001865
v -1.271815 1.107644 0.00501
v -1.292292 1.132061 0.039268
v -1.289139 1.13024 0.02861
v -1.281957 1.1396 0.02861
v -1.283999 1.127273 0.019036
v -1.27776 1.135404 0.019036
v -1.277134 1.12331 0.011035
v -1.272155 1.129799 0.011035
v -1.268893 1.118551 0.00501
v -1.265426 1.123069 0.00501
v -1.259692 1.113239 0.001269
v -1.257914 1.115557 0.001269
v -1.305292 -1.114827 0.071551
v -1.301749 -1.112013 0.063107
v -1.30148 -1.111342 0.061095
v -1.3 -1.107644 0.05
v -1.306848 -1.116063 0.075257
v -1.311245 -1.117948 0.080912
v -1.314888 -1.119509 0.085597
v -1.319073 -1.120565 0.088766
v -1.325256 -1.122126 0.093448
v -1.32843 -1.122559 0.094745
v -1.337224 -1.123757 0.09834
v -1.338898 -1.123829 0.098558
v -1.336393 -1.135398 0.099544
v -1.323718 -1.13387 0.094193
v -1.31287 -1.131422 0.085657
v -1.304646 -1.128208 0.074522
v -1.260954 -1.155541 0.042017
v -1.265662 -1.159207 0.065044
v -1.277042 -1.154038 0.062815
v -1.271318 -1.15186 0.042631
v -1.262941 -1.155283 0.04206
v -1.286904 -1.146159 0.061449
v -1.28066 -1.146072 0.043595
v -1.275 -1.150356 0.042881
v -1.294612 -1.136079 0.061035
v -1.288559 -1.1384 0.044874
v -1.285355 -1.142518 0.044188
v -1.298519 -1.118736 0.048151
v -1.298296 -1.120409 0.047873
v -1.299669 -1.124447 0.0616
v -1.294624 -1.129153 0.046415
v -1.293301 -1.132303 0.04589
v -1.29994 -1.139611 0.075376
v -1.293016 -1.149573 0.077768
v -1.2843 -1.157486 0.081551
v -1.274323 -1.162866 0.086494
v -1.308919 -1.142639 0.087792
v -1.303267 -1.152506 0.091878
v -1.296242 -1.160445 0.097676
v -1.288257 -1.165995 0.104848
v -1.320872 -1.144952 0.097343
v -1.316879 -1.154748 0.102721
v -1.311965 -1.162707 0.110025
v -1.306405 -1.168379 0.118842
v -1.334904 -1.146398 0.103344
v -1.332839 -1.156152 0.10953
v -1.330312 -1.164121 0.117761
v -1.327463 -1.169869 0.127585
v 1.298835 -1.107644 0.039268
v 1.298103 -1.107644 0.037125
v 1.295193 -1.107644 0.02861
v 1.293052 -1.107644 0.025155
v 1.289259 -1.107644 0.019036
v 1.28513 -1.107644 0.014868
v 1.281332 -1.107644 0.011035
v 1.274852 -1.107644 0.006932
v 1.271815 -1.107644 0.00501
v 1.262884 -1.107644 0.001865
v 1.261192 -1.107644 0.001269
v -1.261192 -1.107644 0.001269
v -1.262884 -1.107644 0.001865
v -1.271815 -1.107644 0.00501
v -1.274852 -1.107644 0.006932
v -1.281332 -1.107644 0.011035
v -1.28513 -1.107644 0.014868
v -1.289259 -1.107644 0.019036
v -1.293052 -1.107644 0.025155
v -1.295193 -1.107644 0.02861
v -1.298103 -1.107644 0.037125
v -1.298835 -1.107644 0.039268
v 1.252897 -1.118454 0.001269
v 1.25 -1.118835 0.001269
v 1.25 -1.119235 0.001409
v 1.25 -1.130176 0.005464
v 1.25 -1.129459 0.00501
v 1.255646 -1.128716 0.00501
v 1.25 -1.139872 0.011939
v 1.25 -1.138976 0.011035
v 1.258109 -1.137908 0.011035
v 1.25 -1.147797 0.02048
v 1.25 -1.146903 0.019036
v 1.260161 -1.145565 0.019036
v 1.25 -1.153523 0.030619
v 1.25 -1.152837 0.02861
v 1.261697 -1.151297 0.02861
v 1.272597 -1.146782 0.02861
v 1.274417 -1.149936 0.039268
v 1.262639 -1.154814 0.039268
v 1.297171 -1.120283 0.039268
v 1.284531 -1.142175 0.039268
v 1.25 -1.156478 0.039268
v 1.293653 -1.119341 0.02861
v 1.269629 -1.141643 0.019036
v 1.287921 -1.117805 0.019036
v 1.265666 -1.134778 0.011035
v 1.280264 -1.115753 0.011035
v 1.260908 -1.126536 0.00501
v 1.271072 -1.11329 0.00501
v 1.255596 -1.117336 0.001269
v 1.26081 -1.11054 0.001269
v 1.292292 -1.132061 0.039268
v 1.289139 -1.13024 0.02861
v 1.281957 -1.1396 0.02861
v 1.283999 -1.127273 0.019036
v 1.27776 -1.135404 0.019036
v 1.277134 -1.12331 0.011035
v 1.272155 -1.129799 0.011035
v 1.268893 -1.118551 0.00501
v 1.265426 -1.123069 0.00501
v 1.259692 -1.113239 0.001269
v 1.257914 -1.115557 0.001269
v -1.260083 -1.112499 0.001269
v -1.260911 -1.110134 0.001269
v -1.256978 -1.116394 0.001269
v -1.25875 -1.114622 0.001269
v -1.254856 -1.117727 0.001269
v -1.271268 -1.112498 0.00501
v -1.29761 -1.11851 0.039268
v -1.293999 -1.128832 0.039268
v -1.28818 -1.138092 0.039268
v -1.280448 -1.145824 0.039268
v -1.271189 -1.151642 0.039268
v -1.260867 -1.155254 0.039268
v -1.25 -1.156478 0.039268
v -1.25 -1.147797 0.02048
v -1.25 -1.152837 0.02861
v -1.260056 -1.151704 0.02861
v -1.25 -1.153523 0.030619
v -1.29406 -1.1177 0.02861
v -1.290718 -1.127252 0.02861
v -1.285334 -1.135821 0.02861
v -1.278178 -1.142977 0.02861
v -1.269609 -1.148362 0.02861
v -1.25 -1.139872 0.011939
v -1.25 -1.146903 0.019036
v -1.258736 -1.145918 0.019036
v -1.267034 -1.143015 0.019036
v -1.274478 -1.138337 0.019036
v -1.280694 -1.132121 0.019036
v -1.285371 -1.124678 0.019036
v -1.288275 -1.11638 0.019036
v -1.25 -1.130176 0.005464
v -1.25 -1.138976 0.011035
v -1.256972 -1.13819 0.011035
v -1.263595 -1.135873 0.011035
v -1.269535 -1.13214 0.011035
v -1.274496 -1.127179 0.011035
v -1.278229 -1.121238 0.011035
v -1.280547 -1.114616 0.011035
v -1.25 -1.119235 0.001409
v -1.25 -1.129459 0.00501
v -1.254854 -1.128912 0.00501
v -1.259465 -1.127299 0.00501
v -1.263602 -1.1247 0.00501
v -1.267056 -1.121245 0.00501
v -1.269655 -1.117109 0.00501
v -1.25 -1.118835 0.001269
v -1.25249 -1.118555 0.001269
v 2.15 -0.65 0.1
v 2.15 0.65 0.1
newmtl 2
Ka 0.7803921568627451 0.7803921568627451 0.7803921568627451
Kd 0.7803921568627451 0.7803921568627451 0.7803921568627451
Ks 0.38823529411764707 0.38823529411764707 0.38823529411764707
d 0.0
endmtl
v 1.410427 -0.65 -0.1
v 1.410427 0.65 -0.1
v 2.201764 0.65 1.093185
v 2.25 0.65 1.073205
v 2.291421 0.65 1.041421
v 2.323205 0.65 1.0
v 2.343185 0.65 0.951764
v 2.35 0.65 0.9
v 2.35 -0.65 0.9
v 2.343185 -0.65 0.951764
v 2.323205 -0.65 1.0
v 2.291421 -0.65 1.041421
v 2.25 -0.65 1.073205
v 2.201764 -0.65 1.093185
v 2.35 0.65 0.1
v 2.35 -0.65 0.1
v 2.343185 0.65 0.048236
v 2.323205 0.65 0.0
v 2.291421 0.65 -0.041421
v 2.25 0.65 -0.073205
v 2.201764 0.65 -0.093185
v 2.15 0.65 -0.1
v 2.15 -0.65 -0.1
v 2.201764 -0.65 -0.093185
v 2.25 -0.65 -0.073205
v 2.291421 -0.65 -0.041421
v 2.323205 -0.65 0.0
v 2.343185 -0.65 0.048236
v -2.15 0.65 0.1
v -2.15 -0.65 0.1
v -1.410427 0.65 -0.1
v -1.410427 -0.65 -0.1
v -2.35 0.65 0.9
v -2.35 -0.65 0.9
v -2.343185 -0.65 0.951764
v -2.343185 0.65 0.951764
v -2.323205 -0.65 1.0
v -2.323205 0.65 1.0
v -2.291421 -0.65 1.041421
v -2.291421 0.65 1.041421
v -2.25 -0.65 1.073205
v -2.25 0.65 1.073205
v -2.201764 -0.65 1.093185
v -2.201764 0.65 1.093185
v -2.35 -0.65 0.1
v -2.35 0.65 0.1
v -2.15 0.65 -0.1
v -2.15 -0.65 -0.1
v -2.201764 -0.65 -0.093185
v -2.201764 0.65 -0.093185
v -2.25 -0.65 -0.073205
v -2.25 0.65 -0.073205
v -2.291421 -0.65 -0.041421
v -2.291421 0.65 -0.041421
v -2.323205 -0.65 0.0
v -2.323205 0.65 0.0
v -2.343185 -0.65 0.048236
v -2.343185 0.65 0.048236
v -1.377096 -1.107644 1.999
v -1.377096 1.107644 1.999
newmtl 3
Ka 0.8509803921568627 0.8509803921568627 0.8509803921568627
Kd 0.8509803921568627 0.8509803921568627 0.8509803921568627
Ks 0.4235294117647059 0.4235294117647059 0.4235294117647059
d 0.0
endmtl
v -1.309159 1.107644 1.999
v -1.309159 -1.107644 1.999
v -1.477096 -1.107644 1.999
v -1.477096 1.107644 1.999
v -1.409159 1.107644 1.999
v -1.409159 -1.107644 1.999
v -1.577096 -1.107644 1.999
v -1.577096 1.107644 1.999
v -1.509159 1.107644 1.999
v -1.509159 -1.107644 1.999
v 2.069734 0.03545 1.587677
v 2.07164 0.03545 1.576241
v 2.068748 0.03545 1.587512
newmtl 4
Ka 1.0 1.0 1.0
Kd 1.0 1.0 1.0
Ks 0.5019607843137255 0.5019607843137255 0.5019607843137255
d 0.0
endmtl
v 2.070654 0.03545 1.576077
v 2.069734 -0.005049 1.587677
v 2.068748 -0.005049 1.587512
v 2.054923 -0.005049 1.676546
v 2.053936 -0.005049 1.676382
v 2.054923 -0.018175 1.676546
v 2.053936 -0.018175 1.676382
v 2.07164 -0.018175 1.576241
v 2.070654 -0.018175 1.576077
v 2.071922 0.087594 1.574549
v 2.070936 0.087594 1.574385
v 2.070901 0.093808 1.574595
v 2.071887 0.093808 1.574759
v 2.070797 0.099578 1.57522
v 2.071783 0.099578 1.575385
v 2.07063 0.104784 1.576223
v 2.071616 0.104784 1.576388
v 2.070405 0.109476 1.57757
v 2.071391 0.109476 1.577735
v 2.070127 0.113701 1.579236
v 2.071114 0.113701 1.579401
v 2.069962 0.115745 1.580231
v 2.070948 0.115745 1.580395
v 2.06888 0.115745 1.592805
v 2.067893 0.115745 1.592641
v 2.068235 0.111912 1.590591
v 2.069221 0.111912 1.590755
v 2.068515 0.107858 1.588912
v 2.069501 0.107858 1.589076
v 2.068733 0.10357 1.5876
v 2.06972 0.10357 1.587765
v 2.06889 0.099027 1.586658
v 2.069877 0.099027 1.586823
v 2.068984 0.094204 1.586095
v 2.069971 0.094204 1.586259
v 2.069013 0.089491 1.585923
v 2.069999 0.089491 1.586087
v 2.068978 0.085062 1.586134
v 2.069964 0.085062 1.586298
v 2.068873 0.080896 1.586762
v 2.06986 0.080896 1.586926
v 2.068703 0.077057 1.587779
v 2.06969 0.077057 1.587943
v 2.068472 0.073509 1.589166
v 2.069459 0.073509 1.589331
v 2.068181 0.070221 1.590915
v 2.069167 0.070221 1.59108
v 2.067829 0.067165 1.593029
v 2.068815 0.067165 1.593193
v 2.067414 0.06432 1.595519
v 2.0684 0.06432 1.595683
v 2.067252 0.063368 1.596487
v 2.068238 0.063368 1.596651
v 2.066763 0.060904 1.599421
v 2.06775 0.060904 1.599586
v 2.066231 0.05879 1.602612
v 2.067218 0.05879 1.602776
v 2.065656 0.057023 1.606061
v 2.066643 0.057023 1.606226
v 2.065034 0.055597 1.609794
v 2.066021 0.055597 1.609959
v 2.06436 0.054512 1.613841
v 2.065346 0.054512 1.614006
v 2.063627 0.05378 1.618236
v 2.064614 0.05378 1.6184
v 2.062831 0.05342 1.623015
v 2.063817 0.05342 1.62318
v 2.062483 0.053386 1.625101
v 2.063469 0.053386 1.625265
v 2.061617 0.053599 1.630299
v 2.062603 0.053599 1.630463
v 2.060806 0.054236 1.635163
v 2.061793 0.054236 1.635327
v 2.060066 0.055261 1.639607
v 2.061052 0.055261 1.639771
v 2.059388 0.05665 1.643669
v 2.060375 0.05665 1.643834
v 2.058769 0.058384 1.647388
v 2.059755 0.058384 1.647553
v 2.058201 0.060456 1.650797
v 2.059187 0.060456 1.650962
v 2.057679 0.062865 1.653924
v 2.058666 0.062865 1.654088
v 2.057458 0.064069 1.655254
v 2.058444 0.064069 1.655418
v 2.057 0.067008 1.658002
v 2.057986 0.067008 1.658167
v 2.056608 0.070155 1.660354
v 2.057594 0.070155 1.660519
v 2.056283 0.073482 1.662299
v 2.05727 0.073482 1.662464
v 2.056023 0.077004 1.663859
v 2.05701 0.077004 1.664024
v 2.055825 0.080745 1.665047
v 2.056812 0.080745 1.665212
v 2.055689 0.084732 1.665865
v 2.056675 0.084732 1.666029
v 2.055616 0.088998 1.666305
v 2.056602 0.088998 1.66647
v 2.055603 0.091779 1.666382
v 2.056589 0.091779 1.666546
v 2.055639 0.09667 1.66617
v 2.056625 0.09667 1.666334
v 2.055744 0.101384 1.665534
v 2.056731 0.101384 1.665698
v 2.055918 0.10587 1.664491
v 2.056905 0.10587 1.664655
v 2.056158 0.110157 1.663049
v 2.057145 0.110157 1.663214
v 2.056465 0.114272 1.66121
v 2.057451 0.114272 1.661375
v 2.056594 0.115745 1.660433
v 2.057581 0.115745 1.660598
v 2.055324 0.115745 1.674136
v 2.054338 0.115745 1.673971
v 2.054097 0.111818 1.675416
v 2.055084 0.111818 1.675581
v 2.053907 0.107477 1.676557
v 2.054894 0.107477 1.676721
v 2.053766 0.102594 1.677401
v 2.054753 0.102594 1.677565
v 2.05368 0.097118 1.677918
v 2.054667 0.097118 1.678082
v 2.053654 0.091649 1.678074
v 2.054641 0.091649 1.678238
v 2.05369 0.086338 1.677862
v 2.054676 0.086338 1.678027
v 2.053795 0.081275 1.67723
v 2.054781 0.081275 1.677395
v 2.053967 0.076524 1.676201
v 2.054953 0.076524 1.676365
v 2.054201 0.072056 1.674791
v 2.055188 0.072056 1.674955
v 2.054498 0.067844 1.673009
v 2.055485 0.067844 1.673173
v 2.054857 0.063864 1.670857
v 2.055844 0.063864 1.671021
v 2.055279 0.060095 1.66833
v 2.056265 0.060095 1.668494
v 2.055764 0.05652 1.665414
v 2.056751 0.05652 1.665579
v 2.056116 0.054296 1.663305
v 2.057102 0.054296 1.663469
v 2.056688 0.051183 1.659874
v 2.057674 0.051183 1.660038
v 2.057298 0.048446 1.656212
v 2.058284 0.048446 1.656376
v 2.057944 0.046089 1.652335
v 2.058931 0.046089 1.652499
v 2.058629 0.044098 1.648226
v 2.059615 0.044098 1.64839
v 2.059356 0.042467 1.643865
v 2.060342 0.042467 1.64403
v 2.060129 0.041193 1.639229
v 2.061115 0.041193 1.639393
v 2.060952 0.040284 1.634289
v 2.061938 0.040284 1.634453
v 2.061831 0.039751 1.629015
v 2.062817 0.039751 1.629179
v 2.062611 0.039609 1.624332
v 2.063598 0.039609 1.624496
v 2.06355 0.039823 1.618697
v 2.064537 0.039823 1.618862
v 2.064437 0.040462 1.613377
v 2.065424 0.040462 1.613541
v 2.065257 0.041495 1.608457
v 2.066244 0.041495 1.608621
v 2.066016 0.0429 1.603904
v 2.067003 0.0429 1.604068
v 2.066719 0.044661 1.599686
v 2.067705 0.044661 1.59985
v 2.067371 0.046767 1.595772
v 2.068358 0.046767 1.595936
v 2.067977 0.049218 1.592138
v 2.068963 0.049218 1.592302
v 2.068512 0.051866 1.588929
v 2.069498 0.051866 1.589093
v 2.068654 0.052658 1.588076
v 2.06964 0.052658 1.588241
v 2.069154 0.055818 1.585075
v 2.070141 0.055818 1.585239
v 2.069592 0.05921 1.582449
v 2.070578 0.05921 1.582613
v 2.069965 0.062811 1.580208
v 2.070952 0.062811 1.580373
v 2.070277 0.066636 1.578336
v 2.071264 0.066636 1.5785
v 2.07053 0.070705 1.576822
v 2.071516 0.070705 1.576986
v 2.070723 0.075044 1.575664
v 2.071709 0.075044 1.575829
v 2.070855 0.07968 1.574869
v 2.071842 0.07968 1.575033
v 2.070925 0.084643 1.574449
v 2.071912 0.084643 1.574613
v 2.069734 0.19079 1.587677
v 2.07164 0.19079 1.576241
v 2.068748 0.19079 1.587512
v 2.070654 0.19079 1.576077
v 2.069734 0.149226 1.587677
v 2.068748 0.149226 1.587512
v 2.064111 0.149226 1.621419
v 2.063124 0.149226 1.621255
v 2.064111 0.185591 1.621419
v 2.063124 0.185591 1.621255
v 2.062196 0.185591 1.632906
v 2.06121 0.185591 1.632742
v 2.062196 0.149226 1.632906
v 2.06121 0.149226 1.632742
v 2.056846 0.149226 1.665008
v 2.055859 0.149226 1.664844
v 2.056846 0.188476 1.665008
v 2.055859 0.188476 1.664844
v 2.054923 0.188476 1.676546
v 2.053936 0.188476 1.676382
v 2.054923 0.136099 1.676546
v 2.053936 0.136099 1.676382
v 2.07164 0.136099 1.576241
v 2.070654 0.136099 1.576077
v 2.069196 0.256798 1.590907
v 2.070794 0.263837 1.58132
v 2.068912 0.260489 1.59261
v 2.070438 0.268065 1.583454
v 2.068575 0.263831 1.594635
v 2.070023 0.272032 1.585946
v 2.068184 0.266858 1.596979
v 2.069547 0.275759 1.588801
v 2.067991 0.268122 1.598138
v 2.069299 0.277454 1.590292
v 2.067532 0.270692 1.600891
v 2.068752 0.280704 1.593572
v 2.067029 0.272913 1.60391
v 2.068168 0.283562 1.597076
v 2.066481 0.274787 1.607195
v 2.067551 0.286015 1.600778
v 2.065886 0.276325 1.610769
v 2.061514 0.278133 1.637
v 2.060634 0.290882 1.642279
v 2.06082 0.277109 1.641163
v 2.059929 0.289453 1.646509
v 2.060199 0.275735 1.644889
v 2.059271 0.287655 1.650456
v 2.059643 0.274032 1.648223
v 2.058656 0.285489 1.654148
v 2.059146 0.272011 1.651206
v 2.058079 0.282952 1.657609
v 2.057538 0.280029 1.660856
v 2.058702 0.269675 1.653872
v 2.057137 0.277454 1.663264
v 2.058419 0.267836 1.655572
v 2.056639 0.273685 1.66625
v 2.058021 0.264686 1.65796
v 2.056205 0.269699 1.668852
v 2.057681 0.261278 1.659998
v 2.055836 0.265512 1.671066
v 2.057398 0.257599 1.661692
v 2.05553 0.261106 1.672903
v 2.057172 0.253624 1.663048
v 2.055285 0.256461 1.674372
v 2.057004 0.249324 1.66406
v 2.055102 0.251554 1.67547
v 2.056894 0.244662 1.664718
v 2.054982 0.246358 1.676192
v 2.056848 0.239729 1.664997
v 2.054926 0.240845 1.676525
v 2.056846 0.238489 1.665008
v 2.054923 0.239009 1.676546
v 2.056846 0.223126 1.665008
v 2.054923 0.209999 1.676546
v 2.069734 0.223126 1.587677
v 2.07164 0.209999 1.576241
v 2.069734 0.237891 1.587677
v 2.07164 0.237969 1.576241
v 2.069699 0.243242 1.587889
v 2.071604 0.243798 1.576455
v 2.069593 0.248219 1.588522
v 2.071498 0.249335 1.577093
v 2.069424 0.252723 1.589538
v 2.071326 0.254501 1.578128
v 2.07109 0.259325 1.579542
v 2.066898 0.288083 1.604692
v 2.066208 0.289777 1.608835
v 2.065237 0.277526 1.614661
v 2.065475 0.291101 1.613229
v 2.064529 0.278381 1.618906
v 2.064698 0.292052 1.617899
v 2.063756 0.278873 1.623543
v 2.063868 0.29262 1.622873
v 2.063128 0.278987 1.627317
v 2.063068 0.29279 1.627676
v 2.062289 0.278772 1.632351
v 2.062207 0.292574 1.632843
v 2.061392 0.291929 1.637734
v 2.057034 0.264686 1.657795
v 2.055652 0.273685 1.666086
v 2.057432 0.267836 1.655408
v 2.05615 0.277454 1.6631
v 2.057715 0.269675 1.653708
v 2.056551 0.280029 1.660692
v 2.05816 0.272011 1.651042
v 2.057093 0.282952 1.657444
v 2.058657 0.274032 1.648059
v 2.057669 0.285489 1.653984
v 2.059213 0.275735 1.644724
v 2.058285 0.287655 1.650292
v 2.059834 0.277109 1.640998
v 2.067926 0.260489 1.592445
v 2.069807 0.263837 1.581155
v 2.068209 0.256798 1.590743
v 2.070104 0.259325 1.579377
v 2.068438 0.252723 1.589373
v 2.070339 0.254501 1.577964
v 2.068607 0.248219 1.588357
v 2.070512 0.249335 1.576928
v 2.068713 0.243242 1.587725
v 2.070618 0.243798 1.576291
v 2.068748 0.237891 1.587512
v 2.070654 0.237969 1.576077
v 2.068748 0.223126 1.587512
v 2.070654 0.209999 1.576077
v 2.055859 0.223126 1.664844
v 2.053936 0.209999 1.676382
v 2.055859 0.238489 1.664844
v 2.053936 0.239009 1.676382
v 2.055861 0.239729 1.664832
v 2.05394 0.240845 1.67636
v 2.055908 0.244662 1.664553
v 2.053995 0.246358 1.676028
v 2.056017 0.249324 1.663896
v 2.054116 0.251554 1.675306
v 2.056186 0.253624 1.662884
v 2.054299 0.256461 1.674207
v 2.056412 0.257599 1.661528
v 2.054543 0.261106 1.672739
v 2.056694 0.261278 1.659833
v 2.05485 0.265512 1.670901
v 2.055219 0.269699 1.668688
v 2.064251 0.277526 1.614497
v 2.065222 0.289777 1.60867
v 2.064899 0.276325 1.610604
v 2.065912 0.288083 1.604528
v 2.065495 0.274787 1.607031
v 2.066564 0.286015 1.600614
v 2.066042 0.272913 1.603746
v 2.067182 0.283562 1.596911
v 2.066545 0.270692 1.600727
v 2.067765 0.280704 1.593407
v 2.067004 0.268122 1.597974
v 2.068312 0.277454 1.590128
v 2.067198 0.266858 1.596815
v 2.068561 0.275759 1.588637
v 2.067588 0.263831 1.59447
v 2.069036 0.272032 1.585782
v 2.069452 0.268065 1.58329
v 2.058943 0.289453 1.646344
v 2.059648 0.290882 1.642114
v 2.060528 0.278133 1.636835
v 2.060405 0.291929 1.63757
v 2.061302 0.278772 1.632187
v 2.06122 0.292574 1.632679
v 2.062141 0.278987 1.627152
v 2.062081 0.29279 1.627511
v 2.06277 0.278873 1.623379
v 2.062882 0.29262 1.622708
v 2.063543 0.278381 1.618742
v 2.063711 0.292052 1.617734
v 2.064489 0.291101 1.613064
v 2.065179 0.326868 1.615009
v 2.067068 0.322709 1.603676
v 2.065179 0.360998 1.615009
v 2.067068 0.365053 1.603676
v 2.05823 0.342075 1.6567
v 2.054923 0.337162 1.676546
v 2.07164 0.298431 1.576241
v 2.07164 0.312935 1.576241
v 2.057731 0.342955 1.659694
v 2.05706 0.343738 1.663726
v 2.054923 0.351199 1.676546
v 2.05706 0.34405 1.663726
v 2.057767 0.344872 1.659482
v 2.05823 0.345636 1.6567
v 2.07164 0.38993 1.576241
v 2.07164 0.375425 1.576241
v 2.064193 0.360998 1.614845
v 2.057244 0.345636 1.656536
v 2.053936 0.351199 1.676382
v 2.05678 0.344872 1.659318
v 2.056073 0.34405 1.663561
v 2.053936 0.337162 1.676382
v 2.056073 0.343738 1.663561
v 2.056745 0.342955 1.65953
v 2.057244 0.342075 1.656536
v 2.064193 0.326868 1.614845
v 2.070654 0.298431 1.576077
v 2.070654 0.38993 1.576077
v 2.070654 0.375425 1.576077
v 2.066081 0.365053 1.603512
v 2.070654 0.312935 1.576077
v 2.066081 0.322709 1.603512
v 2.096255 0.036516 1.428553
v 2.098161 0.036516 1.417118
v 2.095268 0.036516 1.428389
v 2.097175 0.036516 1.416953
v 2.096255 -0.005049 1.428553
v 2.095268 -0.005049 1.428389
v 2.090631 -0.005049 1.462296
v 2.089645 -0.005049 1.462132
v 2.090631 0.031317 1.462296
v 2.089645 0.031317 1.462132
v 2.088717 0.031317 1.473783
v 2.08773 0.031317 1.473618
v 2.088717 -0.005049 1.473783
v 2.08773 -0.005049 1.473618
v 2.083366 -0.005049 1.505884
v 2.08238 -0.005049 1.50572
v 2.083366 0.034202 1.505884
v 2.08238 0.034202 1.50572
v 2.081443 0.034202 1.517422
v 2.080457 0.034202 1.517258
v 2.081443 -0.018175 1.517422
v 2.080457 -0.018175 1.517258
v 2.098161 -0.018175 1.417118
v 2.097175 -0.018175 1.416953
v 2.098161 0.094326 1.417118
v 2.098161 0.107063 1.417118
v 2.096315 0.094326 1.428194
v 2.090477 0.107063 1.463219
v 2.08775 0.084588 1.479582
v 2.08787 0.086601 1.478861
v 2.086204 0.091833 1.488857
v 2.091542 0.061905 1.456828
v 2.091768 0.059169 1.455473
v 2.093093 0.06645 1.447521
v 2.093281 0.065005 1.446399
v 2.086367 0.094364 1.487882
v 2.08803 0.088325 1.477901
v 2.086566 0.096637 1.486687
v 2.088229 0.089801 1.47671
v 2.086802 0.098675 1.485269
v 2.095967 0.064025 1.430281
v 2.09572 0.062999 1.431762
v 2.097032 0.052385 1.42389
v 2.092022 0.056822 1.453951
v 2.092302 0.054824 1.45227
v 2.093508 0.063821 1.445038
v 2.091347 0.065079 1.458001
v 2.092936 0.068197 1.448465
v 2.091186 0.068741 1.458967
v 2.092792 0.07046 1.449334
v 2.091067 0.072803 1.459681
v 2.087078 0.100497 1.483616
v 2.088468 0.091066 1.475277
v 2.087391 0.102093 1.481735
v 2.088748 0.092125 1.473593
v 2.087755 0.103509 1.479551
v 2.092362 0.054458 1.45191
v 2.092672 0.05284 1.45005
v 2.093767 0.06289 1.44348
v 2.093011 0.051496 1.448016
v 2.09406 0.062212 1.44172
v 2.095078 0.091819 1.435617
v 2.096315 0.093988 1.428194
v 2.095427 0.090487 1.43352
v 2.096484 0.093365 1.427178
v 2.096699 0.077699 1.425889
v 2.098214 0.080613 1.416799
v 2.096622 0.080191 1.426353
v 2.098043 0.083146 1.417826
v 2.096496 0.082478 1.427105
v 2.097827 0.085487 1.419118
v 2.096325 0.084586 1.428135
v 2.093421 0.094319 1.445559
v 2.093873 0.094117 1.442845
v 2.094304 0.093628 1.44026
v 2.094704 0.092863 1.437858
v 2.088172 0.104717 1.477052
v 2.089077 0.092993 1.471621
v 2.088647 0.105701 1.474201
v 2.089461 0.093661 1.469317
v 2.089188 0.106441 1.470953
v 2.096187 0.065317 1.428964
v 2.097983 0.059096 1.418186
v 2.09638 0.066869 1.427807
v 2.098159 0.061464 1.417126
v 2.096529 0.068611 1.426906
v 2.098295 0.064052 1.416315
v 2.096638 0.070554 1.426256
v 2.097338 0.053927 1.422053
v 2.097503 0.054946 1.421066
v 2.097764 0.056924 1.4195
v 2.095134 0.061783 1.435277
v 2.095913 0.049333 1.430607
v 2.095445 0.062249 1.433413
v 2.096324 0.050086 1.428141
v 2.096695 0.051105 1.425911
v 2.09217 0.094326 1.453065
v 2.090571 0.094326 1.462655
v 2.092546 0.077326 1.450809
v 2.092663 0.073348 1.450108
v 2.097566 0.087672 1.420687
v 2.097257 0.089707 1.42254
v 2.096107 0.086537 1.429442
v 2.096898 0.091603 1.424696
v 2.095841 0.088348 1.431039
v 2.095751 0.088868 1.431579
v 2.089803 0.106907 1.467262
v 2.089908 0.094112 1.466633
v 2.090429 0.094317 1.463511
v 2.093315 0.094326 1.446194
v 2.098387 0.066884 1.415757
v 2.098436 0.069991 1.415466
v 2.096704 0.07273 1.42586
v 2.098443 0.071738 1.415425
v 2.096725 0.075039 1.425733
v 2.098417 0.074899 1.415581
v 2.098339 0.077873 1.416046
v 2.09338 0.050417 1.445803
v 2.093782 0.049596 1.443391
v 2.094393 0.061786 1.439728
v 2.094222 0.049035 1.440754
v 2.094793 0.061626 1.437322
v 2.086079 0.089012 1.489607
v 2.085994 0.085868 1.490119
v 2.087674 0.082239 1.480039
v 2.085952 0.082361 1.490373
v 2.087648 0.079614 1.480193
v 2.085948 0.080809 1.490398
v 2.087652 0.078343 1.480172
v 2.085974 0.076524 1.490241
v 2.087697 0.074942 1.479904
v 2.086052 0.072412 1.489773
v 2.087793 0.071621 1.479327
v 2.086179 0.068527 1.489008
v 2.087941 0.068365 1.478438
v 2.086354 0.06485 1.487958
v 2.088143 0.06516 1.477227
v 2.086575 0.061361 1.486631
v 2.088401 0.061995 1.475679
v 2.086843 0.058044 1.485027
v 2.088718 0.058861 1.473773
v 2.087059 0.055803 1.483731
v 2.089093 0.055803 1.471527
v 2.094703 0.048745 1.437863
v 2.094964 0.048707 1.436297
v 2.095457 0.048864 1.433343
v 2.087732 0.058861 1.473608
v 2.088106 0.055803 1.471362
v 2.086072 0.055803 1.483567
v 2.087044 0.088325 1.477736
v 2.08558 0.096637 1.486523
v 2.087242 0.089801 1.476546
v 2.085816 0.098675 1.485104
v 2.087481 0.091066 1.475112
v 2.093318 0.093628 1.440095
v 2.092886 0.094117 1.44268
v 2.089491 0.107063 1.463055
v 2.09498 0.064025 1.430117
v 2.096046 0.052385 1.423725
v 2.094734 0.062999 1.431597
v 2.095709 0.051105 1.425746
v 2.094459 0.062249 1.433249
v 2.086091 0.100497 1.483451
v 2.086405 0.102093 1.481571
v 2.087762 0.092125 1.473429
v 2.086769 0.103509 1.479386
v 2.088091 0.092993 1.471456
v 2.086688 0.082239 1.479874
v 2.085008 0.085868 1.489954
v 2.086764 0.084588 1.479418
v 2.085093 0.089012 1.489442
v 2.086884 0.086601 1.478697
v 2.085218 0.091833 1.488693
v 2.08538 0.094364 1.487718
v 2.093718 0.092863 1.437694
v 2.095328 0.094326 1.42803
v 2.097175 0.094326 1.416953
v 2.097175 0.107063 1.416953
v 2.092294 0.065005 1.446235
v 2.090782 0.059169 1.455309
v 2.092107 0.06645 1.447357
v 2.090556 0.061905 1.456664
v 2.09195 0.068197 1.448301
v 2.090361 0.065079 1.457836
v 2.091805 0.07046 1.449169
v 2.0902 0.068741 1.458802
v 2.091676 0.073348 1.449944
v 2.090081 0.072803 1.459516
v 2.092521 0.063821 1.444874
v 2.091316 0.054824 1.452106
v 2.091035 0.056822 1.453786
v 2.0952 0.065317 1.428799
v 2.096516 0.054946 1.420902
v 2.096352 0.053927 1.421889
v 2.095393 0.066869 1.427643
v 2.096996 0.059096 1.418022
v 2.096777 0.056924 1.419335
v 2.091183 0.094326 1.452901
v 2.088817 0.106907 1.467098
v 2.092328 0.094326 1.446029
v 2.092434 0.094319 1.445394
v 2.092781 0.06289 1.443316
v 2.091686 0.05284 1.449886
v 2.091376 0.054458 1.451746
v 2.087185 0.104717 1.476888
v 2.087661 0.105701 1.474037
v 2.088475 0.093661 1.469153
v 2.088202 0.106441 1.470788
v 2.088922 0.094112 1.466468
v 2.089442 0.094317 1.463347
v 2.095337 0.050086 1.427976
v 2.094926 0.049333 1.430443
v 2.094148 0.061783 1.435113
v 2.089585 0.094326 1.462491
v 2.091559 0.077326 1.450645
v 2.087414 0.061995 1.475514
v 2.085856 0.058044 1.484862
v 2.087156 0.06516 1.477062
v 2.085589 0.061361 1.486466
v 2.086954 0.068365 1.478274
v 2.085368 0.06485 1.487794
v 2.086806 0.071621 1.479163
v 2.085193 0.068527 1.488844
v 2.08671 0.074942 1.479739
v 2.085065 0.072412 1.489608
v 2.086665 0.078343 1.480008
v 2.084987 0.076524 1.490077
v 2.086662 0.079614 1.480028
v 2.084961 0.080809 1.490233
v 2.084965 0.082361 1.490209
v 2.093406 0.061786 1.439564
v 2.092796 0.049596 1.443226
v 2.093074 0.062212 1.441556
v 2.092394 0.050417 1.445639
v 2.092025 0.051496 1.447852
v 2.09447 0.048864 1.433179
v 2.093978 0.048707 1.436132
v 2.093807 0.061626 1.437158
v 2.093717 0.048745 1.437699
v 2.093235 0.049035 1.44059
v 2.095498 0.093365 1.427014
v 2.095912 0.091603 1.424531
v 2.09512 0.086537 1.429278
v 2.096271 0.089707 1.422376
v 2.095338 0.084586 1.42797
v 2.09658 0.087672 1.420523
v 2.09551 0.082478 1.426941
v 2.096841 0.085487 1.418954
v 2.095635 0.080191 1.426188
v 2.095717 0.07273 1.425696
v 2.09745 0.069991 1.415301
v 2.095651 0.070554 1.426092
v 2.097401 0.066884 1.415593
v 2.095543 0.068611 1.426741
v 2.097308 0.064052 1.416151
v 2.097173 0.061464 1.416962
v 2.097056 0.083146 1.417662
v 2.097228 0.080613 1.416634
v 2.095713 0.077699 1.425724
v 2.097353 0.077873 1.415882
v 2.095739 0.075039 1.425568
v 2.09743 0.074899 1.415417
v 2.097456 0.071738 1.415261
v 2.094854 0.088348 1.430874
v 2.094764 0.088868 1.431414
v 2.095328 0.093988 1.42803
v 2.094441 0.090487 1.433356
v 2.094091 0.091819 1.435453
v 2.096734 0.145274 1.425682
v 2.095747 0.145274 1.425517
v 2.095722 0.142016 1.425666
v 2.096709 0.142016 1.42583
v 2.095648 0.138829 1.426111
v 2.096635 0.138829 1.426275
v 2.095526 0.135724 1.426848
v 2.096512 0.135724 1.427012
v 2.095354 0.132685 1.427876
v 2.09634 0.132685 1.428041
v 2.095133 0.129696 1.429203
v 2.096119 0.129696 1.429368
v 2.09486 0.126745 1.430841
v 2.095846 0.126745 1.431005
v 2.094593 0.124323 1.43244
v 2.09558 0.124323 1.432605
v 2.097742 0.124323 1.419631
v 2.096756 0.124323 1.419466
v 2.096979 0.127378 1.418127
v 2.097965 0.127378 1.418292
v 2.09716 0.130609 1.41704
v 2.098146 0.130609 1.417204
v 2.097299 0.134032 1.416205
v 2.098286 0.134032 1.416369
v 2.097395 0.137665 1.415627
v 2.098382 0.137665 1.415791
v 2.097447 0.141527 1.415315
v 2.098434 0.141527 1.41548
v 2.097456 0.144027 1.415261
v 2.098443 0.144027 1.415425
v 2.097432 0.148076 1.415408
v 2.098418 0.148076 1.415572
v 2.097359 0.151857 1.415846
v 2.098346 0.151857 1.41601
v 2.097242 0.155297 1.416549
v 2.098228 0.155297 1.416713
v 2.097084 0.158424 1.417498
v 2.09807 0.158424 1.417663
v 2.096887 0.161266 1.418677
v 2.097873 0.161266 1.418842
v 2.096654 0.163847 1.420077
v 2.09764 0.163847 1.420241
v 2.096508 0.165186 1.420953
v 2.097494 0.165186 1.421118
v 2.096243 0.167239 1.42254
v 2.09723 0.167239 1.422704
v 2.095954 0.168988 1.424273
v 2.096941 0.168988 1.424437
v 2.095647 0.170415 1.426115
v 2.096634 0.170415 1.426279
v 2.095321 0.171548 1.428073
v 2.096308 0.171548 1.428237
v 2.094974 0.172404 1.430158
v 2.09596 0.172404 1.430322
v 2.094602 0.172993 1.432386
v 2.095589 0.172993 1.432551
v 2.094203 0.173314 1.43478
v 2.09519 0.173314 1.434944
v 2.093927 0.173374 1.43644
v 2.094913 0.173374 1.436604
v 2.0935 0.173225 1.438998
v 2.094487 0.173225 1.439162
v 2.093103 0.172782 1.441383
v 2.094089 0.172782 1.441548
v 2.09274 0.172067 1.443561
v 2.093726 0.172067 1.443725
v 2.092407 0.17109 1.445556
v 2.093394 0.17109 1.44572
v 2.092101 0.169855 1.447392
v 2.093088 0.169855 1.447557
v 2.091952 0.169111 1.448286
v 2.092939 0.169111 1.44845
v 2.091695 0.16751 1.449832
v 2.092681 0.16751 1.449997
v 2.091436 0.165469 1.451386
v 2.092422 0.165469 1.45155
v 2.091164 0.162839 1.453019
v 2.09215 0.162839 1.453183
v 2.090879 0.159532 1.454727
v 2.091865 0.159532 1.454892
v 2.090582 0.155449 1.456506
v 2.091569 0.155449 1.456671
v 2.090405 0.152683 1.457568
v 2.091392 0.152683 1.457732
v 2.090026 0.147154 1.459845
v 2.091012 0.147154 1.46001
v 2.089748 0.143717 1.46151
v 2.090735 0.143717 1.461674
v 2.089528 0.141484 1.462831
v 2.090515 0.141484 1.462996
v 2.08938 0.14031 1.463721
v 2.090366 0.14031 1.463886
v 2.089194 0.139243 1.464836
v 2.090181 0.139243 1.465
v 2.08898 0.138435 1.466119
v 2.089967 0.138435 1.466283
v 2.08874 0.137886 1.467562
v 2.089726 0.137886 1.467727
v 2.088467 0.137585 1.4692
v 2.089453 0.137585 1.469365
v 2.088269 0.137528 1.470388
v 2.089255 0.137528 1.470552
v 2.087998 0.137677 1.472011
v 2.088985 0.137677 1.472175
v 2.087749 0.138118 1.473504
v 2.088736 0.138118 1.473668
v 2.087526 0.138834 1.474846
v 2.088512 0.138834 1.475011
v 2.087323 0.139826 1.47606
v 2.08831 0.139826 1.476224
v 2.087144 0.141076 1.477134
v 2.088131 0.141076 1.477298
v 2.087106 0.141401 1.477362
v 2.088093 0.141401 1.477526
v 2.086942 0.14308 1.478349
v 2.087928 0.14308 1.478513
v 2.086815 0.144959 1.479108
v 2.087802 0.144959 1.479272
v 2.086725 0.147082 1.479648
v 2.087712 0.147082 1.479813
v 2.086674 0.149488 1.479959
v 2.08766 0.149488 1.480123
v 2.086662 0.151435 1.480028
v 2.087648 0.151435 1.480193
v 2.086687 0.154849 1.479881
v 2.087673 0.154849 1.480045
v 2.08676 0.158126 1.47944
v 2.087747 0.158126 1.479604
v 2.08688 0.161242 1.478718
v 2.087867 0.161242 1.478882
v 2.087046 0.164215 1.477722
v 2.088033 0.164215 1.477886
v 2.087258 0.167063 1.476452
v 2.088244 0.167063 1.476617
v 2.087525 0.169891 1.474849
v 2.088512 0.169891 1.475013
v 2.086477 0.169891 1.487218
v 2.085491 0.169891 1.487054
v 2.085294 0.166592 1.488232
v 2.086281 0.166592 1.488397
v 2.085144 0.163183 1.489135
v 2.086131 0.163183 1.489299
v 2.085038 0.159631 1.48977
v 2.086025 0.159631 1.489935
v 2.084977 0.155911 1.490137
v 2.085963 0.155911 1.490301
v 2.084961 0.152683 1.490233
v 2.085948 0.152683 1.490398
v 2.084985 0.148941 1.490086
v 2.085972 0.148941 1.49025
v 2.085059 0.145409 1.489647
v 2.086045 0.145409 1.489811
v 2.085177 0.142143 1.488936
v 2.086164 0.142143 1.4891
v 2.085339 0.139118 1.487968
v 2.086325 0.139118 1.488132
v 2.085541 0.136312 1.486753
v 2.086528 0.136312 1.486917
v 2.085784 0.133704 1.485295
v 2.086771 0.133704 1.485459
v 2.08591 0.132563 1.484541
v 2.086896 0.132563 1.484705
v 2.086188 0.130464 1.482874
v 2.087174 0.130464 1.483038
v 2.086487 0.128685 1.481076
v 2.087474 0.128685 1.48124
v 2.086802 0.127248 1.479189
v 2.087788 0.127248 1.479354
v 2.087132 0.126123 1.477208
v 2.088118 0.126123 1.477372
v 2.08748 0.125286 1.475119
v 2.088467 0.125286 1.475283
v 2.087849 0.124726 1.472905
v 2.088835 0.124726 1.473069
v 2.088243 0.124439 1.470543
v 2.089229 0.124439 1.470708
v 2.088457 0.124401 1.46926
v 2.089443 0.124401 1.469424
v 2.088893 0.12455 1.466642
v 2.08988 0.12455 1.466806
v 2.089301 0.124995 1.464194
v 2.090287 0.124995 1.464358
v 2.089674 0.125713 1.461959
v 2.09066 0.125713 1.462124
v 2.090014 0.126693 1.459914
v 2.091001 0.126693 1.460078
v 2.09031 0.127855 1.458137
v 2.091297 0.127855 1.458301
v 2.090346 0.128014 1.457927
v 2.091332 0.128014 1.458091
v 2.090585 0.129312 1.456488
v 2.091572 0.129312 1.456652
v 2.09083 0.131037 1.455022
v 2.091816 0.131037 1.455187
v 2.091093 0.133342 1.453444
v 2.092079 0.133342 1.453609
v 2.091375 0.136336 1.451747
v 2.092362 0.136336 1.451912
v 2.091679 0.140137 1.449926
v 2.092665 0.140137 1.45009
v 2.091927 0.143689 1.44844
v 2.092913 0.143689 1.448604
v 2.092294 0.149279 1.446238
v 2.09328 0.149279 1.446403
v 2.092577 0.152958 1.444537
v 2.093564 0.152958 1.444702
v 2.092812 0.155477 1.443127
v 2.093798 0.155477 1.443292
v 2.092995 0.157024 1.442029
v 2.093982 0.157024 1.442194
v 2.093199 0.158284 1.440804
v 2.094186 0.158284 1.440968
v 2.093424 0.159233 1.439458
v 2.09441 0.159233 1.439622
v 2.093663 0.159867 1.438025
v 2.094649 0.159867 1.438189
v 2.09392 0.160217 1.436482
v 2.094906 0.160217 1.436646
v 2.094132 0.160299 1.435209
v 2.095118 0.160299 1.435374
v 2.094435 0.160152 1.433387
v 2.095422 0.160152 1.433551
v 2.094705 0.159715 1.431768
v 2.095692 0.159715 1.431932
v 2.094936 0.159023 1.430386
v 2.095922 0.159023 1.430551
v 2.095133 0.158088 1.429202
v 2.09612 0.158088 1.429366
v 2.095303 0.156899 1.428184
v 2.096289 0.156899 1.428348
v 2.095451 0.155387 1.427296
v 2.096437 0.155387 1.427461
v 2.09557 0.15358 1.426582
v 2.096556 0.15358 1.426746
v 2.095662 0.151385 1.426029
v 2.096648 0.151385 1.426194
v 2.095723 0.148736 1.425663
v 2.096709 0.148736 1.425828
v 2.086221 0.236513 1.488757
v 2.086221 0.249718 1.488757
v 2.085235 0.236513 1.488592
v 2.085235 0.249718 1.488592
v 2.095212 0.21668 1.43481
v 2.094226 0.21668 1.434645
v 2.094782 0.215705 1.431306
v 2.095769 0.215705 1.43147
v 2.095191 0.21512 1.42885
v 2.096178 0.21512 1.429015
v 2.096178 0.214782 1.429015
v 2.095191 0.214782 1.42885
v 2.095195 0.213223 1.434912
v 2.094209 0.213223 1.434748
v 2.086221 0.194247 1.488757
v 2.085235 0.194247 1.488592
v 2.086221 0.180002 1.488757
v 2.085235 0.180002 1.488592
v 2.098135 0.208492 1.417272
v 2.097149 0.208492 1.417107
v 2.100306 0.202903 1.404246
v 2.09932 0.202903 1.404082
v 2.099817 0.201408 1.401099
v 2.100803 0.201408 1.401263
v 2.100185 0.199891 1.398887
v 2.101172 0.199891 1.399052
v 2.100501 0.198092 1.396996
v 2.101487 0.198092 1.39716
v 2.100726 0.196232 1.395645
v 2.101712 0.196232 1.395809
v 2.100884 0.194205 1.394696
v 2.101871 0.194205 1.39486
v 2.100976 0.19203 1.394146
v 2.101962 0.19203 1.39431
v 2.101003 0.189854 1.39398
v 2.10199 0.189854 1.394144
v 2.100968 0.187103 1.394191
v 2.101954 0.187103 1.394356
v 2.100861 0.184294 1.394836
v 2.101847 0.184294 1.395001
v 2.100764 0.182628 1.395416
v 2.101751 0.182628 1.39558
v 2.103614 0.182628 1.384401
v 2.102627 0.182628 1.384236
v 2.102737 0.185634 1.383578
v 2.103723 0.185634 1.383743
v 2.102792 0.189141 1.383246
v 2.103779 0.189141 1.38341
v 2.102798 0.190842 1.383211
v 2.103785 0.190842 1.383375
v 2.102764 0.193961 1.383419
v 2.10375 0.193961 1.383583
v 2.10266 0.196933 1.38404
v 2.103646 0.196933 1.384205
v 2.10249 0.199734 1.38506
v 2.103476 0.199734 1.385224
v 2.102253 0.202396 1.386479
v 2.10324 0.202396 1.386643
v 2.101948 0.204946 1.388315
v 2.102934 0.204946 1.388479
v 2.101558 0.207451 1.39065
v 2.102545 0.207451 1.390815
v 2.101093 0.209825 1.393443
v 2.102079 0.209825 1.393608
v 2.100534 0.212123 1.396793
v 2.101521 0.212123 1.396957
v 2.099873 0.214343 1.400765
v 2.100859 0.214343 1.40093
v 2.099102 0.216455 1.40539
v 2.100088 0.216455 1.405555
v 2.098978 0.216758 1.406133
v 2.099964 0.216758 1.406298
v 2.096255 0.318134 1.428553
v 2.098161 0.318134 1.417118
v 2.095268 0.318134 1.428389
v 2.097175 0.318134 1.416953
v 2.096255 0.27657 1.428553
v 2.095268 0.27657 1.428389
v 2.090631 0.27657 1.462296
v 2.089645 0.27657 1.462132
v 2.090631 0.312935 1.462296
v 2.089645 0.312935 1.462132
v 2.088717 0.312935 1.473783
v 2.08773 0.312935 1.473618
v 2.088717 0.27657 1.473783
v 2.08773 0.27657 1.473618
v 2.083366 0.27657 1.505884
v 2.08238 0.27657 1.50572
v 2.083366 0.315821 1.505884
v 2.08238 0.315821 1.50572
v 2.081443 0.315821 1.517422
v 2.080457 0.315821 1.517258
v 2.081443 0.263443 1.517422
v 2.080457 0.263443 1.517258
v 2.098161 0.263443 1.417118
v 2.097175 0.263443 1.416953
v 2.095716 0.384143 1.431784
v 2.097314 0.391182 1.422196
v 2.095433 0.387833 1.433486
v 2.096959 0.395409 1.424331
v 2.095095 0.391175 1.435511
v 2.096543 0.399377 1.426823
v 2.094704 0.394202 1.437856
v 2.096067 0.403103 1.429678
v 2.094512 0.395466 1.439015
v 2.095819 0.404798 1.431169
v 2.094053 0.398036 1.441768
v 2.095273 0.408048 1.434448
v 2.093549 0.400257 1.444787
v 2.094688 0.410906 1.437952
v 2.093002 0.402132 1.448071
v 2.094071 0.41336 1.441655
v 2.092406 0.403669 1.451645
v 2.088035 0.405477 1.477876
v 2.087155 0.418226 1.483155
v 2.08734 0.404454 1.482039
v 2.08645 0.416798 1.487385
v 2.08672 0.403079 1.485765
v 2.085792 0.414999 1.491332
v 2.086164 0.401376 1.4891
v 2.085176 0.412833 1.495025
v 2.085667 0.399356 1.492083
v 2.084599 0.410296 1.498485
v 2.084059 0.407374 1.501732
v 2.085222 0.397019 1.494749
v 2.083657 0.404798 1.504141
v 2.084939 0.39518 1.496449
v 2.083159 0.401029 1.507127
v 2.084541 0.39203 1.498836
v 2.082726 0.397044 1.509729
v 2.084201 0.388622 1.500874
v 2.082357 0.392856 1.511942
v 2.083919 0.384943 1.502569
v 2.082051 0.38845 1.51378
v 2.083693 0.380969 1.503924
v 2.081806 0.383806 1.515248
v 2.083524 0.376668 1.504937
v 2.081623 0.378898 1.516347
v 2.083415 0.372007 1.505594
v 2.081502 0.373702 1.517069
v 2.083368 0.367074 1.505873
v 2.081447 0.368189 1.517401
v 2.083366 0.365833 1.505884
v 2.081443 0.366353 1.517422
v 2.083366 0.350471 1.505884
v 2.081443 0.337344 1.517422
v 2.096255 0.350471 1.428553
v 2.098161 0.337344 1.417118
v 2.096255 0.365235 1.428553
v 2.098161 0.365313 1.417118
v 2.09622 0.370586 1.428766
v 2.098125 0.371142 1.417331
v 2.096114 0.375563 1.429398
v 2.098019 0.37668 1.417969
v 2.095945 0.380067 1.430414
v 2.097846 0.381845 1.419005
v 2.097611 0.386669 1.420418
v 2.093419 0.415427 1.445569
v 2.092729 0.417121 1.449711
v 2.091758 0.40487 1.455538
v 2.091996 0.418445 1.454105
v 2.09105 0.405725 1.459783
v 2.091218 0.419396 1.458775
v 2.090277 0.406217 1.46442
v 2.090389 0.419964 1.463749
v 2.089648 0.406332 1.468193
v 2.089588 0.420134 1.468552
v 2.088809 0.406117 1.473228
v 2.088727 0.419918 1.47372
v 2.087912 0.419273 1.478611
v 2.083555 0.39203 1.498672
v 2.082173 0.401029 1.506962
v 2.083952 0.39518 1.496284
v 2.082671 0.404798 1.503976
v 2.084236 0.397019 1.494584
v 2.083072 0.407374 1.501568
v 2.08468 0.399356 1.491918
v 2.083613 0.410296 1.498321
v 2.085177 0.401376 1.488935
v 2.08419 0.412833 1.49486
v 2.085733 0.403079 1.485601
v 2.084805 0.414999 1.491168
v 2.086354 0.404454 1.481875
v 2.094446 0.387833 1.433322
v 2.096328 0.391182 1.422032
v 2.09473 0.384143 1.431619
v 2.096624 0.386669 1.420254
v 2.094959 0.380067 1.43025
v 2.09686 0.381845 1.41884
v 2.095128 0.375563 1.429234
v 2.097033 0.37668 1.417805
v 2.095233 0.370586 1.428602
v 2.097139 0.371142 1.417167
v 2.095268 0.365235 1.428389
v 2.097175 0.365313 1.416953
v 2.095268 0.350471 1.428389
v 2.097175 0.337344 1.416953
v 2.08238 0.350471 1.50572
v 2.080457 0.337344 1.517258
v 2.08238 0.365833 1.50572
v 2.080457 0.366353 1.517258
v 2.082382 0.367074 1.505709
v 2.080461 0.368189 1.517237
v 2.082428 0.372007 1.50543
v 2.080516 0.373702 1.516904
v 2.082538 0.376668 1.504773
v 2.080636 0.378898 1.516182
v 2.082707 0.380969 1.50376
v 2.080819 0.383806 1.515084
v 2.082932 0.384943 1.502404
v 2.081064 0.38845 1.513615
v 2.083215 0.388622 1.50071
v 2.08137 0.392856 1.511778
v 2.081739 0.397044 1.509564
v 2.090771 0.40487 1.455373
v 2.091742 0.417121 1.449547
v 2.09142 0.403669 1.451481
v 2.092433 0.415427 1.445404
v 2.092016 0.402132 1.447907
v 2.093085 0.41336 1.44149
v 2.092563 0.400257 1.444622
v 2.093702 0.410906 1.437788
v 2.093066 0.398036 1.441603
v 2.094286 0.408048 1.434284
v 2.093525 0.395466 1.43885
v 2.094833 0.404798 1.431004
v 2.093718 0.394202 1.437691
v 2.095081 0.403103 1.429513
v 2.094109 0.391175 1.435347
v 2.095557 0.399377 1.426658
v 2.095972 0.395409 1.424167
v 2.085463 0.416798 1.487221
v 2.086168 0.418226 1.482991
v 2.087048 0.405477 1.477712
v 2.086926 0.419273 1.478446
v 2.087823 0.406117 1.473063
v 2.087741 0.419918 1.473555
v 2.088662 0.406332 1.468029
v 2.088602 0.420134 1.468388
v 2.089291 0.406217 1.464255
v 2.089402 0.419964 1.463585
v 2.090064 0.405725 1.459619
v 2.090231 0.419396 1.458611
v 2.09101 0.418445 1.453941
v 2.0917 0.454213 1.455886
v 2.093588 0.450054 1.444553
v 2.0917 0.488343 1.455886
v 2.093588 0.492398 1.444553
v 2.084751 0.469419 1.497577
v 2.081443 0.464506 1.517422
v 2.098161 0.425775 1.417118
v 2.098161 0.44028 1.417118
v 2.084252 0.4703 1.50057
v 2.08358 0.471083 1.504602
v 2.081443 0.478543 1.517422
v 2.08358 0.471395 1.504602
v 2.084287 0.472217 1.500359
v 2.084751 0.47298 1.497577
v 2.098161 0.517274 1.417118
v 2.098161 0.502769 1.417118
v 2.090713 0.488343 1.455721
v 2.083765 0.47298 1.497413
v 2.080457 0.478543 1.517258
v 2.083301 0.472217 1.500195
v 2.082594 0.471395 1.504438
v 2.080457 0.464506 1.517258
v 2.082594 0.471083 1.504438
v 2.083266 0.4703 1.500406
v 2.083765 0.469419 1.497413
v 2.090713 0.454213 1.455721
v 2.097175 0.425775 1.416953
v 2.097175 0.517274 1.416953
v 2.097175 0.502769 1.416953
v 2.092602 0.492398 1.444388
v 2.097175 0.44028 1.416953
v 2.092602 0.450054 1.444388
v 2.102718 -0.456483 1.389773
v 2.103805 -0.448584 1.383252
v 2.090018 -0.473798 1.465978
v 2.068512 -0.411768 1.595013
v 2.06898 -0.406559 1.592206
v 2.060303 -0.428972 1.644267
v 2.060138 -0.364325 1.645252
v 2.05905 -0.352011 1.651784
v 2.052863 -0.374563 1.688907
v 2.066246 -0.220542 1.608609
v 2.068341 -0.214572 1.596033
v 2.066008 -0.173033 1.610035
v 2.07055 -0.210434 1.582784
v 2.072426 -0.208459 1.571525
v 2.089732 -0.401665 1.467692
v 2.090082 -0.39485 1.465589
v 2.082961 -0.379741 1.508315
v 2.0903 -0.181015 1.464282
v 2.090802 -0.191035 1.461268
v 2.09787 -0.180358 1.41886
v 2.097981 -0.474521 1.418196
v 2.09972 -0.470092 1.407763
v 2.1013 -0.464069 1.39828
v 2.084193 -0.232318 1.500922
v 2.077894 -0.254731 1.53872
v 2.092989 -0.333537 1.448149
v 2.086214 -0.351612 1.488799
v 2.094177 -0.333537 1.441017
v 2.104729 -0.372653 1.377708
v 2.0957 -0.334132 1.431884
v 2.103719 -0.362851 1.383769
v 2.102572 -0.354775 1.390651
v 2.098807 -0.413035 1.413239
v 2.105953 -0.415812 1.370364
v 2.098932 -0.40656 1.412491
v 2.106064 -0.405837 1.369702
v 2.098792 -0.399643 1.413329
v 2.097734 -0.425448 1.419676
v 2.098394 -0.419705 1.415717
v 2.104807 -0.438505 1.377243
v 2.105531 -0.427486 1.372898
v 2.09247 -0.380631 1.451264
v 2.093551 -0.378723 1.444776
v 2.094703 -0.378472 1.437865
v 2.095852 -0.380008 1.430972
v 2.096891 -0.383216 1.424738
v 2.067704 -0.465745 1.599857
v 2.060683 -0.475026 1.641984
v 2.061448 -0.48912 1.637396
v 2.098219 -0.193999 1.41677
v 2.090968 -0.198337 1.460272
v 2.098219 -0.236656 1.41677
v 2.090968 -0.230872 1.460272
v 2.09813 -0.240262 1.417302
v 2.051808 -0.35921 1.695232
v 2.05825 -0.338859 1.656583
v 2.051051 -0.343376 1.699777
v 2.089062 -0.484231 1.471712
v 2.096668 -0.496515 1.426072
v 2.097585 -0.482687 1.42057
v 2.068424 -0.476774 1.595543
v 2.062509 -0.502592 1.631031
v 2.06943 -0.486937 1.589504
v 2.063854 -0.515238 1.622959
v 2.070688 -0.49594 1.581955
v 2.101092 -0.347121 1.39953
v 2.099421 -0.341 1.409556
v 2.097608 -0.336626 1.420434
v 2.094782 -0.434605 1.43739
v 2.095883 -0.433067 1.430785
v 2.096867 -0.430025 1.424881
v 2.083795 -0.369216 1.503313
v 2.090692 -0.388862 1.461933
v 2.084888 -0.359783 1.496757
v 2.079033 -0.148657 1.531887
v 2.075133 -0.110365 1.555284
v 2.077436 -0.152603 1.541467
v 2.073148 -0.116886 1.567196
v 2.07599 -0.158267 1.550143
v 2.071285 -0.125156 1.578375
v 2.074744 -0.165421 1.557621
v 2.069618 -0.134907 1.588375
v 2.073749 -0.173675 1.563588
v 2.086404 -0.501715 1.487661
v 2.092276 -0.53236 1.452428
v 2.087852 -0.493588 1.478972
v 2.094017 -0.521369 1.44198
v 2.095481 -0.509399 1.433195
v 2.060221 -0.460495 1.644757
v 2.067294 -0.454138 1.602317
v 2.060065 -0.445601 1.645693
v 2.067196 -0.444878 1.602904
v 2.060139 -0.437287 1.645247
v 2.067351 -0.433613 1.601979
v 2.067789 -0.422614 1.599351
v 2.093622 -0.434463 1.444348
v 2.092493 -0.432547 1.451128
v 2.088797 -0.470575 1.473299
v 2.091487 -0.428985 1.457158
v 2.089661 -0.40656 1.468117
v 2.082327 -0.417346 1.512122
v 2.089799 -0.413368 1.467289
v 2.082773 -0.428321 1.509446
v 2.090198 -0.4197 1.464893
v 2.082417 -0.391077 1.51158
v 2.082188 -0.40209 1.512953
v 2.082173 -0.405836 1.513046
v 2.097757 -0.387817 1.419538
v 2.098393 -0.39335 1.415722
v 2.105463 -0.38319 1.373306
v 2.10591 -0.394236 1.370625
v 2.097224 -0.167277 1.422735
v 2.096286 -0.154801 1.428366
v 2.089504 -0.171799 1.469062
v 2.095063 -0.143099 1.435703
v 2.088444 -0.163679 1.475421
v 2.093568 -0.132351 1.444673
v 2.087882 -0.160401 1.478791
v 2.09287 -0.128207 1.448862
v 2.086521 -0.15435 1.486957
v 2.054212 -0.389355 1.68081
v 2.055073 -0.397161 1.675646
v 2.061489 -0.375554 1.637147
v 2.056592 -0.408639 1.666529
v 2.063084 -0.385573 1.627581
v 2.058336 -0.419115 1.656069
v 2.064883 -0.394156 1.616787
v 2.066851 -0.401168 1.604976
v 2.063622 -0.179364 1.624347
v 2.061357 -0.187384 1.637937
v 2.064302 -0.228215 1.620267
v 2.059183 -0.197199 1.650983
v 2.062554 -0.237404 1.630761
v 2.081221 -0.515996 1.518759
v 2.084145 -0.558966 1.501215
v 2.083105 -0.512881 1.507452
v 2.086477 -0.554305 1.487218
v 2.084885 -0.507897 1.496774
v 2.088712 -0.547839 1.47381
v 2.090803 -0.539664 1.461264
v 2.091515 -0.384009 1.456995
v 2.083405 -0.147217 1.505656
v 2.082615 -0.101651 1.510393
v 2.081697 -0.146282 1.515899
v 2.081578 -0.101456 1.516612
v 2.080728 -0.146588 1.521714
v 2.07936 -0.102624 1.529923
v 2.077216 -0.105597 1.54279
v 2.091103 -0.119573 1.459464
v 2.089176 -0.112546 1.471027
v 2.085014 -0.149923 1.496002
v 2.087095 -0.107136 1.483514
v 2.084895 -0.103469 1.496716
v 2.083506 -0.43883 1.505046
v 2.084401 -0.44768 1.499674
v 2.090849 -0.425386 1.460987
v 2.085648 -0.45665 1.492193
v 2.087127 -0.464376 1.483319
v 2.090861 -0.234387 1.460918
v 2.096952 -0.251991 1.424373
v 2.097308 -0.24983 1.422234
v 2.050437 -0.310401 1.703459
v 2.057569 -0.309678 1.660669
v 2.050452 -0.305376 1.703372
v 2.057724 -0.295895 1.659742
v 2.073627 -0.509061 1.56432
v 2.071778 -0.55339 1.575417
v 2.075359 -0.513523 1.553926
v 2.074093 -0.558344 1.561524
v 2.077175 -0.516241 1.543031
v 2.076507 -0.561476 1.54704
v 2.079082 -0.517178 1.531588
v 2.078823 -0.562687 1.533143
v 2.079424 -0.517148 1.529538
v 2.07932 -0.562726 1.530162
v 2.081756 -0.561777 1.515549
v 2.072426 -0.202675 1.571525
v 2.07258 -0.192426 1.570604
v 2.066156 -0.170309 1.609145
v 2.073023 -0.182764 1.567943
v 2.066995 -0.158204 1.604115
v 2.068175 -0.146005 1.597031
v 2.094534 -0.257623 1.438878
v 2.095395 -0.256974 1.433711
v 2.096202 -0.255106 1.428867
v 2.090941 -0.232218 1.460436
v 2.09784 -0.245065 1.419045
v 2.050593 -0.327127 1.702527
v 2.057754 -0.325064 1.659562
v 2.057572 -0.311779 1.660649
v 2.090959 -0.240606 1.460329
v 2.091273 -0.245582 1.458444
v 2.094178 -0.257517 1.441015
v 2.091783 -0.250053 1.455382
v 2.092439 -0.253599 1.451448
v 2.093266 -0.256238 1.446484
v 2.065368 -0.526227 1.613876
v 2.06577 -0.528745 1.611462
v 2.072016 -0.502916 1.573989
v 2.067595 -0.538506 1.60051
v 2.069601 -0.546731 1.588478
v 2.090849 -0.23521 1.460986
v 2.057135 -0.208737 1.66327
v 2.056618 -0.212074 1.666375
v 2.061243 -0.246262 1.638624
v 2.054861 -0.225831 1.676915
v 2.059943 -0.257621 1.646421
v 2.053376 -0.240558 1.685825
v 2.058917 -0.269816 1.652583
v 2.052179 -0.256094 1.693008
v 2.058174 -0.282634 1.657038
v 2.051287 -0.27221 1.698362
v 2.050709 -0.288701 1.701827
v 2.076908 -0.254731 1.538555
v 2.083207 -0.232318 1.500758
v 2.085227 -0.351612 1.488634
v 2.092003 -0.333537 1.447984
v 2.103743 -0.372653 1.377544
v 2.093191 -0.333537 1.440853
v 2.094713 -0.334132 1.431719
v 2.102733 -0.362851 1.383605
v 2.101586 -0.354775 1.390486
v 2.088813 -0.413368 1.467124
v 2.089212 -0.4197 1.464729
v 2.089031 -0.473798 1.465813
v 2.089863 -0.425386 1.460823
v 2.058064 -0.352011 1.651619
v 2.059152 -0.364325 1.645088
v 2.053226 -0.389355 1.680646
v 2.101732 -0.456483 1.389608
v 2.100314 -0.464069 1.398116
v 2.091506 -0.432547 1.450963
v 2.098734 -0.470092 1.407598
v 2.096995 -0.474521 1.418032
v 2.095904 -0.383216 1.424573
v 2.094865 -0.380008 1.430808
v 2.093717 -0.378472 1.437701
v 2.092565 -0.378723 1.444612
v 2.082119 -0.512881 1.507288
v 2.083898 -0.507897 1.49661
v 2.087726 -0.547839 1.473646
v 2.096622 -0.336626 1.42027
v 2.098435 -0.341 1.409391
v 2.100106 -0.347121 1.399366
v 2.097946 -0.40656 1.412326
v 2.097806 -0.399643 1.413165
v 2.104923 -0.394236 1.370461
v 2.067437 -0.476774 1.595378
v 2.060462 -0.48912 1.637231
v 2.066718 -0.465745 1.599693
v 2.059697 -0.475026 1.64182
v 2.066308 -0.454138 1.602153
v 2.059235 -0.460495 1.644593
v 2.06621 -0.444878 1.602739
v 2.089817 -0.539664 1.4611
v 2.085417 -0.501715 1.487496
v 2.09129 -0.53236 1.452263
v 2.086865 -0.493588 1.478808
v 2.093031 -0.521369 1.441815
v 2.094495 -0.509399 1.43303
v 2.088075 -0.484231 1.471547
v 2.095682 -0.496515 1.425907
v 2.096599 -0.482687 1.420405
v 2.090501 -0.428985 1.456993
v 2.063316 -0.228215 1.620103
v 2.060371 -0.187384 1.637773
v 2.065259 -0.220542 1.608444
v 2.062636 -0.179364 1.624183
v 2.067355 -0.214572 1.595869
v 2.065022 -0.173033 1.609871
v 2.069563 -0.210434 1.582619
v 2.054086 -0.397161 1.675481
v 2.060503 -0.375554 1.636983
v 2.055606 -0.408639 1.666365
v 2.072037 -0.182764 1.567778
v 2.071594 -0.192426 1.570439
v 2.092636 -0.434463 1.444183
v 2.093796 -0.434605 1.437226
v 2.094897 -0.433067 1.43062
v 2.057349 -0.419115 1.655905
v 2.062097 -0.385573 1.627416
v 2.059316 -0.428972 1.644102
v 2.063896 -0.394156 1.616622
v 2.065865 -0.401168 1.604811
v 2.084027 -0.149923 1.495837
v 2.08819 -0.112546 1.470863
v 2.085535 -0.15435 1.486793
v 2.090117 -0.119573 1.459299
v 2.086895 -0.160401 1.478626
v 2.091884 -0.128207 1.448698
v 2.087457 -0.163679 1.475257
v 2.092582 -0.132351 1.444509
v 2.088517 -0.171799 1.468897
v 2.07645 -0.152603 1.541303
v 2.074147 -0.110365 1.55512
v 2.078046 -0.148657 1.531722
v 2.076229 -0.105597 1.542625
v 2.079741 -0.146588 1.52155
v 2.078374 -0.102624 1.529758
v 2.080711 -0.146282 1.515734
v 2.07144 -0.202675 1.57136
v 2.07144 -0.208459 1.57136
v 2.097408 -0.419705 1.415553
v 2.102819 -0.448584 1.383087
v 2.096748 -0.425448 1.419512
v 2.095881 -0.430025 1.424716
v 2.088675 -0.40656 1.467953
v 2.081202 -0.40209 1.512789
v 2.088745 -0.401665 1.467528
v 2.081431 -0.391077 1.511415
v 2.089096 -0.39485 1.465425
v 2.059078 -0.445601 1.645529
v 2.059153 -0.437287 1.645083
v 2.066364 -0.433613 1.601814
v 2.066802 -0.422614 1.599187
v 2.104476 -0.38319 1.373142
v 2.097407 -0.39335 1.415558
v 2.096771 -0.387817 1.419374
v 2.081975 -0.379741 1.508151
v 2.082808 -0.369216 1.503149
v 2.089705 -0.388862 1.461769
v 2.083901 -0.359783 1.496593
v 2.090528 -0.384009 1.45683
v 2.091483 -0.380631 1.451099
v 2.08252 -0.43883 1.504881
v 2.081787 -0.428321 1.509281
v 2.067525 -0.411768 1.594849
v 2.067993 -0.406559 1.592042
v 2.096322 -0.24983 1.42207
v 2.095965 -0.251991 1.424208
v 2.089874 -0.234387 1.460754
v 2.095216 -0.255106 1.428703
v 2.080592 -0.101456 1.516447
v 2.081629 -0.101651 1.510229
v 2.082418 -0.147217 1.505492
v 2.083908 -0.103469 1.496551
v 2.086108 -0.107136 1.483349
v 2.06517 -0.170309 1.608981
v 2.066008 -0.158204 1.60395
v 2.072763 -0.173675 1.563423
v 2.067189 -0.146005 1.596867
v 2.073757 -0.165421 1.557457
v 2.068632 -0.134907 1.58821
v 2.075004 -0.158267 1.549978
v 2.070298 -0.125156 1.57821
v 2.072161 -0.116886 1.567032
v 2.105077 -0.405837 1.369537
v 2.104967 -0.415812 1.3702
v 2.097821 -0.413035 1.413075
v 2.104545 -0.427486 1.372733
v 2.10382 -0.438505 1.377079
v 2.086141 -0.464376 1.483154
v 2.084662 -0.45665 1.492029
v 2.083415 -0.44768 1.49951
v 2.08134 -0.417346 1.511958
v 2.081187 -0.405836 1.512882
v 2.074373 -0.513523 1.553762
v 2.070791 -0.55339 1.575253
v 2.072641 -0.509061 1.564156
v 2.068614 -0.546731 1.588314
v 2.071029 -0.502916 1.573824
v 2.085491 -0.554305 1.487054
v 2.083158 -0.558966 1.501051
v 2.080234 -0.515996 1.518594
v 2.080769 -0.561777 1.515384
v 2.078438 -0.517148 1.529373
v 2.078334 -0.562726 1.529997
v 2.078096 -0.517178 1.531424
v 2.077837 -0.562687 1.532978
v 2.076189 -0.516241 1.542867
v 2.075521 -0.561476 1.546875
v 2.073107 -0.558344 1.56136
v 2.094077 -0.143099 1.435538
v 2.0953 -0.154801 1.428201
v 2.089314 -0.181015 1.464118
v 2.096238 -0.167277 1.422571
v 2.089816 -0.191035 1.461104
v 2.096884 -0.180358 1.418696
v 2.089982 -0.198337 1.460108
v 2.097233 -0.193999 1.416605
v 2.089982 -0.230872 1.460108
v 2.097233 -0.236656 1.416605
v 2.089955 -0.232218 1.460271
v 2.097144 -0.240262 1.417138
v 2.096853 -0.245065 1.418881
v 2.094409 -0.256974 1.433547
v 2.093548 -0.257623 1.438713
v 2.093192 -0.257517 1.44085
v 2.087811 -0.470575 1.473135
v 2.066609 -0.538506 1.600346
v 2.064784 -0.528745 1.611297
v 2.069702 -0.49594 1.58179
v 2.064382 -0.526227 1.613712
v 2.068443 -0.486937 1.58934
v 2.062868 -0.515238 1.622794
v 2.061522 -0.502592 1.630866
v 2.09228 -0.256238 1.446319
v 2.091453 -0.253599 1.451284
v 2.090797 -0.250053 1.455218
v 2.090287 -0.245582 1.45828
v 2.060257 -0.246262 1.63846
v 2.055632 -0.212074 1.66621
v 2.061567 -0.237404 1.630596
v 2.056149 -0.208737 1.663106
v 2.058197 -0.197199 1.650819
v 2.051876 -0.374563 1.688742
v 2.050822 -0.35921 1.695068
v 2.057264 -0.338859 1.656418
v 2.050065 -0.343376 1.699613
v 2.056767 -0.325064 1.659398
v 2.049606 -0.327127 1.702362
v 2.056586 -0.311779 1.660485
v 2.049451 -0.310401 1.703294
v 2.056583 -0.309678 1.660505
v 2.049465 -0.305376 1.703207
v 2.056737 -0.295895 1.659578
v 2.049723 -0.288701 1.701662
v 2.057188 -0.282634 1.656874
v 2.0503 -0.27221 1.698197
v 2.05793 -0.269816 1.652419
v 2.051193 -0.256094 1.692844
v 2.058957 -0.257621 1.646257
v 2.05239 -0.240558 1.68566
v 2.053875 -0.225831 1.676751
v 2.089972 -0.240606 1.460164
v 2.089863 -0.23521 1.460821
usemtl 1
f 1// 2// 3//
f 3// 2// 4//
f 5// 6// 7//
f 7// 6// 8//
f 9// 10// 11//
f 11// 10// 12//
f 13// 14// 15//
f 15// 14// 16//
f 17// 18// 19//
f 19// 18// 20//
f 21// 22// 23//
f 23// 22// 24//
f 25// 26// 27//
f 27// 28// 25//
f 25// 28// 29//
f 25// 29// 30//
f 30// 29// 31//
f 32// 33// 34//
f 34// 33// 30//
f 34// 30// 35//
f 35// 30// 36//
f 36// 30// 31//
f 36// 31// 37//
f 37// 31// 38//
f 37// 38// 39//
f 40// 41// 42//
f 42// 41// 43//
f 42// 43// 39//
f 39// 43// 44//
f 39// 44// 37//
f 45// 46// 47//
f 48// 45// 49//
f 50// 51// 52//
f 52// 51// 48//
f 52// 48// 53//
f 53// 48// 49//
f 47// 54// 45//
f 45// 54// 55//
f 45// 55// 49//
f 49// 55// 56//
f 49// 56// 57//
f 58// 59// 60//
f 60// 59// 61//
f 60// 61// 62//
f 62// 61// 63//
f 62// 63// 57//
f 57// 63// 64//
f 57// 64// 49//
f 65// 66// 67//
f 67// 66// 68//
f 69// 70// 30//
f 30// 70// 25//
f 71// 72// 73//
f 73// 72// 74//
f 45// 48// 75//
f 75// 48// 76//
f 77// 78// 79//
f 79// 78// 80//
f 81// 82// 76//
f 76// 82// 83//
f 76// 83// 75//
f 75// 83// 84//
f 72// 85// 86//
f 87// 13// 88//
f 88// 13// 15//
f 88// 15// 86//
f 86// 15// 74//
f 86// 74// 72//
f 18// 89// 90//
f 91// 65// 92//
f 92// 65// 67//
f 92// 67// 90//
f 90// 67// 20//
f 90// 20// 18//
f 93// 94// 69//
f 69// 94// 95//
f 69// 95// 70//
f 70// 95// 96//
f 66// 97// 98//
f 99// 17// 100//
f 100// 17// 19//
f 100// 19// 98//
f 98// 19// 68//
f 98// 68// 66//
f 14// 101// 102//
f 103// 71// 104//
f 104// 71// 73//
f 104// 73// 102//
f 102// 73// 16//
f 102// 16// 14//
f 105// 106// 107//
f 108// 109// 110//
f 110// 111// 108//
f 108// 111// 105//
f 108// 105// 112//
f 112// 105// 107//
f 113// 114// 115//
f 116// 117// 118//
f 118// 119// 116//
f 116// 119// 113//
f 116// 113// 120//
f 120// 113// 115//
f 2// 1// 121//
f 121// 1// 7//
f 79// 80// 122//
f 7// 8// 121//
f 121// 8// 11//
f 121// 11// 12//
f 12// 79// 121//
f 121// 79// 122//
f 121// 122// 123//
f 123// 122// 124//
f 123// 124// 125//
f 125// 124// 126//
f 125// 126// 127//
f 127// 126// 128//
f 127// 128// 129//
f 129// 128// 130//
f 129// 130// 131//
f 131// 130// 132//
f 131// 132// 133//
f 133// 132// 134//
f 133// 134// 135//
f 135// 134// 136//
f 135// 136// 137//
f 137// 136// 138//
f 137// 138// 139//
f 139// 138// 140//
f 139// 140// 82//
f 82// 140// 83//
f 80// 78// 141//
f 92// 90// 142//
f 142// 90// 143//
f 142// 143// 144//
f 144// 143// 145//
f 144// 145// 146//
f 146// 145// 147//
f 146// 147// 148//
f 148// 147// 149//
f 148// 149// 150//
f 150// 149// 151//
f 150// 151// 152//
f 152// 151// 153//
f 152// 153// 154//
f 154// 153// 155//
f 154// 155// 156//
f 156// 155// 157//
f 156// 157// 158//
f 158// 157// 159//
f 158// 159// 141//
f 141// 159// 160//
f 141// 160// 80//
f 138// 136// 161//
f 134// 132// 162//
f 163// 164// 165//
f 80// 166// 167//
f 168// 166// 80//
f 165// 164// 80//
f 122// 80// 164//
f 169// 170// 171//
f 171// 170// 172//
f 171// 172// 173//
f 173// 172// 174//
f 174// 172// 175//
f 174// 175// 176//
f 176// 175// 177//
f 177// 175// 178//
f 177// 178// 179//
f 179// 178// 180//
f 180// 178// 181//
f 180// 181// 182//
f 182// 181// 183//
f 183// 181// 184//
f 183// 184// 185//
f 185// 184// 143//
f 185// 143// 90//
f 160// 168// 80//
f 130// 128// 163//
f 163// 128// 126//
f 163// 126// 164//
f 164// 126// 124//
f 164// 124// 122//
f 186// 167// 187//
f 187// 167// 166//
f 187// 166// 188//
f 188// 166// 168//
f 188// 168// 189//
f 132// 130// 162//
f 162// 130// 163//
f 162// 163// 190//
f 190// 163// 165//
f 190// 165// 191//
f 191// 165// 80//
f 160// 159// 168//
f 168// 159// 157//
f 168// 157// 189//
f 189// 157// 155//
f 189// 155// 153//
f 192// 186// 193//
f 193// 186// 187//
f 193// 187// 194//
f 194// 187// 188//
f 194// 188// 195//
f 195// 188// 189//
f 195// 189// 196//
f 196// 189// 153//
f 161// 192// 197//
f 197// 192// 193//
f 197// 193// 198//
f 198// 193// 194//
f 198// 194// 199//
f 199// 194// 195//
f 199// 195// 200//
f 200// 195// 196//
f 200// 196// 201//
f 136// 134// 161//
f 161// 134// 162//
f 161// 162// 192//
f 192// 162// 190//
f 192// 190// 186//
f 186// 190// 191//
f 186// 191// 167//
f 167// 191// 80//
f 169// 83// 170//
f 170// 83// 140//
f 170// 140// 138//
f 153// 151// 196//
f 196// 151// 149//
f 196// 149// 201//
f 201// 149// 147//
f 201// 147// 145//
f 138// 161// 170//
f 170// 161// 197//
f 170// 197// 172//
f 172// 197// 198//
f 172// 198// 175//
f 175// 198// 199//
f 175// 199// 178//
f 178// 199// 200//
f 178// 200// 181//
f 181// 200// 201//
f 181// 201// 184//
f 184// 201// 145//
f 184// 145// 143//
f 202// 203// 204//
f 205// 206// 207//
f 208// 209// 210//
f 2// 211// 212//
f 213// 211// 2//
f 210// 209// 2//
f 214// 2// 209//
f 215// 216// 217//
f 217// 216// 218//
f 217// 218// 219//
f 219// 218// 220//
f 220// 218// 221//
f 220// 221// 222//
f 222// 221// 223//
f 223// 221// 224//
f 223// 224// 225//
f 225// 224// 226//
f 226// 224// 227//
f 226// 227// 228//
f 228// 227// 229//
f 229// 227// 230//
f 229// 230// 231//
f 231// 230// 139//
f 231// 139// 82//
f 121// 213// 2//
f 232// 233// 208//
f 208// 233// 234//
f 208// 234// 209//
f 209// 234// 235//
f 209// 235// 214//
f 236// 212// 237//
f 237// 212// 211//
f 237// 211// 238//
f 238// 211// 213//
f 238// 213// 239//
f 206// 232// 207//
f 207// 232// 208//
f 207// 208// 240//
f 240// 208// 210//
f 240// 210// 241//
f 241// 210// 2//
f 121// 123// 213//
f 213// 123// 125//
f 213// 125// 239//
f 239// 125// 127//
f 239// 127// 129//
f 242// 236// 243//
f 243// 236// 237//
f 243// 237// 244//
f 244// 237// 238//
f 244// 238// 245//
f 245// 238// 239//
f 245// 239// 246//
f 246// 239// 129//
f 204// 242// 247//
f 247// 242// 243//
f 247// 243// 248//
f 248// 243// 244//
f 248// 244// 249//
f 249// 244// 245//
f 249// 245// 250//
f 250// 245// 246//
f 250// 246// 251//
f 203// 205// 204//
f 204// 205// 207//
f 204// 207// 242//
f 242// 207// 240//
f 242// 240// 236//
f 236// 240// 241//
f 236// 241// 212//
f 212// 241// 2//
f 215// 88// 216//
f 216// 88// 252//
f 216// 252// 202//
f 129// 131// 246//
f 246// 131// 133//
f 246// 133// 251//
f 251// 133// 135//
f 251// 135// 137//
f 202// 204// 216//
f 216// 204// 247//
f 216// 247// 218//
f 218// 247// 248//
f 218// 248// 221//
f 221// 248// 249//
f 221// 249// 224//
f 224// 249// 250//
f 224// 250// 227//
f 227// 250// 251//
f 227// 251// 230//
f 230// 251// 137//
f 230// 137// 139//
f 4// 2// 214//
f 88// 86// 252//
f 252// 86// 253//
f 252// 253// 202//
f 202// 253// 254//
f 202// 254// 203//
f 203// 254// 255//
f 203// 255// 205//
f 205// 255// 256//
f 205// 256// 206//
f 206// 256// 257//
f 206// 257// 232//
f 232// 257// 258//
f 232// 258// 233//
f 233// 258// 259//
f 233// 259// 234//
f 234// 259// 260//
f 234// 260// 235//
f 235// 260// 261//
f 235// 261// 214//
f 214// 261// 262//
f 214// 262// 4//
f 77// 10// 263//
f 263// 10// 9//
f 263// 9// 6//
f 6// 5// 263//
f 263// 5// 3//
f 263// 3// 4//
f 78// 77// 264//
f 264// 77// 263//
f 264// 263// 265//
f 265// 263// 266//
f 265// 266// 267//
f 267// 266// 268//
f 267// 268// 269//
f 269// 268// 270//
f 269// 270// 271//
f 271// 270// 272//
f 271// 272// 273//
f 273// 272// 274//
f 273// 274// 275//
f 275// 274// 276//
f 275// 276// 277//
f 277// 276// 278//
f 277// 278// 279//
f 279// 278// 280//
f 279// 280// 281//
f 281// 280// 282//
f 281// 282// 94//
f 94// 282// 95//
f 144// 146// 283//
f 148// 150// 284//
f 285// 286// 287//
f 78// 288// 289//
f 290// 288// 78//
f 287// 286// 78//
f 141// 78// 286//
f 291// 292// 293//
f 293// 292// 294//
f 293// 294// 295//
f 295// 294// 296//
f 296// 294// 297//
f 296// 297// 298//
f 298// 297// 299//
f 299// 297// 300//
f 299// 300// 301//
f 301// 300// 302//
f 302// 300// 303//
f 302// 303// 304//
f 304// 303// 305//
f 305// 303// 306//
f 305// 306// 307//
f 307// 306// 281//
f 307// 281// 94//
f 264// 290// 78//
f 152// 154// 285//
f 285// 154// 156//
f 285// 156// 286//
f 286// 156// 158//
f 286// 158// 141//
f 308// 289// 309//
f 309// 289// 288//
f 309// 288// 310//
f 310// 288// 290//
f 310// 290// 311//
f 150// 152// 284//
f 284// 152// 285//
f 284// 285// 312//
f 312// 285// 287//
f 312// 287// 313//
f 313// 287// 78//
f 264// 265// 290//
f 290// 265// 267//
f 290// 267// 311//
f 311// 267// 269//
f 311// 269// 271//
f 314// 308// 315//
f 315// 308// 309//
f 315// 309// 316//
f 316// 309// 310//
f 316// 310// 317//
f 317// 310// 311//
f 317// 311// 318//
f 318// 311// 271//
f 283// 314// 319//
f 319// 314// 315//
f 319// 315// 320//
f 320// 315// 316//
f 320// 316// 321//
f 321// 316// 317//
f 321// 317// 322//
f 322// 317// 318//
f 322// 318// 323//
f 146// 148// 283//
f 283// 148// 284//
f 283// 284// 314//
f 314// 284// 312//
f 314// 312// 308//
f 308// 312// 313//
f 308// 313// 289//
f 289// 313// 78//
f 291// 92// 292//
f 292// 92// 142//
f 292// 142// 144//
f 271// 273// 318//
f 318// 273// 275//
f 318// 275// 323//
f 323// 275// 277//
f 323// 277// 279//
f 144// 283// 292//
f 292// 283// 319//
f 292// 319// 294//
f 294// 319// 320//
f 294// 320// 297//
f 297// 320// 321//
f 297// 321// 300//
f 300// 321// 322//
f 300// 322// 303//
f 303// 322// 323//
f 303// 323// 306//
f 306// 323// 279//
f 306// 279// 281//
f 324// 325// 183//
f 84// 83// 326//
f 326// 83// 169//
f 326// 169// 327//
f 327// 169// 171//
f 327// 171// 328//
f 328// 171// 173//
f 328// 173// 329//
f 173// 174// 329//
f 329// 174// 176//
f 329// 176// 330//
f 176// 177// 330//
f 330// 177// 179//
f 330// 179// 331//
f 331// 179// 180//
f 331// 180// 332//
f 332// 180// 325//
f 325// 180// 182//
f 325// 182// 183//
f 324// 183// 89//
f 89// 183// 185//
f 89// 185// 90//
f 333// 334// 229//
f 87// 88// 335//
f 335// 88// 215//
f 335// 215// 336//
f 336// 215// 217//
f 336// 217// 337//
f 337// 217// 219//
f 337// 219// 338//
f 219// 220// 338//
f 338// 220// 222//
f 338// 222// 339//
f 222// 223// 339//
f 339// 223// 225//
f 339// 225// 340//
f 340// 225// 226//
f 340// 226// 341//
f 341// 226// 334//
f 334// 226// 228//
f 334// 228// 229//
f 333// 229// 81//
f 81// 229// 231//
f 81// 231// 82//
f 280// 278// 342//
f 276// 274// 343//
f 344// 345// 346//
f 4// 347// 348//
f 349// 347// 4//
f 346// 345// 4//
f 263// 4// 345//
f 350// 351// 352//
f 352// 351// 353//
f 352// 353// 354//
f 354// 353// 355//
f 355// 353// 356//
f 355// 356// 357//
f 357// 356// 358//
f 358// 356// 359//
f 358// 359// 360//
f 360// 359// 361//
f 361// 359// 362//
f 361// 362// 363//
f 363// 362// 364//
f 364// 362// 365//
f 364// 365// 366//
f 366// 365// 253//
f 366// 253// 86//
f 262// 349// 4//
f 272// 270// 344//
f 344// 270// 268//
f 344// 268// 345//
f 345// 268// 266//
f 345// 266// 263//
f 367// 348// 368//
f 368// 348// 347//
f 368// 347// 369//
f 369// 347// 349//
f 369// 349// 370//
f 274// 272// 343//
f 343// 272// 344//
f 343// 344// 371//
f 371// 344// 346//
f 371// 346// 372//
f 372// 346// 4//
f 262// 261// 349//
f 349// 261// 260//
f 349// 260// 370//
f 370// 260// 259//
f 370// 259// 258//
f 373// 367// 374//
f 374// 367// 368//
f 374// 368// 375//
f 375// 368// 369//
f 375// 369// 376//
f 376// 369// 370//
f 376// 370// 377//
f 377// 370// 258//
f 342// 373// 378//
f 378// 373// 374//
f 378// 374// 379//
f 379// 374// 375//
f 379// 375// 380//
f 380// 375// 376//
f 380// 376// 381//
f 381// 376// 377//
f 381// 377// 382//
f 278// 276// 342//
f 342// 276// 343//
f 342// 343// 373//
f 373// 343// 371//
f 373// 371// 367//
f 367// 371// 372//
f 367// 372// 348//
f 348// 372// 4//
f 350// 95// 351//
f 351// 95// 282//
f 351// 282// 280//
f 258// 257// 377//
f 377// 257// 256//
f 377// 256// 382//
f 382// 256// 255//
f 382// 255// 254//
f 280// 342// 351//
f 351// 342// 378//
f 351// 378// 353//
f 353// 378// 379//
f 353// 379// 356//
f 356// 379// 380//
f 356// 380// 359//
f 359// 380// 381//
f 359// 381// 362//
f 362// 381// 382//
f 362// 382// 365//
f 365// 382// 254//
f 365// 254// 253//
f 383// 384// 305//
f 91// 92// 385//
f 385// 92// 291//
f 385// 291// 386//
f 386// 291// 293//
f 386// 293// 387//
f 387// 293// 295//
f 387// 295// 388//
f 295// 296// 388//
f 388// 296// 298//
f 388// 298// 389//
f 298// 299// 389//
f 389// 299// 301//
f 389// 301// 390//
f 390// 301// 302//
f 390// 302// 391//
f 391// 302// 384//
f 384// 302// 304//
f 384// 304// 305//
f 383// 305// 93//
f 93// 305// 307//
f 93// 307// 94//
f 392// 324// 89//
f 18// 17// 89//
f 89// 17// 99//
f 89// 99// 392//
f 324// 392// 325//
f 325// 392// 393//
f 325// 393// 332//
f 332// 393// 394//
f 332// 394// 331//
f 331// 394// 395//
f 331// 395// 330//
f 330// 395// 396//
f 330// 396// 329//
f 329// 396// 397//
f 329// 397// 328//
f 397// 398// 328//
f 328// 398// 399//
f 328// 399// 327//
f 327// 399// 400//
f 45// 75// 46//
f 46// 75// 84//
f 46// 84// 400//
f 400// 84// 326//
f 400// 326// 327//
f 76// 48// 81//
f 81// 48// 51//
f 81// 51// 333//
f 401// 334// 402//
f 402// 334// 333//
f 402// 333// 403//
f 403// 333// 51//
f 14// 13// 101//
f 101// 13// 87//
f 101// 87// 404//
f 404// 87// 335//
f 404// 335// 405//
f 405// 335// 336//
f 405// 336// 406//
f 406// 336// 337//
f 406// 337// 407//
f 407// 337// 338//
f 407// 338// 408//
f 408// 338// 339//
f 408// 339// 409//
f 409// 339// 340//
f 409// 340// 401//
f 401// 340// 341//
f 401// 341// 334//
f 96// 95// 410//
f 410// 95// 350//
f 410// 350// 411//
f 411// 350// 352//
f 411// 352// 412//
f 412// 352// 354//
f 412// 354// 413//
f 354// 355// 413//
f 413// 355// 357//
f 413// 357// 414//
f 86// 85// 366//
f 366// 85// 415//
f 366// 415// 364//
f 364// 415// 416//
f 364// 416// 363//
f 363// 416// 417//
f 363// 417// 361//
f 361// 417// 418//
f 361// 418// 360//
f 360// 418// 414//
f 360// 414// 358//
f 358// 414// 357//
f 69// 30// 93//
f 93// 30// 33//
f 93// 33// 383//
f 33// 419// 383//
f 383// 419// 420//
f 383// 420// 384//
f 384// 420// 421//
f 384// 421// 391//
f 391// 421// 390//
f 390// 421// 422//
f 390// 422// 389//
f 389// 422// 423//
f 389// 423// 388//
f 388// 423// 424//
f 388// 424// 387//
f 424// 425// 387//
f 387// 425// 426//
f 387// 426// 386//
f 386// 426// 427//
f 66// 65// 97//
f 97// 65// 91//
f 97// 91// 427//
f 427// 91// 385//
f 427// 385// 386//
f 395// 394// 428//
f 428// 394// 393//
f 428// 393// 100//
f 100// 393// 392//
f 100// 392// 99//
f 428// 429// 395//
f 395// 429// 430//
f 395// 430// 396//
f 396// 430// 431//
f 431// 432// 396//
f 396// 432// 433//
f 396// 433// 397//
f 397// 433// 434//
f 397// 434// 398//
f 398// 434// 435//
f 398// 435// 399//
f 399// 435// 436//
f 399// 436// 400//
f 400// 436// 47//
f 400// 47// 46//
f 51// 50// 403//
f 403// 50// 437//
f 403// 437// 402//
f 402// 437// 438//
f 402// 438// 401//
f 401// 438// 439//
f 401// 439// 409//
f 439// 440// 409//
f 409// 440// 441//
f 409// 441// 408//
f 102// 101// 442//
f 442// 101// 404//
f 442// 404// 443//
f 443// 404// 405//
f 443// 405// 444//
f 444// 405// 406//
f 444// 406// 445//
f 445// 406// 407//
f 445// 407// 446//
f 446// 407// 408//
f 446// 408// 447//
f 447// 408// 441//
f 448// 415// 85//
f 72// 71// 85//
f 85// 71// 103//
f 85// 103// 448//
f 415// 448// 416//
f 416// 448// 449//
f 416// 449// 417//
f 417// 449// 450//
f 417// 450// 418//
f 418// 450// 451//
f 418// 451// 414//
f 414// 451// 452//
f 414// 452// 413//
f 413// 452// 453//
f 413// 453// 412//
f 412// 453// 454//
f 412// 454// 411//
f 411// 454// 455//
f 411// 455// 410//
f 26// 25// 70//
f 455// 456// 410//
f 410// 456// 26//
f 410// 26// 96//
f 96// 26// 70//
f 33// 32// 419//
f 419// 32// 457//
f 419// 457// 420//
f 420// 457// 458//
f 420// 458// 421//
f 421// 458// 459//
f 421// 459// 422//
f 459// 460// 422//
f 422// 460// 461//
f 422// 461// 423//
f 461// 462// 423//
f 423// 462// 463//
f 423// 463// 424//
f 424// 463// 464//
f 424// 464// 425//
f 425// 464// 426//
f 98// 97// 465//
f 465// 97// 427//
f 465// 427// 466//
f 466// 427// 426//
f 466// 426// 467//
f 467// 426// 464//
f 110// 109// 468//
f 110// 468// 106//
f 107// 106// 469//
f 469// 106// 468//
f 469// 468// 470//
f 470// 468// 471//
f 470// 471// 472//
f 472// 471// 473//
f 472// 473// 474//
f 474// 473// 475//
f 474// 475// 476//
f 476// 475// 477//
f 476// 477// 478//
f 478// 477// 479//
f 478// 479// 480//
f 480// 479// 481//
f 480// 481// 482//
f 482// 481// 483//
f 482// 483// 484//
f 484// 483// 485//
f 484// 485// 486//
f 486// 485// 487//
f 486// 487// 98//
f 98// 487// 100//
f 468// 109// 488//
f 489// 490// 491//
f 492// 493// 494//
f 495// 496// 497//
f 428// 100// 487//
f 430// 429// 498//
f 498// 429// 428//
f 436// 435// 496//
f 496// 435// 434//
f 496// 434// 497//
f 497// 434// 433//
f 497// 433// 432//
f 47// 436// 499//
f 499// 436// 496//
f 499// 496// 500//
f 500// 496// 495//
f 500// 495// 501//
f 501// 495// 502//
f 428// 487// 498//
f 498// 487// 485//
f 498// 485// 503//
f 493// 502// 494//
f 494// 502// 495//
f 494// 495// 504//
f 504// 495// 497//
f 504// 497// 505//
f 505// 497// 432//
f 485// 483// 503//
f 503// 483// 481//
f 503// 481// 506//
f 490// 492// 491//
f 491// 492// 494//
f 491// 494// 507//
f 507// 494// 504//
f 507// 504// 508//
f 508// 504// 505//
f 481// 479// 506//
f 506// 479// 477//
f 506// 477// 509//
f 508// 510// 507//
f 507// 510// 511//
f 507// 511// 491//
f 491// 511// 512//
f 491// 512// 489//
f 431// 430// 513//
f 513// 430// 498//
f 513// 498// 514//
f 514// 498// 503//
f 514// 503// 515//
f 515// 503// 506//
f 515// 506// 516//
f 516// 506// 509//
f 516// 509// 517//
f 517// 509// 488//
f 517// 488// 109//
f 109// 518// 512//
f 512// 518// 519//
f 512// 519// 489//
f 510// 520// 511//
f 511// 520// 521//
f 511// 521// 512//
f 512// 521// 109//
f 520// 522// 521//
f 521// 522// 109//
f 477// 475// 509//
f 509// 475// 473//
f 509// 473// 488//
f 488// 473// 471//
f 488// 471// 468//
f 432// 431// 505//
f 505// 431// 513//
f 505// 513// 508//
f 508// 513// 514//
f 508// 514// 510//
f 510// 514// 515//
f 510// 515// 520//
f 520// 515// 516//
f 520// 516// 522//
f 522// 516// 517//
f 522// 517// 109//
f 523// 115// 524//
f 525// 526// 115//
f 527// 528// 529//
f 530// 531// 532//
f 533// 534// 535//
f 440// 439// 536//
f 438// 437// 537//
f 537// 437// 50//
f 538// 446// 447//
f 535// 444// 445//
f 444// 535// 443//
f 443// 535// 534//
f 443// 534// 442//
f 102// 442// 539//
f 539// 442// 534//
f 539// 534// 540//
f 540// 534// 533//
f 540// 533// 541//
f 541// 533// 542//
f 50// 543// 537//
f 537// 543// 544//
f 537// 544// 545//
f 531// 542// 532//
f 532// 542// 533//
f 532// 533// 546//
f 546// 533// 535//
f 546// 535// 538//
f 538// 535// 445//
f 538// 445// 446//
f 544// 547// 545//
f 545// 547// 548//
f 545// 548// 549//
f 528// 530// 529//
f 529// 530// 532//
f 529// 532// 550//
f 550// 532// 546//
f 550// 546// 551//
f 551// 546// 538//
f 551// 538// 552//
f 552// 538// 447//
f 552// 447// 441//
f 548// 553// 549//
f 549// 553// 554//
f 549// 554// 555//
f 552// 556// 551//
f 551// 556// 557//
f 551// 557// 550//
f 550// 557// 558//
f 550// 558// 529//
f 529// 558// 559//
f 529// 559// 527//
f 526// 525// 560//
f 439// 438// 536//
f 536// 438// 537//
f 536// 537// 561//
f 561// 537// 545//
f 561// 545// 562//
f 562// 545// 549//
f 562// 549// 563//
f 563// 549// 555//
f 563// 555// 564//
f 564// 555// 524//
f 564// 524// 115//
f 115// 565// 559//
f 559// 565// 566//
f 559// 566// 527//
f 556// 567// 557//
f 557// 567// 568//
f 557// 568// 558//
f 558// 568// 569//
f 558// 569// 559//
f 559// 569// 115//
f 567// 560// 568//
f 568// 560// 525//
f 568// 525// 569//
f 569// 525// 115//
f 554// 570// 555//
f 555// 570// 571//
f 555// 571// 524//
f 524// 571// 572//
f 524// 572// 523//
f 441// 440// 552//
f 552// 440// 536//
f 552// 536// 556//
f 556// 536// 561//
f 556// 561// 567//
f 567// 561// 562//
f 567// 562// 560//
f 560// 562// 563//
f 560// 563// 526//
f 526// 563// 564//
f 526// 564// 115//
f 118// 117// 573//
f 118// 573// 114//
f 115// 114// 565//
f 565// 114// 573//
f 565// 573// 566//
f 566// 573// 574//
f 566// 574// 527//
f 527// 574// 575//
f 527// 575// 528//
f 528// 575// 576//
f 528// 576// 530//
f 530// 576// 577//
f 530// 577// 531//
f 531// 577// 578//
f 531// 578// 542//
f 542// 578// 579//
f 542// 579// 541//
f 541// 579// 580//
f 541// 580// 540//
f 540// 580// 581//
f 540// 581// 539//
f 539// 581// 582//
f 539// 582// 102//
f 102// 582// 104//
f 103// 104// 448//
f 448// 104// 583//
f 448// 583// 449//
f 449// 583// 584//
f 449// 584// 450//
f 450// 584// 585//
f 450// 585// 451//
f 585// 586// 451//
f 451// 586// 587//
f 451// 587// 452//
f 27// 26// 588//
f 588// 26// 456//
f 588// 456// 589//
f 589// 456// 455//
f 589// 455// 590//
f 590// 455// 454//
f 590// 454// 591//
f 591// 454// 453//
f 591// 453// 592//
f 592// 453// 452//
f 592// 452// 593//
f 593// 452// 587//
f 594// 107// 595//
f 596// 597// 107//
f 472// 474// 598//
f 476// 478// 599//
f 600// 601// 602//
f 462// 461// 603//
f 460// 459// 604//
f 458// 457// 605//
f 605// 457// 32//
f 602// 467// 464//
f 467// 602// 466//
f 466// 602// 601//
f 466// 601// 465//
f 98// 465// 486//
f 486// 465// 601//
f 486// 601// 484//
f 484// 601// 600//
f 484// 600// 482//
f 482// 600// 480//
f 32// 606// 605//
f 605// 606// 607//
f 605// 607// 608//
f 478// 480// 599//
f 599// 480// 600//
f 599// 600// 609//
f 609// 600// 602//
f 609// 602// 610//
f 610// 602// 464//
f 610// 464// 463//
f 607// 611// 608//
f 608// 611// 612//
f 608// 612// 613//
f 474// 476// 598//
f 598// 476// 599//
f 598// 599// 614//
f 614// 599// 609//
f 614// 609// 615//
f 615// 609// 610//
f 615// 610// 603//
f 603// 610// 463//
f 603// 463// 462//
f 612// 616// 613//
f 613// 616// 617//
f 613// 617// 618//
f 603// 619// 615//
f 615// 619// 620//
f 615// 620// 614//
f 614// 620// 621//
f 614// 621// 598//
f 598// 621// 622//
f 598// 622// 472//
f 597// 596// 623//
f 459// 458// 604//
f 604// 458// 605//
f 604// 605// 624//
f 624// 605// 608//
f 624// 608// 625//
f 625// 608// 613//
f 625// 613// 626//
f 626// 613// 618//
f 626// 618// 627//
f 627// 618// 595//
f 627// 595// 107//
f 107// 469// 622//
f 622// 469// 470//
f 622// 470// 472//
f 619// 628// 620//
f 620// 628// 629//
f 620// 629// 621//
f 621// 629// 630//
f 621// 630// 622//
f 622// 630// 107//
f 628// 623// 629//
f 629// 623// 596//
f 629// 596// 630//
f 630// 596// 107//
f 617// 631// 618//
f 618// 631// 632//
f 618// 632// 595//
f 595// 632// 633//
f 595// 633// 594//
f 461// 460// 603//
f 603// 460// 604//
f 603// 604// 619//
f 619// 604// 624//
f 619// 624// 628//
f 628// 624// 625//
f 628// 625// 623//
f 623// 625// 626//
f 623// 626// 597//
f 597// 626// 627//
f 597// 627// 107//
f 47// 499// 54//
f 54// 499// 634//
f 499// 500// 634//
f 634// 500// 501//
f 634// 501// 635//
f 501// 502// 635//
f 635// 502// 493//
f 635// 493// 636//
f 493// 492// 636//
f 636// 492// 490//
f 636// 490// 637//
f 490// 489// 637//
f 637// 489// 519//
f 637// 519// 638//
f 519// 518// 638//
f 638// 518// 109//
f 638// 109// 108//
f 639// 544// 52//
f 52// 544// 543//
f 52// 543// 50//
f 640// 641// 554//
f 554// 553// 640//
f 640// 553// 548//
f 640// 548// 639//
f 639// 548// 547//
f 639// 547// 544//
f 523// 572// 642//
f 642// 572// 571//
f 642// 571// 641//
f 641// 571// 570//
f 641// 570// 554//
f 642// 643// 523//
f 523// 643// 120//
f 523// 120// 115//
f 573// 117// 644//
f 645// 646// 117//
f 647// 648// 649//
f 650// 651// 652//
f 653// 654// 655//
f 593// 587// 656//
f 586// 585// 657//
f 584// 583// 658//
f 658// 583// 104//
f 655// 590// 591//
f 590// 655// 589//
f 589// 655// 654//
f 589// 654// 588//
f 27// 588// 659//
f 659// 588// 654//
f 659// 654// 660//
f 660// 654// 653//
f 660// 653// 661//
f 661// 653// 662//
f 104// 582// 658//
f 658// 582// 581//
f 658// 581// 663//
f 651// 662// 652//
f 652// 662// 653//
f 652// 653// 664//
f 664// 653// 655//
f 664// 655// 665//
f 665// 655// 591//
f 665// 591// 592//
f 581// 580// 663//
f 663// 580// 579//
f 663// 579// 666//
f 648// 650// 649//
f 649// 650// 652//
f 649// 652// 667//
f 667// 652// 664//
f 667// 664// 668//
f 668// 664// 665//
f 668// 665// 656//
f 656// 665// 592//
f 656// 592// 593//
f 579// 578// 666//
f 666// 578// 577//
f 666// 577// 669//
f 656// 670// 668//
f 668// 670// 671//
f 668// 671// 667//
f 667// 671// 672//
f 667// 672// 649//
f 649// 672// 673//
f 649// 673// 647//
f 646// 645// 674//
f 585// 584// 657//
f 657// 584// 658//
f 657// 658// 675//
f 675// 658// 663//
f 675// 663// 676//
f 676// 663// 666//
f 676// 666// 677//
f 677// 666// 669//
f 677// 669// 678//
f 678// 669// 644//
f 678// 644// 117//
f 117// 679// 673//
f 673// 679// 680//
f 673// 680// 647//
f 670// 681// 671//
f 671// 681// 682//
f 671// 682// 672//
f 672// 682// 683//
f 672// 683// 673//
f 673// 683// 117//
f 681// 674// 682//
f 682// 674// 645//
f 682// 645// 683//
f 683// 645// 117//
f 577// 576// 669//
f 669// 576// 575//
f 669// 575// 644//
f 644// 575// 574//
f 644// 574// 573//
f 587// 586// 656//
f 656// 586// 657//
f 656// 657// 670//
f 670// 657// 675//
f 670// 675// 681//
f 681// 675// 676//
f 681// 676// 674//
f 674// 676// 677//
f 674// 677// 646//
f 646// 677// 678//
f 646// 678// 117//
f 684// 607// 34//
f 34// 607// 606//
f 34// 606// 32//
f 685// 686// 617//
f 617// 616// 685//
f 685// 616// 612//
f 685// 612// 684//
f 684// 612// 611//
f 684// 611// 607//
f 594// 633// 687//
f 687// 633// 632//
f 687// 632// 686//
f 686// 632// 631//
f 686// 631// 617//
f 687// 688// 594//
f 594// 688// 112//
f 594// 112// 107//
f 689// 690// 691//
f 692// 693// 694//
f 695// 696// 697//
f 58// 60// 698//
f 698// 60// 699//
f 698// 699// 700//
f 700// 699// 701//
f 701// 699// 702//
f 701// 702// 703//
f 703// 702// 704//
f 703// 704// 705//
f 706// 707// 708//
f 708// 707// 709//
f 705// 704// 710//
f 710// 704// 711//
f 710// 711// 712//
f 712// 711// 708//
f 712// 708// 713//
f 713// 708// 709//
f 713// 709// 714//
f 696// 706// 697//
f 697// 706// 708//
f 697// 708// 715//
f 715// 708// 711//
f 715// 711// 716//
f 716// 711// 704//
f 716// 704// 717//
f 717// 704// 702//
f 717// 702// 718//
f 718// 702// 699//
f 718// 699// 62//
f 62// 699// 60//
f 693// 695// 694//
f 694// 695// 697//
f 694// 697// 719//
f 719// 697// 715//
f 719// 715// 720//
f 720// 715// 716//
f 720// 716// 721//
f 721// 716// 717//
f 721// 717// 722//
f 722// 717// 718//
f 722// 718// 57//
f 57// 718// 62//
f 690// 692// 691//
f 691// 692// 694//
f 691// 694// 723//
f 723// 694// 719//
f 723// 719// 724//
f 724// 719// 720//
f 724// 720// 725//
f 725// 720// 721//
f 725// 721// 726//
f 726// 721// 722//
f 726// 722// 56//
f 56// 722// 57//
f 727// 689// 728//
f 728// 689// 691//
f 728// 691// 729//
f 729// 691// 723//
f 729// 723// 730//
f 730// 723// 724//
f 730// 724// 731//
f 731// 724// 725//
f 731// 725// 732//
f 732// 725// 726//
f 732// 726// 55//
f 55// 726// 56//
f 108// 727// 638//
f 638// 727// 728//
f 638// 728// 637//
f 637// 728// 729//
f 637// 729// 636//
f 636// 729// 730//
f 636// 730// 635//
f 635// 730// 731//
f 635// 731// 634//
f 634// 731// 732//
f 634// 732// 54//
f 54// 732// 55//
f 22// 21// 733//
f 733// 21// 734//
f 733// 734// 735//
f 735// 734// 736//
f 735// 736// 737//
f 737// 736// 738//
f 737// 738// 739//
f 739// 738// 740//
f 739// 740// 741//
f 741// 740// 742//
f 741// 742// 743//
f 743// 742// 744//
f 743// 744// 745//
f 745// 744// 746//
f 745// 746// 747//
f 747// 746// 748//
f 747// 748// 749//
f 749// 748// 750//
f 749// 750// 751//
f 751// 750// 752//
f 751// 752// 753//
f 753// 752// 754//
f 753// 754// 58//
f 58// 754// 59//
f 639// 52// 53//
f 640// 639// 755//
f 641// 640// 756//
f 643// 642// 757//
f 120// 643// 758//
f 758// 643// 759//
f 760// 761// 759//
f 759// 761// 762//
f 759// 762// 758//
f 763// 764// 760//
f 760// 764// 765//
f 760// 765// 761//
f 766// 767// 763//
f 763// 767// 768//
f 763// 768// 764//
f 639// 53// 755//
f 755// 53// 49//
f 755// 49// 769//
f 769// 49// 64//
f 769// 64// 770//
f 770// 64// 63//
f 770// 63// 771//
f 771// 63// 61//
f 771// 61// 772//
f 640// 755// 756//
f 756// 755// 769//
f 756// 769// 773//
f 773// 769// 770//
f 773// 770// 774//
f 774// 770// 771//
f 774// 771// 775//
f 775// 771// 772//
f 775// 772// 776//
f 643// 757// 759//
f 759// 757// 777//
f 759// 777// 760//
f 760// 777// 778//
f 760// 778// 763//
f 763// 778// 779//
f 763// 779// 766//
f 766// 779// 780//
f 766// 780// 781//
f 782// 783// 781//
f 781// 783// 784//
f 781// 784// 766//
f 766// 784// 785//
f 766// 785// 767//
f 61// 59// 786//
f 61// 786// 772//
f 772// 786// 787//
f 772// 787// 776//
f 776// 787// 788//
f 776// 788// 789//
f 641// 756// 790//
f 790// 756// 773//
f 790// 773// 791//
f 791// 773// 774//
f 791// 774// 792//
f 792// 774// 775//
f 792// 775// 793//
f 793// 775// 776//
f 793// 776// 794//
f 794// 776// 789//
f 794// 789// 795//
f 795// 780// 794//
f 794// 780// 779//
f 794// 779// 793//
f 793// 779// 778//
f 793// 778// 792//
f 792// 778// 777//
f 792// 777// 791//
f 791// 777// 757//
f 791// 757// 790//
f 790// 757// 642//
f 790// 642// 641//
f 796// 782// 797//
f 797// 782// 781//
f 797// 781// 798//
f 798// 781// 780//
f 798// 780// 799//
f 799// 780// 795//
f 27// 659// 28//
f 28// 659// 800//
f 659// 660// 800//
f 800// 660// 661//
f 800// 661// 801//
f 661// 662// 801//
f 801// 662// 651//
f 801// 651// 802//
f 651// 650// 802//
f 802// 650// 648//
f 802// 648// 803//
f 648// 647// 803//
f 803// 647// 680//
f 803// 680// 804//
f 680// 679// 804//
f 804// 679// 117//
f 804// 117// 116//
f 684// 34// 35//
f 685// 684// 805//
f 686// 685// 806//
f 688// 687// 807//
f 112// 688// 808//
f 809// 810// 808//
f 808// 810// 811//
f 808// 811// 112//
f 812// 813// 809//
f 809// 813// 814//
f 809// 814// 810//
f 815// 816// 812//
f 812// 816// 817//
f 812// 817// 813//
f 684// 35// 805//
f 805// 35// 36//
f 805// 36// 818//
f 818// 36// 37//
f 818// 37// 819//
f 819// 37// 44//
f 819// 44// 820//
f 820// 44// 43//
f 820// 43// 821//
f 685// 805// 806//
f 806// 805// 818//
f 806// 818// 822//
f 822// 818// 819//
f 822// 819// 823//
f 823// 819// 820//
f 823// 820// 824//
f 824// 820// 821//
f 824// 821// 825//
f 688// 807// 808//
f 808// 807// 826//
f 808// 826// 809//
f 809// 826// 827//
f 809// 827// 812//
f 812// 827// 828//
f 812// 828// 815//
f 815// 828// 829//
f 815// 829// 830//
f 831// 832// 830//
f 830// 832// 833//
f 830// 833// 815//
f 815// 833// 834//
f 815// 834// 816//
f 43// 41// 835//
f 43// 835// 821//
f 821// 835// 836//
f 821// 836// 825//
f 825// 836// 837//
f 825// 837// 838//
f 686// 806// 839//
f 839// 806// 822//
f 839// 822// 840//
f 840// 822// 823//
f 840// 823// 841//
f 841// 823// 824//
f 841// 824// 842//
f 842// 824// 825//
f 842// 825// 843//
f 843// 825// 838//
f 843// 838// 844//
f 844// 829// 843//
f 843// 829// 828//
f 843// 828// 842//
f 842// 828// 827//
f 842// 827// 841//
f 841// 827// 826//
f 841// 826// 840//
f 840// 826// 807//
f 840// 807// 839//
f 839// 807// 687//
f 839// 687// 686//
f 845// 831// 846//
f 846// 831// 830//
f 846// 830// 847//
f 847// 830// 829//
f 847// 829// 848//
f 848// 829// 844//
f 108// 112// 727//
f 727// 112// 811//
f 727// 811// 689//
f 811// 810// 689//
f 689// 810// 814//
f 689// 814// 690//
f 690// 814// 813//
f 690// 813// 692//
f 692// 813// 817//
f 692// 817// 693//
f 693// 817// 816//
f 693// 816// 695//
f 695// 816// 834//
f 695// 834// 696//
f 696// 834// 833//
f 696// 833// 706//
f 706// 833// 832//
f 706// 832// 707//
f 707// 832// 831//
f 707// 831// 709//
f 709// 831// 845//
f 709// 845// 714//
f 849// 850// 22//
f 851// 852// 22//
f 853// 854// 850//
f 850// 854// 22//
f 852// 849// 22//
f 855// 856// 857//
f 713// 858// 712//
f 712// 858// 859//
f 712// 859// 710//
f 710// 859// 705//
f 705// 859// 860//
f 705// 860// 703//
f 703// 860// 861//
f 703// 861// 701//
f 701// 861// 700//
f 700// 861// 862//
f 700// 862// 698//
f 698// 862// 753//
f 698// 753// 58//
f 747// 749// 863//
f 863// 749// 751//
f 864// 858// 865//
f 865// 858// 713//
f 865// 713// 714//
f 864// 866// 858//
f 858// 866// 867//
f 858// 867// 859//
f 859// 867// 868//
f 859// 868// 860//
f 860// 868// 869//
f 860// 869// 861//
f 861// 869// 863//
f 861// 863// 862//
f 862// 863// 751//
f 862// 751// 753//
f 743// 745// 870//
f 870// 745// 747//
f 747// 863// 870//
f 870// 863// 869//
f 870// 869// 871//
f 871// 869// 868//
f 871// 868// 872//
f 872// 868// 867//
f 872// 867// 873//
f 873// 867// 866//
f 873// 866// 874//
f 739// 741// 875//
f 875// 741// 743//
f 864// 876// 866//
f 866// 876// 877//
f 866// 877// 874//
f 874// 877// 878//
f 874// 878// 879//
f 743// 870// 875//
f 875// 870// 871//
f 875// 871// 880//
f 880// 871// 872//
f 880// 872// 881//
f 881// 872// 873//
f 881// 873// 882//
f 882// 873// 874//
f 882// 874// 883//
f 883// 874// 879//
f 883// 879// 884//
f 735// 737// 885//
f 885// 737// 739//
f 739// 875// 885//
f 885// 875// 880//
f 885// 880// 886//
f 886// 880// 881//
f 886// 881// 887//
f 887// 881// 882//
f 887// 882// 888//
f 888// 882// 883//
f 888// 883// 857//
f 857// 883// 884//
f 857// 884// 855//
f 22// 733// 889//
f 889// 733// 735//
f 851// 22// 889//
f 735// 885// 889//
f 889// 885// 886//
f 889// 886// 851//
f 851// 886// 887//
f 851// 887// 852//
f 852// 887// 888//
f 852// 888// 849//
f 849// 888// 857//
f 849// 857// 850//
f 850// 857// 856//
f 850// 856// 853//
f 890// 734// 21//
f 734// 890// 736//
f 740// 738// 891//
f 744// 742// 892//
f 748// 746// 893//
f 752// 750// 894//
f 895// 896// 897//
f 797// 798// 898//
f 795// 789// 899//
f 754// 897// 59//
f 59// 897// 786//
f 786// 897// 787//
f 787// 897// 896//
f 787// 896// 788//
f 796// 797// 900//
f 900// 797// 898//
f 900// 898// 901//
f 901// 898// 902//
f 754// 752// 897//
f 897// 752// 894//
f 897// 894// 895//
f 895// 894// 903//
f 904// 905// 902//
f 902// 905// 906//
f 902// 906// 901//
f 750// 748// 894//
f 894// 748// 893//
f 894// 893// 903//
f 903// 893// 907//
f 908// 909// 904//
f 904// 909// 910//
f 904// 910// 905//
f 746// 744// 893//
f 893// 744// 892//
f 893// 892// 907//
f 907// 892// 911//
f 912// 913// 908//
f 908// 913// 914//
f 908// 914// 909//
f 742// 740// 892//
f 892// 740// 891//
f 892// 891// 911//
f 911// 891// 915//
f 21// 916// 917//
f 917// 916// 918//
f 917// 918// 912//
f 912// 918// 919//
f 912// 919// 913//
f 799// 795// 920//
f 920// 795// 899//
f 920// 899// 921//
f 921// 899// 922//
f 921// 922// 923//
f 923// 922// 924//
f 923// 924// 925//
f 925// 924// 926//
f 925// 926// 927//
f 927// 926// 928//
f 927// 928// 929//
f 929// 928// 930//
f 929// 930// 21//
f 789// 788// 899//
f 899// 788// 896//
f 899// 896// 922//
f 922// 896// 895//
f 922// 895// 924//
f 924// 895// 903//
f 924// 903// 926//
f 926// 903// 907//
f 926// 907// 928//
f 928// 907// 911//
f 928// 911// 930//
f 930// 911// 915//
f 930// 915// 21//
f 798// 799// 898//
f 898// 799// 920//
f 898// 920// 902//
f 902// 920// 921//
f 902// 921// 904//
f 904// 921// 923//
f 904// 923// 908//
f 908// 923// 925//
f 908// 925// 912//
f 912// 925// 927//
f 912// 927// 917//
f 917// 927// 929//
f 917// 929// 21//
f 738// 736// 891//
f 891// 736// 890//
f 891// 890// 915//
f 915// 890// 21//
f 931// 784// 783//
f 931// 783// 932//
f 932// 783// 782//
f 932// 782// 933//
f 933// 782// 796//
f 933// 796// 934//
f 784// 931// 785//
f 785// 931// 935//
f 785// 935// 767//
f 935// 936// 767//
f 767// 936// 937//
f 767// 937// 768//
f 768// 937// 938//
f 768// 938// 764//
f 764// 938// 939//
f 764// 939// 765//
f 765// 939// 940//
f 765// 940// 761//
f 761// 940// 941//
f 761// 941// 762//
f 762// 941// 942//
f 762// 942// 758//
f 758// 942// 116//
f 758// 116// 120//
f 942// 941// 943//
f 940// 939// 944//
f 938// 937// 945//
f 936// 935// 946//
f 40// 42// 947//
f 947// 42// 948//
f 949// 950// 948//
f 948// 950// 951//
f 948// 951// 947//
f 952// 953// 949//
f 949// 953// 954//
f 949// 954// 950//
f 955// 956// 952//
f 952// 956// 957//
f 952// 957// 953//
f 958// 959// 960//
f 960// 959// 961//
f 960// 961// 955//
f 955// 961// 962//
f 955// 962// 956//
f 934// 958// 933//
f 933// 958// 960//
f 933// 960// 932//
f 932// 960// 931//
f 935// 931// 946//
f 946// 931// 960//
f 946// 960// 963//
f 963// 960// 955//
f 963// 955// 964//
f 964// 955// 952//
f 964// 952// 965//
f 965// 952// 949//
f 965// 949// 966//
f 966// 949// 948//
f 966// 948// 39//
f 39// 948// 42//
f 937// 936// 945//
f 945// 936// 946//
f 945// 946// 967//
f 967// 946// 963//
f 967// 963// 968//
f 968// 963// 964//
f 968// 964// 969//
f 969// 964// 965//
f 969// 965// 970//
f 970// 965// 966//
f 970// 966// 38//
f 38// 966// 39//
f 939// 938// 944//
f 944// 938// 945//
f 944// 945// 971//
f 971// 945// 967//
f 971// 967// 972//
f 972// 967// 968//
f 972// 968// 973//
f 973// 968// 969//
f 973// 969// 974//
f 974// 969// 970//
f 974// 970// 31//
f 31// 970// 38//
f 941// 940// 943//
f 943// 940// 944//
f 943// 944// 975//
f 975// 944// 971//
f 975// 971// 976//
f 976// 971// 972//
f 976// 972// 977//
f 977// 972// 973//
f 977// 973// 978//
f 978// 973// 974//
f 978// 974// 29//
f 29// 974// 31//
f 116// 942// 804//
f 804// 942// 943//
f 804// 943// 803//
f 803// 943// 975//
f 803// 975// 802//
f 802// 975// 976//
f 802// 976// 801//
f 801// 976// 977//
f 801// 977// 800//
f 800// 977// 978//
f 800// 978// 28//
f 28// 978// 29//
f 714// 845// 865//
f 865// 845// 979//
f 865// 979// 864//
f 864// 979// 980//
f 864// 980// 876//
f 876// 980// 981//
f 876// 981// 877//
f 877// 981// 982//
f 877// 982// 878//
f 878// 982// 983//
f 878// 983// 879//
f 879// 983// 984//
f 879// 984// 884//
f 884// 984// 985//
f 884// 985// 855//
f 855// 985// 986//
f 855// 986// 856//
f 856// 986// 987//
f 856// 987// 853//
f 853// 987// 988//
f 853// 988// 854//
f 854// 988// 989//
f 854// 989// 22//
f 22// 989// 24//
f 21// 23// 916//
f 916// 23// 990//
f 916// 990// 918//
f 918// 990// 991//
f 918// 991// 919//
f 919// 991// 992//
f 919// 992// 913//
f 913// 992// 993//
f 913// 993// 914//
f 914// 993// 994//
f 914// 994// 909//
f 909// 994// 995//
f 909// 995// 910//
f 910// 995// 996//
f 910// 996// 905//
f 905// 996// 997//
f 905// 997// 906//
f 906// 997// 998//
f 906// 998// 901//
f 901// 998// 999//
f 901// 999// 900//
f 900// 999// 1000//
f 900// 1000// 796//
f 796// 1000// 934//
f 1001// 1002// 24//
f 1002// 1001// 1003//
f 1004// 1005// 1006//
f 1007// 1008// 1009//
f 1010// 1011// 1012//
f 1013// 1014// 1015//
f 1016// 1017// 1018//
f 846// 847// 1019//
f 844// 838// 1020//
f 1021// 1018// 41//
f 41// 1018// 835//
f 835// 1018// 836//
f 836// 1018// 1017//
f 836// 1017// 837//
f 845// 846// 979//
f 979// 846// 1019//
f 979// 1019// 980//
f 980// 1019// 1022//
f 1021// 1013// 1018//
f 1018// 1013// 1015//
f 1018// 1015// 1016//
f 1016// 1015// 1023//
f 1024// 982// 1022//
f 1022// 982// 981//
f 1022// 981// 980//
f 1014// 1010// 1015//
f 1015// 1010// 1012//
f 1015// 1012// 1023//
f 1023// 1012// 1025//
f 1026// 984// 1024//
f 1024// 984// 983//
f 1024// 983// 982//
f 1011// 1007// 1012//
f 1012// 1007// 1009//
f 1012// 1009// 1025//
f 1025// 1009// 1027//
f 1028// 986// 1026//
f 1026// 986// 985//
f 1026// 985// 984//
f 1008// 1004// 1009//
f 1009// 1004// 1006//
f 1009// 1006// 1027//
f 1027// 1006// 1029//
f 24// 989// 1030//
f 1030// 989// 988//
f 1030// 988// 1028//
f 1028// 988// 987//
f 1028// 987// 986//
f 848// 844// 1031//
f 1031// 844// 1020//
f 1031// 1020// 1032//
f 1032// 1020// 1033//
f 1032// 1033// 1034//
f 1034// 1033// 1035//
f 1034// 1035// 1036//
f 1036// 1035// 1037//
f 1036// 1037// 1038//
f 1038// 1037// 1039//
f 1038// 1039// 1040//
f 1040// 1039// 1041//
f 1040// 1041// 24//
f 838// 837// 1020//
f 1020// 837// 1017//
f 1020// 1017// 1033//
f 1033// 1017// 1016//
f 1033// 1016// 1035//
f 1035// 1016// 1023//
f 1035// 1023// 1037//
f 1037// 1023// 1025//
f 1037// 1025// 1039//
f 1039// 1025// 1027//
f 1039// 1027// 1041//
f 1041// 1027// 1029//
f 1041// 1029// 24//
f 847// 848// 1019//
f 1019// 848// 1031//
f 1019// 1031// 1022//
f 1022// 1031// 1032//
f 1022// 1032// 1024//
f 1024// 1032// 1034//
f 1024// 1034// 1026//
f 1026// 1034// 1036//
f 1026// 1036// 1028//
f 1028// 1036// 1038//
f 1028// 1038// 1030//
f 1030// 1038// 1040//
f 1030// 1040// 24//
f 1005// 1003// 1006//
f 1006// 1003// 1001//
f 1006// 1001// 1029//
f 1029// 1001// 24//
f 1042// 1043// 23//
f 1044// 1045// 23//
f 1044// 23// 1046//
f 991// 990// 1043//
f 1043// 990// 23//
f 1045// 1042// 23//
f 993// 992// 1047//
f 958// 1048// 959//
f 959// 1048// 1049//
f 957// 956// 1050//
f 1050// 956// 962//
f 1050// 962// 1049//
f 1049// 962// 961//
f 1049// 961// 959//
f 957// 1050// 953//
f 953// 1050// 1051//
f 953// 1051// 954//
f 954// 1051// 1052//
f 954// 1052// 950//
f 950// 1052// 951//
f 951// 1052// 1053//
f 951// 1053// 947//
f 947// 1053// 1054//
f 947// 1054// 40//
f 1055// 1056// 1057//
f 1057// 1056// 1058//
f 958// 934// 1048//
f 1048// 934// 1000//
f 1048// 1000// 999//
f 999// 1059// 1048//
f 1048// 1059// 1060//
f 1048// 1060// 1049//
f 1049// 1060// 1061//
f 1049// 1061// 1050//
f 1050// 1061// 1062//
f 1050// 1062// 1051//
f 1051// 1062// 1063//
f 1051// 1063// 1052//
f 1052// 1063// 1057//
f 1052// 1057// 1053//
f 1053// 1057// 1058//
f 1053// 1058// 1054//
f 1064// 1065// 1066//
f 1066// 1065// 1055//
f 1055// 1057// 1066//
f 1066// 1057// 1063//
f 1066// 1063// 1067//
f 1067// 1063// 1062//
f 1067// 1062// 1068//
f 1068// 1062// 1061//
f 1068// 1061// 1069//
f 1069// 1061// 1060//
f 1069// 1060// 1070//
f 1070// 1060// 1059//
f 1070// 1059// 1071//
f 1072// 1073// 1074//
f 1074// 1073// 1064//
f 999// 998// 1059//
f 1059// 998// 997//
f 1059// 997// 1071//
f 1071// 997// 996//
f 1071// 996// 995//
f 1064// 1066// 1074//
f 1074// 1066// 1067//
f 1074// 1067// 1075//
f 1075// 1067// 1068//
f 1075// 1068// 1076//
f 1076// 1068// 1069//
f 1076// 1069// 1077//
f 1077// 1069// 1070//
f 1077// 1070// 1078//
f 1078// 1070// 1071//
f 1078// 1071// 1079//
f 1079// 1071// 995//
f 1079// 995// 994//
f 1080// 1081// 1082//
f 1082// 1081// 1072//
f 1072// 1074// 1082//
f 1082// 1074// 1075//
f 1082// 1075// 1083//
f 1083// 1075// 1076//
f 1083// 1076// 1084//
f 1084// 1076// 1077//
f 1084// 1077// 1085//
f 1085// 1077// 1078//
f 1085// 1078// 1086//
f 1086// 1078// 1079//
f 1086// 1079// 1047//
f 1047// 1079// 994//
f 1047// 994// 993//
f 23// 1087// 1088//
f 1088// 1087// 1080//
f 1046// 23// 1088//
f 1080// 1082// 1088//
f 1088// 1082// 1083//
f 1088// 1083// 1046//
f 1046// 1083// 1084//
f 1046// 1084// 1044//
f 1044// 1084// 1085//
f 1044// 1085// 1045//
f 1045// 1085// 1086//
f 1045// 1086// 1042//
f 1042// 1086// 1047//
f 1042// 1047// 1043//
f 1043// 1047// 992//
f 1043// 992// 991//
f 23// 24// 1087//
f 1087// 24// 1002//
f 1087// 1002// 1080//
f 1080// 1002// 1003//
f 1080// 1003// 1081//
f 1081// 1003// 1005//
f 1081// 1005// 1072//
f 1072// 1005// 1004//
f 1072// 1004// 1073//
f 1073// 1004// 1008//
f 1073// 1008// 1064//
f 1064// 1008// 1007//
f 1064// 1007// 1065//
f 1065// 1007// 1011//
f 1065// 1011// 1055//
f 1055// 1011// 1010//
f 1055// 1010// 1056//
f 1056// 1010// 1014//
f 1056// 1014// 1058//
f 1058// 1014// 1013//
f 1058// 1013// 1054//
f 1054// 1013// 1021//
f 1054// 1021// 40//
f 40// 1021// 41//
usemtl 2
f 1089// 1090// 106//
f 106// 1090// 110//
f 105// 111// 1091//
f 1091// 111// 1092//
f 20// 1093// 19//
f 19// 1093// 1094//
f 19// 1094// 1095//
f 1095// 1096// 19//
f 19// 1096// 1097//
f 19// 1097// 1098//
f 1099// 1098// 1097//
f 1099// 1097// 1100//
f 1100// 1097// 1096//
f 1100// 1096// 1101//
f 1101// 1096// 1095//
f 1101// 1095// 1102//
f 1102// 1095// 1094//
f 1102// 1094// 1103//
f 1103// 1094// 1093//
f 1103// 1093// 1104//
f 1104// 1093// 20//
f 1104// 20// 67//
f 1104// 67// 68//
f 1101// 68// 1100//
f 1100// 68// 1099//
f 1101// 1102// 68//
f 68// 1102// 1103//
f 68// 1103// 1104//
f 1089// 68// 1090//
f 1090// 68// 19//
f 1090// 19// 1105//
f 1105// 19// 1098//
f 1105// 1098// 1106//
f 1106// 1098// 1099//
f 1099// 68// 1106//
f 1106// 68// 1089//
f 1105// 1107// 1090//
f 1090// 1107// 1108//
f 1090// 1108// 1109//
f 1109// 1110// 1090//
f 1090// 1110// 1111//
f 1090// 1111// 1112//
f 1113// 1112// 1111//
f 1113// 1111// 1114//
f 1114// 1111// 1110//
f 1114// 1110// 1115//
f 1115// 1110// 1109//
f 1115// 1109// 1116//
f 1116// 1109// 1108//
f 1116// 1108// 1117//
f 1117// 1108// 1107//
f 1117// 1107// 1118//
f 1118// 1107// 1105//
f 1118// 1105// 1106//
f 1089// 1113// 1114//
f 1106// 1089// 1118//
f 1118// 1089// 1117//
f 1114// 1115// 1089//
f 1089// 1115// 1116//
f 1089// 1116// 1117//
f 1092// 111// 1112//
f 1112// 111// 110//
f 1112// 110// 1090//
f 1092// 1112// 1091//
f 1091// 1112// 1113//
f 105// 1091// 106//
f 106// 1091// 1113//
f 106// 1113// 1089//
f 1119// 1120// 114//
f 114// 1120// 118//
f 113// 119// 1121//
f 1121// 119// 1122//
f 1123// 1124// 1125//
f 1123// 1125// 1126//
f 1126// 1125// 1127//
f 1126// 1127// 1128//
f 1128// 1127// 1129//
f 1128// 1129// 1130//
f 1130// 1129// 1131//
f 1130// 1131// 1132//
f 1132// 1131// 1133//
f 1132// 1133// 1134//
f 1134// 1133// 74//
f 1134// 74// 15//
f 1130// 1132// 16//
f 16// 1132// 1134//
f 16// 1134// 15//
f 1123// 1126// 16//
f 16// 1126// 1128//
f 16// 1128// 1130//
f 74// 1133// 73//
f 73// 1133// 1131//
f 73// 1131// 1129//
f 1129// 1127// 73//
f 73// 1127// 1125//
f 73// 1125// 1124//
f 1135// 1124// 1136//
f 1136// 1124// 1123//
f 1136// 1123// 1119//
f 1119// 1123// 16//
f 1119// 16// 1120//
f 1120// 16// 73//
f 73// 1124// 1120//
f 1120// 1124// 1135//
f 1137// 1138// 1139//
f 1137// 1139// 1140//
f 1140// 1139// 1141//
f 1140// 1141// 1142//
f 1142// 1141// 1143//
f 1142// 1143// 1144//
f 1144// 1143// 1145//
f 1144// 1145// 1146//
f 1146// 1145// 1147//
f 1146// 1147// 1148//
f 1148// 1147// 1135//
f 1148// 1135// 1136//
f 1137// 1140// 1119//
f 1119// 1140// 1142//
f 1119// 1142// 1144//
f 1144// 1146// 1119//
f 1119// 1146// 1148//
f 1119// 1148// 1136//
f 1120// 1135// 1147//
f 1138// 1120// 1139//
f 1139// 1120// 1141//
f 1147// 1145// 1120//
f 1120// 1145// 1143//
f 1120// 1143// 1141//
f 1122// 1138// 1121//
f 1121// 1138// 1137//
f 113// 1121// 114//
f 114// 1121// 1137//
f 114// 1137// 1119//
f 1122// 119// 1138//
f 1138// 119// 118//
f 1138// 118// 1120//
usemtl 3
f 1149// 1150// 10//
f 10// 1150// 12//
f 1150// 1151// 12//
f 12// 1151// 79//
f 1151// 1152// 79//
f 79// 1152// 77//
f 1152// 1149// 77//
f 77// 1149// 10//
f 1152// 1151// 1149//
f 1149// 1151// 1150//
f 1153// 1154// 6//
f 6// 1154// 8//
f 1154// 1155// 8//
f 8// 1155// 11//
f 1155// 1156// 11//
f 11// 1156// 9//
f 1156// 1153// 9//
f 9// 1153// 6//
f 1156// 1155// 1153//
f 1153// 1155// 1154//
f 1157// 1158// 3//
f 3// 1158// 1//
f 1158// 1159// 1//
f 1// 1159// 7//
f 1159// 1160// 7//
f 7// 1160// 5//
f 1160// 1157// 5//
f 5// 1157// 3//
f 1160// 1159// 1157//
f 1157// 1159// 1158//
usemtl 4
f 1161// 1162// 1163//
f 1163// 1162// 1164//
f 1165// 1161// 1166//
f 1166// 1161// 1163//
f 1167// 1165// 1168//
f 1168// 1165// 1166//
f 1169// 1167// 1170//
f 1170// 1167// 1168//
f 1171// 1169// 1172//
f 1172// 1169// 1170//
f 1162// 1171// 1164//
f 1164// 1171// 1172//
f 1167// 1169// 1165//
f 1165// 1169// 1171//
f 1165// 1171// 1161//
f 1161// 1171// 1162//
f 1163// 1164// 1166//
f 1166// 1164// 1172//
f 1166// 1172// 1168//
f 1168// 1172// 1170//
f 1173// 1174// 1175//
f 1173// 1175// 1176//
f 1176// 1175// 1177//
f 1176// 1177// 1178//
f 1178// 1177// 1179//
f 1178// 1179// 1180//
f 1180// 1179// 1181//
f 1180// 1181// 1182//
f 1182// 1181// 1183//
f 1182// 1183// 1184//
f 1184// 1183// 1185//
f 1184// 1185// 1186//
f 1187// 1186// 1188//
f 1188// 1186// 1185//
f 1187// 1188// 1189//
f 1187// 1189// 1190//
f 1190// 1189// 1191//
f 1190// 1191// 1192//
f 1192// 1191// 1193//
f 1192// 1193// 1194//
f 1194// 1193// 1195//
f 1194// 1195// 1196//
f 1196// 1195// 1197//
f 1196// 1197// 1198//
f 1198// 1197// 1199//
f 1198// 1199// 1200//
f 1200// 1199// 1201//
f 1200// 1201// 1202//
f 1202// 1201// 1203//
f 1202// 1203// 1204//
f 1204// 1203// 1205//
f 1204// 1205// 1206//
f 1206// 1205// 1207//
f 1206// 1207// 1208//
f 1208// 1207// 1209//
f 1208// 1209// 1210//
f 1210// 1209// 1211//
f 1210// 1211// 1212//
f 1212// 1211// 1213//
f 1212// 1213// 1214//
f 1214// 1213// 1215//
f 1214// 1215// 1216//
f 1216// 1215// 1217//
f 1216// 1217// 1218//
f 1218// 1217// 1219//
f 1218// 1219// 1220//
f 1220// 1219// 1221//
f 1220// 1221// 1222//
f 1222// 1221// 1223//
f 1222// 1223// 1224//
f 1224// 1223// 1225//
f 1224// 1225// 1226//
f 1226// 1225// 1227//
f 1226// 1227// 1228//
f 1228// 1227// 1229//
f 1228// 1229// 1230//
f 1230// 1229// 1231//
f 1230// 1231// 1232//
f 1232// 1231// 1233//
f 1232// 1233// 1234//
f 1234// 1233// 1235//
f 1234// 1235// 1236//
f 1236// 1235// 1237//
f 1236// 1237// 1238//
f 1238// 1237// 1239//
f 1238// 1239// 1240//
f 1240// 1239// 1241//
f 1240// 1241// 1242//
f 1242// 1241// 1243//
f 1242// 1243// 1244//
f 1244// 1243// 1245//
f 1244// 1245// 1246//
f 1246// 1245// 1247//
f 1246// 1247// 1248//
f 1248// 1247// 1249//
f 1248// 1249// 1250//
f 1250// 1249// 1251//
f 1250// 1251// 1252//
f 1252// 1251// 1253//
f 1252// 1253// 1254//
f 1254// 1253// 1255//
f 1254// 1255// 1256//
f 1256// 1255// 1257//
f 1256// 1257// 1258//
f 1258// 1257// 1259//
f 1258// 1259// 1260//
f 1260// 1259// 1261//
f 1260// 1261// 1262//
f 1262// 1261// 1263//
f 1262// 1263// 1264//
f 1264// 1263// 1265//
f 1264// 1265// 1266//
f 1266// 1265// 1267//
f 1266// 1267// 1268//
f 1268// 1267// 1269//
f 1268// 1269// 1270//
f 1270// 1269// 1271//
f 1270// 1271// 1272//
f 1272// 1271// 1273//
f 1272// 1273// 1274//
f 1274// 1273// 1275//
f 1274// 1275// 1276//
f 1277// 1276// 1278//
f 1278// 1276// 1275//
f 1277// 1278// 1279//
f 1277// 1279// 1280//
f 1280// 1279// 1281//
f 1280// 1281// 1282//
f 1282// 1281// 1283//
f 1282// 1283// 1284//
f 1284// 1283// 1285//
f 1284// 1285// 1286//
f 1286// 1285// 1287//
f 1286// 1287// 1288//
f 1288// 1287// 1289//
f 1288// 1289// 1290//
f 1290// 1289// 1291//
f 1290// 1291// 1292//
f 1292// 1291// 1293//
f 1292// 1293// 1294//
f 1294// 1293// 1295//
f 1294// 1295// 1296//
f 1296// 1295// 1297//
f 1296// 1297// 1298//
f 1298// 1297// 1299//
f 1298// 1299// 1300//
f 1300// 1299// 1301//
f 1300// 1301// 1302//
f 1302// 1301// 1303//
f 1302// 1303// 1304//
f 1304// 1303// 1305//
f 1304// 1305// 1306//
f 1306// 1305// 1307//
f 1306// 1307// 1308//
f 1308// 1307// 1309//
f 1308// 1309// 1310//
f 1310// 1309// 1311//
f 1310// 1311// 1312//
f 1312// 1311// 1313//
f 1312// 1313// 1314//
f 1314// 1313// 1315//
f 1314// 1315// 1316//
f 1316// 1315// 1317//
f 1316// 1317// 1318//
f 1318// 1317// 1319//
f 1318// 1319// 1320//
f 1320// 1319// 1321//
f 1320// 1321// 1322//
f 1322// 1321// 1323//
f 1322// 1323// 1324//
f 1324// 1323// 1325//
f 1324// 1325// 1326//
f 1326// 1325// 1327//
f 1326// 1327// 1328//
f 1328// 1327// 1329//
f 1328// 1329// 1330//
f 1330// 1329// 1331//
f 1330// 1331// 1332//
f 1332// 1331// 1333//
f 1332// 1333// 1334//
f 1334// 1333// 1335//
f 1334// 1335// 1336//
f 1336// 1335// 1337//
f 1336// 1337// 1338//
f 1338// 1337// 1339//
f 1338// 1339// 1340//
f 1340// 1339// 1341//
f 1340// 1341// 1342//
f 1342// 1341// 1343//
f 1342// 1343// 1344//
f 1344// 1343// 1345//
f 1344// 1345// 1346//
f 1346// 1345// 1347//
f 1346// 1347// 1348//
f 1348// 1347// 1349//
f 1348// 1349// 1350//
f 1350// 1349// 1351//
f 1350// 1351// 1352//
f 1352// 1351// 1353//
f 1352// 1353// 1354//
f 1354// 1353// 1355//
f 1354// 1355// 1356//
f 1356// 1355// 1357//
f 1356// 1357// 1358//
f 1358// 1357// 1174//
f 1358// 1174// 1173//
f 1274// 1276// 1277//
f 1218// 1338// 1340//
f 1194// 1182// 1192//
f 1192// 1182// 1184//
f 1192// 1184// 1190//
f 1190// 1184// 1186//
f 1190// 1186// 1187//
f 1218// 1340// 1216//
f 1216// 1340// 1342//
f 1216// 1342// 1214//
f 1214// 1342// 1344//
f 1214// 1344// 1212//
f 1212// 1344// 1346//
f 1212// 1346// 1210//
f 1210// 1346// 1348//
f 1210// 1348// 1208//
f 1348// 1350// 1208//
f 1208// 1350// 1352//
f 1208// 1352// 1206//
f 1206// 1352// 1354//
f 1206// 1354// 1204//
f 1204// 1354// 1356//
f 1204// 1356// 1202//
f 1202// 1356// 1358//
f 1202// 1358// 1200//
f 1200// 1358// 1173//
f 1200// 1173// 1198//
f 1198// 1173// 1176//
f 1198// 1176// 1196//
f 1196// 1176// 1178//
f 1196// 1178// 1194//
f 1194// 1178// 1180//
f 1194// 1180// 1182//
f 1250// 1304// 1248//
f 1248// 1304// 1306//
f 1248// 1306// 1246//
f 1246// 1306// 1308//
f 1246// 1308// 1244//
f 1244// 1308// 1310//
f 1244// 1310// 1242//
f 1242// 1310// 1312//
f 1242// 1312// 1240//
f 1240// 1312// 1314//
f 1240// 1314// 1238//
f 1238// 1314// 1316//
f 1238// 1316// 1236//
f 1274// 1277// 1272//
f 1272// 1277// 1280//
f 1272// 1280// 1270//
f 1270// 1280// 1282//
f 1270// 1282// 1268//
f 1268// 1282// 1284//
f 1268// 1284// 1266//
f 1266// 1284// 1286//
f 1266// 1286// 1264//
f 1264// 1286// 1288//
f 1264// 1288// 1262//
f 1262// 1288// 1290//
f 1262// 1290// 1260//
f 1260// 1290// 1292//
f 1260// 1292// 1258//
f 1258// 1292// 1294//
f 1258// 1294// 1256//
f 1256// 1294// 1296//
f 1256// 1296// 1254//
f 1254// 1296// 1298//
f 1254// 1298// 1252//
f 1252// 1298// 1300//
f 1252// 1300// 1250//
f 1250// 1300// 1302//
f 1250// 1302// 1304//
f 1338// 1218// 1336//
f 1336// 1218// 1220//
f 1336// 1220// 1334//
f 1334// 1220// 1222//
f 1334// 1222// 1332//
f 1332// 1222// 1224//
f 1332// 1224// 1330//
f 1330// 1224// 1226//
f 1330// 1226// 1328//
f 1328// 1226// 1326//
f 1326// 1226// 1228//
f 1326// 1228// 1324//
f 1316// 1318// 1236//
f 1236// 1318// 1320//
f 1236// 1320// 1234//
f 1234// 1320// 1322//
f 1234// 1322// 1232//
f 1232// 1322// 1324//
f 1232// 1324// 1230//
f 1230// 1324// 1228//
f 1189// 1188// 1185//
f 1189// 1185// 1191//
f 1205// 1351// 1207//
f 1207// 1351// 1349//
f 1207// 1349// 1209//
f 1209// 1349// 1347//
f 1209// 1347// 1211//
f 1211// 1347// 1345//
f 1211// 1345// 1213//
f 1213// 1345// 1343//
f 1213// 1343// 1215//
f 1275// 1273// 1278//
f 1278// 1273// 1271//
f 1278// 1271// 1279//
f 1279// 1271// 1269//
f 1343// 1341// 1215//
f 1215// 1341// 1339//
f 1215// 1339// 1217//
f 1217// 1339// 1337//
f 1217// 1337// 1219//
f 1219// 1337// 1335//
f 1219// 1335// 1221//
f 1221// 1335// 1333//
f 1221// 1333// 1223//
f 1185// 1183// 1191//
f 1191// 1183// 1181//
f 1191// 1181// 1193//
f 1193// 1181// 1179//
f 1193// 1179// 1195//
f 1195// 1179// 1177//
f 1195// 1177// 1197//
f 1197// 1177// 1175//
f 1197// 1175// 1199//
f 1199// 1175// 1174//
f 1199// 1174// 1201//
f 1201// 1174// 1357//
f 1201// 1357// 1203//
f 1203// 1357// 1355//
f 1203// 1355// 1205//
f 1205// 1355// 1353//
f 1205// 1353// 1351//
f 1243// 1307// 1245//
f 1245// 1307// 1305//
f 1245// 1305// 1247//
f 1247// 1305// 1303//
f 1247// 1303// 1249//
f 1249// 1303// 1301//
f 1249// 1301// 1251//
f 1251// 1301// 1299//
f 1251// 1299// 1253//
f 1253// 1299// 1297//
f 1253// 1297// 1255//
f 1255// 1297// 1295//
f 1255// 1295// 1257//
f 1257// 1295// 1293//
f 1257// 1293// 1259//
f 1259// 1293// 1291//
f 1259// 1291// 1261//
f 1261// 1291// 1289//
f 1261// 1289// 1263//
f 1263// 1289// 1287//
f 1263// 1287// 1265//
f 1265// 1287// 1285//
f 1265// 1285// 1267//
f 1267// 1285// 1283//
f 1267// 1283// 1269//
f 1269// 1283// 1281//
f 1269// 1281// 1279//
f 1323// 1321// 1233//
f 1233// 1321// 1319//
f 1233// 1319// 1235//
f 1235// 1319// 1317//
f 1235// 1317// 1237//
f 1237// 1317// 1315//
f 1237// 1315// 1239//
f 1239// 1315// 1313//
f 1239// 1313// 1241//
f 1241// 1313// 1311//
f 1241// 1311// 1243//
f 1243// 1311// 1309//
f 1243// 1309// 1307//
f 1333// 1331// 1223//
f 1223// 1331// 1329//
f 1223// 1329// 1225//
f 1225// 1329// 1327//
f 1225// 1327// 1227//
f 1227// 1327// 1325//
f 1227// 1325// 1229//
f 1229// 1325// 1323//
f 1229// 1323// 1231//
f 1231// 1323// 1233//
f 1359// 1360// 1361//
f 1361// 1360// 1362//
f 1363// 1359// 1364//
f 1364// 1359// 1361//
f 1365// 1363// 1366//
f 1366// 1363// 1364//
f 1367// 1365// 1368//
f 1368// 1365// 1366//
f 1369// 1367// 1370//
f 1370// 1367// 1368//
f 1371// 1369// 1372//
f 1372// 1369// 1370//
f 1373// 1371// 1374//
f 1374// 1371// 1372//
f 1375// 1373// 1376//
f 1376// 1373// 1374//
f 1377// 1375// 1378//
f 1378// 1375// 1376//
f 1379// 1377// 1380//
f 1380// 1377// 1378//
f 1381// 1379// 1382//
f 1382// 1379// 1380//
f 1360// 1381// 1362//
f 1362// 1381// 1382//
f 1381// 1360// 1359//
f 1359// 1363// 1381//
f 1381// 1363// 1365//
f 1381// 1365// 1379//
f 1375// 1377// 1373//
f 1373// 1377// 1379//
f 1373// 1379// 1371//
f 1371// 1379// 1365//
f 1371// 1365// 1369//
f 1369// 1365// 1367//
f 1370// 1368// 1372//
f 1372// 1368// 1366//
f 1378// 1376// 1380//
f 1380// 1376// 1374//
f 1361// 1362// 1364//
f 1364// 1362// 1382//
f 1364// 1382// 1366//
f 1366// 1382// 1380//
f 1366// 1380// 1372//
f 1372// 1380// 1374//
f 1383// 1384// 1385//
f 1385// 1384// 1386//
f 1385// 1386// 1387//
f 1387// 1386// 1388//
f 1387// 1388// 1389//
f 1389// 1388// 1390//
f 1389// 1390// 1391//
f 1391// 1390// 1392//
f 1391// 1392// 1393//
f 1393// 1392// 1394//
f 1393// 1394// 1395//
f 1395// 1394// 1396//
f 1395// 1396// 1397//
f 1397// 1396// 1398//
f 1397// 1398// 1399//
f 1400// 1401// 1402//
f 1402// 1401// 1403//
f 1402// 1403// 1404//
f 1404// 1403// 1405//
f 1404// 1405// 1406//
f 1406// 1405// 1407//
f 1406// 1407// 1408//
f 1407// 1409// 1408//
f 1408// 1409// 1410//
f 1408// 1410// 1411//
f 1411// 1410// 1412//
f 1411// 1412// 1413//
f 1413// 1412// 1414//
f 1413// 1414// 1415//
f 1415// 1414// 1416//
f 1415// 1416// 1417//
f 1417// 1416// 1418//
f 1417// 1418// 1419//
f 1419// 1418// 1420//
f 1419// 1420// 1421//
f 1421// 1420// 1422//
f 1421// 1422// 1423//
f 1423// 1422// 1424//
f 1423// 1424// 1425//
f 1425// 1424// 1426//
f 1425// 1426// 1427//
f 1427// 1426// 1428//
f 1427// 1428// 1429//
f 1429// 1428// 1430//
f 1429// 1430// 1431//
f 1431// 1430// 1432//
f 1431// 1432// 1433//
f 1433// 1432// 1434//
f 1433// 1434// 1435//
f 1435// 1434// 1436//
f 1435// 1436// 1437//
f 1437// 1436// 1438//
f 1437// 1438// 1439//
f 1439// 1438// 1440//
f 1439// 1440// 1441//
f 1441// 1440// 1442//
f 1441// 1442// 1383//
f 1383// 1442// 1443//
f 1383// 1443// 1384//
f 1398// 1444// 1399//
f 1399// 1444// 1445//
f 1399// 1445// 1446//
f 1446// 1445// 1447//
f 1446// 1447// 1448//
f 1448// 1447// 1449//
f 1448// 1449// 1450//
f 1450// 1449// 1451//
f 1450// 1451// 1452//
f 1452// 1451// 1453//
f 1452// 1453// 1454//
f 1454// 1453// 1455//
f 1454// 1455// 1400//
f 1400// 1455// 1456//
f 1400// 1456// 1401//
f 1457// 1458// 1459//
f 1459// 1458// 1460//
f 1459// 1460// 1461//
f 1461// 1460// 1462//
f 1461// 1462// 1463//
f 1463// 1462// 1464//
f 1463// 1464// 1465//
f 1465// 1464// 1466//
f 1465// 1466// 1467//
f 1467// 1466// 1468//
f 1467// 1468// 1469//
f 1470// 1471// 1472//
f 1472// 1471// 1473//
f 1472// 1473// 1474//
f 1474// 1473// 1475//
f 1474// 1475// 1476//
f 1476// 1475// 1477//
f 1476// 1477// 1478//
f 1478// 1477// 1479//
f 1478// 1479// 1480//
f 1480// 1479// 1481//
f 1480// 1481// 1482//
f 1482// 1481// 1483//
f 1482// 1483// 1484//
f 1484// 1483// 1485//
f 1484// 1485// 1486//
f 1486// 1485// 1487//
f 1486// 1487// 1488//
f 1488// 1487// 1489//
f 1488// 1489// 1490//
f 1490// 1489// 1491//
f 1490// 1491// 1492//
f 1492// 1491// 1493//
f 1492// 1493// 1494//
f 1494// 1493// 1495//
f 1494// 1495// 1496//
f 1496// 1495// 1497//
f 1496// 1497// 1498//
f 1498// 1497// 1499//
f 1498// 1499// 1457//
f 1457// 1499// 1500//
f 1457// 1500// 1458//
f 1501// 1502// 1503//
f 1503// 1502// 1504//
f 1503// 1504// 1505//
f 1505// 1504// 1506//
f 1505// 1506// 1507//
f 1507// 1506// 1508//
f 1507// 1508// 1509//
f 1509// 1508// 1510//
f 1509// 1510// 1511//
f 1511// 1510// 1512//
f 1511// 1512// 1513//
f 1513// 1512// 1514//
f 1513// 1514// 1515//
f 1515// 1514// 1516//
f 1515// 1516// 1470//
f 1470// 1516// 1517//
f 1470// 1517// 1471//
f 1468// 1518// 1469//
f 1469// 1518// 1519//
f 1469// 1519// 1520//
f 1520// 1519// 1521//
f 1520// 1521// 1522//
f 1522// 1521// 1523//
f 1522// 1523// 1524//
f 1524// 1523// 1525//
f 1524// 1525// 1526//
f 1526// 1525// 1527//
f 1526// 1527// 1528//
f 1528// 1527// 1529//
f 1528// 1529// 1501//
f 1501// 1529// 1530//
f 1501// 1530// 1502//
f 1436// 1434// 1481//
f 1481// 1434// 1483//
f 1436// 1481// 1479//
f 1436// 1479// 1438//
f 1438// 1479// 1477//
f 1438// 1477// 1440//
f 1440// 1477// 1475//
f 1440// 1475// 1442//
f 1442// 1475// 1473//
f 1442// 1473// 1443//
f 1443// 1473// 1471//
f 1443// 1471// 1384//
f 1384// 1471// 1517//
f 1384// 1517// 1386//
f 1386// 1517// 1516//
f 1386// 1516// 1388//
f 1388// 1516// 1514//
f 1388// 1514// 1390//
f 1390// 1514// 1512//
f 1390// 1512// 1392//
f 1392// 1512// 1510//
f 1392// 1510// 1394//
f 1394// 1510// 1508//
f 1394// 1508// 1396//
f 1396// 1508// 1506//
f 1396// 1506// 1398//
f 1398// 1506// 1504//
f 1398// 1504// 1444//
f 1444// 1504// 1502//
f 1444// 1502// 1445//
f 1445// 1502// 1530//
f 1445// 1530// 1447//
f 1447// 1530// 1529//
f 1447// 1529// 1449//
f 1449// 1529// 1527//
f 1449// 1527// 1451//
f 1451// 1527// 1525//
f 1451// 1525// 1453//
f 1453// 1525// 1523//
f 1453// 1523// 1455//
f 1455// 1523// 1521//
f 1455// 1521// 1456//
f 1456// 1521// 1519//
f 1456// 1519// 1401//
f 1401// 1519// 1518//
f 1401// 1518// 1403//
f 1403// 1518// 1468//
f 1403// 1468// 1405//
f 1405// 1468// 1466//
f 1405// 1466// 1407//
f 1407// 1466// 1464//
f 1407// 1464// 1409//
f 1409// 1464// 1462//
f 1409// 1462// 1410//
f 1410// 1462// 1460//
f 1410// 1460// 1412//
f 1412// 1460// 1458//
f 1412// 1458// 1414//
f 1414// 1458// 1500//
f 1414// 1500// 1416//
f 1416// 1500// 1499//
f 1416// 1499// 1418//
f 1418// 1499// 1497//
f 1418// 1497// 1420//
f 1420// 1497// 1495//
f 1420// 1495// 1422//
f 1422// 1495// 1493//
f 1422// 1493// 1424//
f 1424// 1493// 1491//
f 1424// 1491// 1426//
f 1426// 1491// 1489//
f 1426// 1489// 1428//
f 1428// 1489// 1487//
f 1428// 1487// 1430//
f 1432// 1430// 1485//
f 1485// 1430// 1487//
f 1434// 1432// 1483//
f 1483// 1432// 1485//
f 1429// 1431// 1486//
f 1486// 1431// 1484//
f 1431// 1433// 1484//
f 1484// 1433// 1482//
f 1433// 1435// 1482//
f 1482// 1435// 1480//
f 1391// 1511// 1513//
f 1391// 1513// 1389//
f 1389// 1513// 1515//
f 1389// 1515// 1387//
f 1387// 1515// 1470//
f 1387// 1470// 1385//
f 1385// 1470// 1472//
f 1385// 1472// 1383//
f 1383// 1472// 1474//
f 1383// 1474// 1441//
f 1441// 1474// 1476//
f 1441// 1476// 1439//
f 1439// 1476// 1478//
f 1439// 1478// 1437//
f 1437// 1478// 1480//
f 1437// 1480// 1435//
f 1452// 1524// 1526//
f 1452// 1526// 1450//
f 1450// 1526// 1528//
f 1450// 1528// 1448//
f 1448// 1528// 1501//
f 1448// 1501// 1446//
f 1446// 1501// 1503//
f 1446// 1503// 1399//
f 1399// 1503// 1505//
f 1399// 1505// 1397//
f 1397// 1505// 1507//
f 1397// 1507// 1395//
f 1395// 1507// 1509//
f 1395// 1509// 1393//
f 1393// 1509// 1511//
f 1393// 1511// 1391//
f 1413// 1459// 1461//
f 1413// 1461// 1411//
f 1411// 1461// 1463//
f 1411// 1463// 1408//
f 1408// 1463// 1465//
f 1408// 1465// 1406//
f 1406// 1465// 1467//
f 1406// 1467// 1404//
f 1404// 1467// 1469//
f 1404// 1469// 1402//
f 1402// 1469// 1520//
f 1402// 1520// 1400//
f 1400// 1520// 1522//
f 1400// 1522// 1454//
f 1454// 1522// 1524//
f 1454// 1524// 1452//
f 1429// 1486// 1488//
f 1429// 1488// 1427//
f 1427// 1488// 1490//
f 1427// 1490// 1425//
f 1425// 1490// 1492//
f 1425// 1492// 1423//
f 1423// 1492// 1494//
f 1423// 1494// 1421//
f 1421// 1494// 1496//
f 1421// 1496// 1419//
f 1419// 1496// 1498//
f 1419// 1498// 1417//
f 1417// 1498// 1457//
f 1417// 1457// 1415//
f 1415// 1457// 1459//
f 1415// 1459// 1413//
f 1531// 1532// 1533//
f 1533// 1532// 1534//
f 1535// 1536// 1531//
f 1531// 1536// 1537//
f 1531// 1537// 1532//
f 1532// 1537// 1538//
f 1535// 1539// 1536//
f 1536// 1539// 1540//
f 1536// 1540// 1541//
f 1541// 1540// 1542//
f 1541// 1542// 1543//
f 1543// 1544// 1541//
f 1541// 1544// 1533//
f 1541// 1533// 1545//
f 1545// 1533// 1534//
f 1545// 1534// 1546//
f 1547// 1548// 1549//
f 1548// 1550// 1549//
f 1549// 1550// 1551//
f 1549// 1551// 1552//
f 1552// 1551// 1553//
f 1552// 1553// 1554//
f 1554// 1555// 1552//
f 1552// 1555// 1556//
f 1552// 1556// 1557//
f 1558// 1559// 1560//
f 1561// 1557// 1562//
f 1562// 1557// 1556//
f 1562// 1556// 1560//
f 1560// 1556// 1547//
f 1560// 1547// 1558//
f 1558// 1547// 1549//
f 1541// 1545// 1549//
f 1549// 1545// 1558//
f 1536// 1541// 1552//
f 1552// 1541// 1549//
f 1537// 1536// 1557//
f 1557// 1536// 1552//
f 1538// 1537// 1561//
f 1561// 1537// 1557//
f 1532// 1538// 1562//
f 1562// 1538// 1561//
f 1534// 1532// 1560//
f 1560// 1532// 1562//
f 1546// 1534// 1559//
f 1559// 1534// 1560//
f 1545// 1546// 1558//
f 1558// 1546// 1559//
f 1531// 1533// 1556//
f 1556// 1533// 1547//
f 1533// 1544// 1547//
f 1547// 1544// 1548//
f 1542// 1551// 1550//
f 1542// 1550// 1543//
f 1543// 1550// 1548//
f 1543// 1548// 1544//
f 1542// 1540// 1551//
f 1551// 1540// 1553//
f 1535// 1555// 1554//
f 1535// 1554// 1539//
f 1539// 1554// 1553//
f 1539// 1553// 1540//
f 1535// 1531// 1555//
f 1555// 1531// 1556//
f 1563// 1564// 1565//
f 1565// 1564// 1566//
f 1567// 1563// 1568//
f 1568// 1563// 1565//
f 1569// 1567// 1570//
f 1570// 1567// 1568//
f 1571// 1569// 1572//
f 1572// 1569// 1570//
f 1573// 1571// 1574//
f 1574// 1571// 1572//
f 1575// 1573// 1576//
f 1576// 1573// 1574//
f 1577// 1575// 1578//
f 1578// 1575// 1576//
f 1579// 1577// 1580//
f 1580// 1577// 1578//
f 1581// 1579// 1582//
f 1582// 1579// 1580//
f 1583// 1581// 1584//
f 1584// 1581// 1582//
f 1585// 1583// 1586//
f 1586// 1583// 1584//
f 1564// 1585// 1566//
f 1566// 1585// 1586//
f 1585// 1564// 1563//
f 1563// 1567// 1585//
f 1585// 1567// 1569//
f 1585// 1569// 1583//
f 1579// 1581// 1577//
f 1577// 1581// 1583//
f 1577// 1583// 1575//
f 1575// 1583// 1569//
f 1575// 1569// 1573//
f 1573// 1569// 1571//
f 1584// 1582// 1580//
f 1580// 1578// 1584//
f 1584// 1578// 1576//
f 1584// 1576// 1586//
f 1565// 1566// 1568//
f 1568// 1566// 1586//
f 1568// 1586// 1570//
f 1570// 1586// 1576//
f 1570// 1576// 1572//
f 1572// 1576// 1574//
f 1587// 1588// 1589//
f 1589// 1588// 1590//
f 1591// 1592// 1593//
f 1594// 1595// 1596//
f 1596// 1595// 1597//
f 1593// 1592// 1598//
f 1598// 1592// 1599//
f 1598// 1599// 1600//
f 1600// 1599// 1601//
f 1600// 1601// 1602//
f 1603// 1604// 1605//
f 1595// 1606// 1597//
f 1597// 1606// 1607//
f 1597// 1607// 1608//
f 1594// 1596// 1609//
f 1609// 1596// 1610//
f 1609// 1610// 1611//
f 1611// 1610// 1612//
f 1611// 1612// 1613//
f 1602// 1601// 1614//
f 1614// 1601// 1615//
f 1614// 1615// 1616//
f 1616// 1615// 1617//
f 1616// 1617// 1618//
f 1607// 1619// 1608//
f 1608// 1619// 1620//
f 1608// 1620// 1621//
f 1621// 1620// 1622//
f 1621// 1622// 1623//
f 1589// 1624// 1625//
f 1625// 1624// 1626//
f 1625// 1626// 1627//
f 1628// 1629// 1630//
f 1630// 1629// 1631//
f 1630// 1631// 1632//
f 1632// 1631// 1633//
f 1632// 1633// 1634//
f 1635// 1636// 1590//
f 1590// 1636// 1637//
f 1590// 1637// 1589//
f 1589// 1637// 1638//
f 1589// 1638// 1624//
f 1618// 1617// 1639//
f 1639// 1617// 1640//
f 1639// 1640// 1641//
f 1641// 1640// 1642//
f 1641// 1642// 1643//
f 1644// 1645// 1646//
f 1646// 1645// 1647//
f 1646// 1647// 1648//
f 1648// 1647// 1649//
f 1648// 1649// 1650//
f 1605// 1651// 1603//
f 1603// 1651// 1652//
f 1603// 1652// 1644//
f 1644// 1652// 1653//
f 1644// 1653// 1645//
f 1654// 1655// 1656//
f 1656// 1655// 1657//
f 1656// 1657// 1604//
f 1604// 1657// 1658//
f 1604// 1658// 1605//
f 1659// 1660// 1661//
f 1661// 1660// 1613//
f 1661// 1613// 1662//
f 1662// 1613// 1612//
f 1633// 1663// 1634//
f 1634// 1663// 1664//
f 1634// 1664// 1665//
f 1665// 1664// 1666//
f 1665// 1666// 1667//
f 1667// 1666// 1627//
f 1667// 1627// 1668//
f 1668// 1627// 1626//
f 1643// 1642// 1669//
f 1669// 1642// 1670//
f 1669// 1670// 1671//
f 1671// 1660// 1669//
f 1669// 1660// 1659//
f 1669// 1659// 1590//
f 1590// 1659// 1672//
f 1590// 1672// 1635//
f 1649// 1673// 1650//
f 1650// 1673// 1674//
f 1650// 1674// 1675//
f 1675// 1674// 1676//
f 1675// 1676// 1677//
f 1677// 1676// 1678//
f 1677// 1678// 1628//
f 1628// 1678// 1679//
f 1628// 1679// 1629//
f 1622// 1680// 1623//
f 1623// 1680// 1681//
f 1623// 1681// 1682//
f 1682// 1681// 1683//
f 1682// 1683// 1684//
f 1593// 1685// 1591//
f 1591// 1685// 1686//
f 1591// 1686// 1687//
f 1687// 1686// 1688//
f 1687// 1688// 1689//
f 1689// 1688// 1690//
f 1689// 1690// 1691//
f 1691// 1690// 1692//
f 1691// 1692// 1693//
f 1693// 1692// 1694//
f 1693// 1694// 1695//
f 1695// 1694// 1696//
f 1695// 1696// 1697//
f 1697// 1696// 1698//
f 1697// 1698// 1699//
f 1699// 1698// 1700//
f 1699// 1700// 1701//
f 1701// 1700// 1702//
f 1701// 1702// 1703//
f 1703// 1702// 1704//
f 1703// 1704// 1705//
f 1683// 1706// 1684//
f 1684// 1706// 1707//
f 1684// 1707// 1654//
f 1654// 1707// 1708//
f 1654// 1708// 1655//
f 1709// 1710// 1711//
f 1712// 1713// 1714//
f 1714// 1713// 1715//
f 1714// 1715// 1716//
f 1717// 1718// 1719//
f 1720// 1721// 1722//
f 1722// 1721// 1723//
f 1722// 1723// 1724//
f 1715// 1725// 1716//
f 1716// 1725// 1726//
f 1716// 1726// 1727//
f 1727// 1726// 1728//
f 1727// 1728// 1729//
f 1730// 1731// 1732//
f 1732// 1731// 1733//
f 1732// 1733// 1734//
f 1734// 1733// 1735//
f 1734// 1735// 1712//
f 1712// 1735// 1736//
f 1712// 1736// 1713//
f 1737// 1717// 1738//
f 1738// 1717// 1719//
f 1738// 1719// 1739//
f 1739// 1719// 1740//
f 1741// 1742// 1743//
f 1743// 1742// 1744//
f 1743// 1744// 1745//
f 1745// 1744// 1746//
f 1745// 1746// 1747//
f 1747// 1746// 1748//
f 1747// 1748// 1749//
f 1749// 1748// 1750//
f 1751// 1752// 1741//
f 1741// 1752// 1753//
f 1741// 1753// 1742//
f 1754// 1755// 1720//
f 1720// 1755// 1756//
f 1720// 1756// 1721//
f 1757// 1758// 1754//
f 1754// 1758// 1759//
f 1754// 1759// 1755//
f 1760// 1761// 1762//
f 1762// 1761// 1719//
f 1762// 1719// 1763//
f 1763// 1719// 1718//
f 1764// 1765// 1751//
f 1751// 1765// 1766//
f 1751// 1766// 1752//
f 1728// 1767// 1729//
f 1729// 1767// 1768//
f 1729// 1768// 1769//
f 1769// 1768// 1770//
f 1769// 1770// 1771//
f 1771// 1770// 1761//
f 1771// 1761// 1772//
f 1723// 1773// 1724//
f 1724// 1773// 1774//
f 1724// 1774// 1775//
f 1772// 1761// 1776//
f 1776// 1761// 1760//
f 1776// 1760// 1750//
f 1750// 1760// 1777//
f 1750// 1777// 1749//
f 1709// 1711// 1778//
f 1778// 1711// 1779//
f 1778// 1779// 1780//
f 1780// 1779// 1781//
f 1780// 1781// 1782//
f 1782// 1781// 1783//
f 1782// 1783// 1784//
f 1784// 1783// 1785//
f 1784// 1785// 1786//
f 1786// 1785// 1787//
f 1786// 1787// 1788//
f 1788// 1787// 1789//
f 1788// 1789// 1790//
f 1790// 1789// 1791//
f 1790// 1791// 1730//
f 1730// 1791// 1792//
f 1730// 1792// 1731//
f 1793// 1794// 1795//
f 1795// 1794// 1796//
f 1795// 1796// 1764//
f 1764// 1796// 1797//
f 1764// 1797// 1765//
f 1774// 1798// 1775//
f 1775// 1798// 1799//
f 1775// 1799// 1800//
f 1800// 1799// 1801//
f 1800// 1801// 1793//
f 1793// 1801// 1802//
f 1793// 1802// 1794//
f 1803// 1804// 1805//
f 1805// 1804// 1806//
f 1805// 1806// 1807//
f 1807// 1806// 1808//
f 1807// 1808// 1809//
f 1809// 1808// 1810//
f 1809// 1810// 1811//
f 1812// 1813// 1814//
f 1814// 1813// 1815//
f 1814// 1815// 1816//
f 1816// 1815// 1817//
f 1816// 1817// 1757//
f 1757// 1817// 1818//
f 1757// 1818// 1758//
f 1810// 1819// 1811//
f 1811// 1819// 1820//
f 1811// 1820// 1821//
f 1821// 1820// 1822//
f 1821// 1822// 1823//
f 1823// 1822// 1824//
f 1823// 1824// 1812//
f 1812// 1824// 1825//
f 1812// 1825// 1813//
f 1805// 1826// 1803//
f 1803// 1826// 1827//
f 1803// 1827// 1828//
f 1828// 1827// 1829//
f 1828// 1829// 1738//
f 1738// 1829// 1830//
f 1738// 1830// 1737//
f 1690// 1791// 1789//
f 1690// 1789// 1692//
f 1692// 1789// 1787//
f 1692// 1787// 1694//
f 1694// 1787// 1785//
f 1694// 1785// 1696//
f 1696// 1785// 1783//
f 1696// 1783// 1698//
f 1698// 1783// 1781//
f 1698// 1781// 1700//
f 1700// 1781// 1779//
f 1700// 1779// 1702//
f 1702// 1779// 1711//
f 1702// 1711// 1704//
f 1705// 1704// 1710//
f 1710// 1704// 1711//
f 1705// 1710// 1709//
f 1705// 1709// 1703//
f 1703// 1709// 1778//
f 1703// 1778// 1701//
f 1701// 1778// 1780//
f 1701// 1780// 1699//
f 1699// 1780// 1782//
f 1699// 1782// 1697//
f 1697// 1782// 1784//
f 1697// 1784// 1695//
f 1695// 1784// 1786//
f 1695// 1786// 1693//
f 1693// 1786// 1788//
f 1693// 1788// 1691//
f 1691// 1788// 1790//
f 1691// 1790// 1689//
f 1689// 1790// 1730//
f 1689// 1730// 1687//
f 1687// 1730// 1732//
f 1687// 1732// 1591//
f 1591// 1732// 1734//
f 1591// 1734// 1592//
f 1592// 1734// 1712//
f 1592// 1712// 1599//
f 1599// 1712// 1714//
f 1599// 1714// 1601//
f 1601// 1714// 1716//
f 1601// 1716// 1615//
f 1615// 1716// 1727//
f 1615// 1727// 1617//
f 1617// 1727// 1729//
f 1617// 1729// 1640//
f 1640// 1729// 1769//
f 1640// 1769// 1642//
f 1642// 1769// 1771//
f 1642// 1771// 1670//
f 1670// 1771// 1772//
f 1670// 1772// 1671//
f 1671// 1772// 1776//
f 1671// 1776// 1660//
f 1613// 1660// 1750//
f 1750// 1660// 1776//
f 1613// 1750// 1748//
f 1613// 1748// 1611//
f 1611// 1748// 1746//
f 1611// 1746// 1609//
f 1609// 1746// 1744//
f 1609// 1744// 1594//
f 1594// 1744// 1742//
f 1594// 1742// 1595//
f 1595// 1742// 1753//
f 1595// 1753// 1606//
f 1606// 1753// 1752//
f 1606// 1752// 1607//
f 1607// 1752// 1766//
f 1607// 1766// 1619//
f 1619// 1766// 1765//
f 1619// 1765// 1620//
f 1620// 1765// 1797//
f 1620// 1797// 1622//
f 1622// 1797// 1796//
f 1622// 1796// 1680//
f 1680// 1796// 1794//
f 1680// 1794// 1681//
f 1681// 1794// 1802//
f 1681// 1802// 1683//
f 1683// 1802// 1801//
f 1683// 1801// 1706//
f 1706// 1801// 1799//
f 1706// 1799// 1707//
f 1707// 1799// 1798//
f 1707// 1798// 1708//
f 1708// 1798// 1774//
f 1708// 1774// 1655//
f 1655// 1774// 1773//
f 1655// 1773// 1657//
f 1657// 1773// 1723//
f 1657// 1723// 1658//
f 1658// 1723// 1721//
f 1658// 1721// 1605//
f 1605// 1721// 1756//
f 1605// 1756// 1651//
f 1651// 1756// 1755//
f 1651// 1755// 1652//
f 1652// 1755// 1759//
f 1652// 1759// 1653//
f 1653// 1759// 1758//
f 1653// 1758// 1645//
f 1645// 1758// 1818//
f 1645// 1818// 1647//
f 1647// 1818// 1817//
f 1647// 1817// 1649//
f 1649// 1817// 1815//
f 1649// 1815// 1673//
f 1673// 1815// 1813//
f 1673// 1813// 1674//
f 1674// 1813// 1825//
f 1674// 1825// 1676//
f 1676// 1825// 1824//
f 1676// 1824// 1678//
f 1678// 1824// 1822//
f 1678// 1822// 1679//
f 1679// 1822// 1820//
f 1679// 1820// 1629//
f 1629// 1820// 1819//
f 1629// 1819// 1631//
f 1631// 1819// 1810//
f 1631// 1810// 1633//
f 1633// 1810// 1808//
f 1633// 1808// 1663//
f 1663// 1808// 1806//
f 1663// 1806// 1664//
f 1664// 1806// 1804//
f 1664// 1804// 1666//
f 1666// 1804// 1803//
f 1666// 1803// 1627//
f 1627// 1803// 1828//
f 1627// 1828// 1625//
f 1589// 1625// 1738//
f 1738// 1625// 1828//
f 1587// 1589// 1739//
f 1739// 1589// 1738//
f 1588// 1587// 1740//
f 1740// 1587// 1739//
f 1590// 1588// 1719//
f 1719// 1588// 1740//
f 1590// 1719// 1761//
f 1590// 1761// 1669//
f 1669// 1761// 1770//
f 1669// 1770// 1643//
f 1643// 1770// 1768//
f 1643// 1768// 1641//
f 1641// 1768// 1767//
f 1641// 1767// 1639//
f 1639// 1767// 1728//
f 1639// 1728// 1618//
f 1618// 1728// 1726//
f 1618// 1726// 1616//
f 1616// 1726// 1725//
f 1616// 1725// 1614//
f 1614// 1725// 1715//
f 1614// 1715// 1602//
f 1602// 1715// 1713//
f 1602// 1713// 1600//
f 1600// 1713// 1736//
f 1600// 1736// 1598//
f 1598// 1736// 1735//
f 1598// 1735// 1593//
f 1593// 1735// 1733//
f 1593// 1733// 1685//
f 1685// 1733// 1731//
f 1685// 1731// 1686//
f 1686// 1731// 1792//
f 1686// 1792// 1688//
f 1688// 1792// 1791//
f 1688// 1791// 1690//
f 1597// 1741// 1743//
f 1597// 1743// 1596//
f 1596// 1743// 1745//
f 1596// 1745// 1610//
f 1610// 1745// 1747//
f 1610// 1747// 1612//
f 1612// 1747// 1749//
f 1612// 1749// 1662//
f 1662// 1749// 1777//
f 1662// 1777// 1661//
f 1684// 1800// 1793//
f 1684// 1793// 1682//
f 1682// 1793// 1795//
f 1682// 1795// 1623//
f 1623// 1795// 1764//
f 1623// 1764// 1621//
f 1621// 1764// 1751//
f 1621// 1751// 1608//
f 1608// 1751// 1741//
f 1608// 1741// 1597//
f 1644// 1754// 1720//
f 1644// 1720// 1603//
f 1603// 1720// 1722//
f 1603// 1722// 1604//
f 1604// 1722// 1724//
f 1604// 1724// 1656//
f 1656// 1724// 1775//
f 1656// 1775// 1654//
f 1654// 1775// 1800//
f 1654// 1800// 1684//
f 1677// 1823// 1812//
f 1677// 1812// 1675//
f 1675// 1812// 1814//
f 1675// 1814// 1650//
f 1650// 1814// 1816//
f 1650// 1816// 1648//
f 1648// 1816// 1757//
f 1648// 1757// 1646//
f 1646// 1757// 1754//
f 1646// 1754// 1644//
f 1668// 1827// 1826//
f 1668// 1826// 1667//
f 1667// 1826// 1805//
f 1667// 1805// 1665//
f 1665// 1805// 1807//
f 1665// 1807// 1634//
f 1634// 1807// 1809//
f 1634// 1809// 1632//
f 1632// 1809// 1811//
f 1632// 1811// 1630//
f 1630// 1811// 1821//
f 1630// 1821// 1628//
f 1628// 1821// 1823//
f 1628// 1823// 1677//
f 1672// 1762// 1763//
f 1672// 1763// 1635//
f 1635// 1763// 1718//
f 1635// 1718// 1636//
f 1636// 1718// 1717//
f 1636// 1717// 1637//
f 1637// 1717// 1737//
f 1637// 1737// 1638//
f 1638// 1737// 1830//
f 1638// 1830// 1624//
f 1624// 1830// 1829//
f 1624// 1829// 1626//
f 1626// 1829// 1827//
f 1626// 1827// 1668//
f 1672// 1659// 1762//
f 1762// 1659// 1760//
f 1659// 1661// 1760//
f 1760// 1661// 1777//
f 1831// 1832// 1833//
f 1831// 1833// 1834//
f 1834// 1833// 1835//
f 1834// 1835// 1836//
f 1836// 1835// 1837//
f 1836// 1837// 1838//
f 1838// 1837// 1839//
f 1838// 1839// 1840//
f 1840// 1839// 1841//
f 1840// 1841// 1842//
f 1842// 1841// 1843//
f 1842// 1843// 1844//
f 1844// 1843// 1845//
f 1844// 1845// 1846//
f 1847// 1846// 1848//
f 1848// 1846// 1845//
f 1847// 1848// 1849//
f 1847// 1849// 1850//
f 1850// 1849// 1851//
f 1850// 1851// 1852//
f 1852// 1851// 1853//
f 1852// 1853// 1854//
f 1854// 1853// 1855//
f 1854// 1855// 1856//
f 1856// 1855// 1857//
f 1856// 1857// 1858//
f 1858// 1857// 1859//
f 1858// 1859// 1860//
f 1860// 1859// 1861//
f 1860// 1861// 1862//
f 1862// 1861// 1863//
f 1862// 1863// 1864//
f 1864// 1863// 1865//
f 1864// 1865// 1866//
f 1866// 1865// 1867//
f 1866// 1867// 1868//
f 1868// 1867// 1869//
f 1868// 1869// 1870//
f 1870// 1869// 1871//
f 1870// 1871// 1872//
f 1872// 1871// 1873//
f 1872// 1873// 1874//
f 1874// 1873// 1875//
f 1874// 1875// 1876//
f 1876// 1875// 1877//
f 1876// 1877// 1878//
f 1878// 1877// 1879//
f 1878// 1879// 1880//
f 1880// 1879// 1881//
f 1880// 1881// 1882//
f 1882// 1881// 1883//
f 1882// 1883// 1884//
f 1884// 1883// 1885//
f 1884// 1885// 1886//
f 1886// 1885// 1887//
f 1886// 1887// 1888//
f 1888// 1887// 1889//
f 1888// 1889// 1890//
f 1890// 1889// 1891//
f 1890// 1891// 1892//
f 1892// 1891// 1893//
f 1892// 1893// 1894//
f 1894// 1893// 1895//
f 1894// 1895// 1896//
f 1896// 1895// 1897//
f 1896// 1897// 1898//
f 1898// 1897// 1899//
f 1898// 1899// 1900//
f 1900// 1899// 1901//
f 1900// 1901// 1902//
f 1902// 1901// 1903//
f 1902// 1903// 1904//
f 1904// 1903// 1905//
f 1904// 1905// 1906//
f 1906// 1905// 1907//
f 1906// 1907// 1908//
f 1908// 1907// 1909//
f 1908// 1909// 1910//
f 1910// 1909// 1911//
f 1910// 1911// 1912//
f 1912// 1911// 1913//
f 1912// 1913// 1914//
f 1914// 1913// 1915//
f 1914// 1915// 1916//
f 1916// 1915// 1917//
f 1916// 1917// 1918//
f 1918// 1917// 1919//
f 1918// 1919// 1920//
f 1920// 1919// 1921//
f 1920// 1921// 1922//
f 1922// 1921// 1923//
f 1922// 1923// 1924//
f 1924// 1923// 1925//
f 1924// 1925// 1926//
f 1926// 1925// 1927//
f 1926// 1927// 1928//
f 1928// 1927// 1929//
f 1928// 1929// 1930//
f 1930// 1929// 1931//
f 1930// 1931// 1932//
f 1932// 1931// 1933//
f 1932// 1933// 1934//
f 1934// 1933// 1935//
f 1934// 1935// 1936//
f 1936// 1935// 1937//
f 1936// 1937// 1938//
f 1938// 1937// 1939//
f 1938// 1939// 1940//
f 1940// 1939// 1941//
f 1940// 1941// 1942//
f 1942// 1941// 1943//
f 1942// 1943// 1944//
f 1944// 1943// 1945//
f 1944// 1945// 1946//
f 1946// 1945// 1947//
f 1946// 1947// 1948//
f 1948// 1947// 1949//
f 1948// 1949// 1950//
f 1950// 1949// 1951//
f 1950// 1951// 1952//
f 1952// 1951// 1953//
f 1952// 1953// 1954//
f 1954// 1953// 1955//
f 1954// 1955// 1956//
f 1956// 1955// 1957//
f 1956// 1957// 1958//
f 1958// 1957// 1959//
f 1958// 1959// 1960//
f 1960// 1959// 1961//
f 1960// 1961// 1962//
f 1962// 1961// 1963//
f 1962// 1963// 1964//
f 1964// 1963// 1965//
f 1964// 1965// 1966//
f 1967// 1966// 1968//
f 1968// 1966// 1965//
f 1967// 1968// 1969//
f 1967// 1969// 1970//
f 1970// 1969// 1971//
f 1970// 1971// 1972//
f 1972// 1971// 1973//
f 1972// 1973// 1974//
f 1974// 1973// 1975//
f 1974// 1975// 1976//
f 1976// 1975// 1977//
f 1976// 1977// 1978//
f 1978// 1977// 1979//
f 1978// 1979// 1980//
f 1980// 1979// 1981//
f 1980// 1981// 1982//
f 1982// 1981// 1983//
f 1982// 1983// 1984//
f 1984// 1983// 1985//
f 1984// 1985// 1986//
f 1986// 1985// 1987//
f 1986// 1987// 1988//
f 1988// 1987// 1989//
f 1988// 1989// 1990//
f 1990// 1989// 1991//
f 1990// 1991// 1992//
f 1992// 1991// 1993//
f 1992// 1993// 1994//
f 1994// 1993// 1995//
f 1994// 1995// 1996//
f 1996// 1995// 1997//
f 1996// 1997// 1998//
f 1998// 1997// 1999//
f 1998// 1999// 2000//
f 2000// 1999// 2001//
f 2000// 2001// 2002//
f 2002// 2001// 2003//
f 2002// 2003// 2004//
f 2004// 2003// 2005//
f 2004// 2005// 2006//
f 2006// 2005// 2007//
f 2006// 2007// 2008//
f 2008// 2007// 2009//
f 2008// 2009// 2010//
f 2010// 2009// 2011//
f 2010// 2011// 2012//
f 2012// 2011// 2013//
f 2012// 2013// 2014//
f 2014// 2013// 2015//
f 2014// 2015// 2016//
f 2016// 2015// 2017//
f 2016// 2017// 2018//
f 2018// 2017// 2019//
f 2018// 2019// 2020//
f 2020// 2019// 2021//
f 2020// 2021// 2022//
f 2022// 2021// 2023//
f 2022// 2023// 2024//
f 2024// 2023// 2025//
f 2024// 2025// 2026//
f 2026// 2025// 2027//
f 2026// 2027// 2028//
f 2028// 2027// 2029//
f 2028// 2029// 2030//
f 2030// 2029// 2031//
f 2030// 2031// 2032//
f 2032// 2031// 2033//
f 2032// 2033// 2034//
f 2034// 2033// 2035//
f 2034// 2035// 2036//
f 2036// 2035// 2037//
f 2036// 2037// 2038//
f 2038// 2037// 2039//
f 2038// 2039// 2040//
f 2040// 2039// 2041//
f 2040// 2041// 2042//
f 2042// 2041// 2043//
f 2042// 2043// 2044//
f 2044// 2043// 2045//
f 2044// 2045// 2046//
f 2046// 2045// 2047//
f 2046// 2047// 2048//
f 2048// 2047// 2049//
f 2048// 2049// 2050//
f 2050// 2049// 2051//
f 2050// 2051// 2052//
f 2052// 2051// 2053//
f 2052// 2053// 2054//
f 2054// 2053// 2055//
f 2054// 2055// 2056//
f 2056// 2055// 2057//
f 2056// 2057// 2058//
f 2058// 2057// 2059//
f 2058// 2059// 2060//
f 2060// 2059// 2061//
f 2060// 2061// 2062//
f 2062// 2061// 2063//
f 2062// 2063// 2064//
f 2064// 2063// 2065//
f 2064// 2065// 2066//
f 2066// 2065// 2067//
f 2066// 2067// 2068//
f 2068// 2067// 1832//
f 2068// 1832// 1831//
f 1844// 1846// 1847//
f 1964// 1966// 1967//
f 1874// 1876// 2058//
f 2058// 1876// 2056//
f 1938// 1998// 1936//
f 1936// 1998// 2000//
f 1936// 2000// 1934//
f 1876// 1878// 2056//
f 2056// 1878// 1880//
f 2056// 1880// 2054//
f 1940// 1994// 1938//
f 1938// 1994// 1996//
f 1938// 1996// 1998//
f 1874// 2058// 1872//
f 1872// 2058// 2060//
f 1872// 2060// 1870//
f 1870// 2060// 2062//
f 1870// 2062// 1868//
f 1868// 2062// 2064//
f 1868// 2064// 1866//
f 2016// 1926// 2014//
f 2014// 1926// 1928//
f 1898// 2044// 1896//
f 1896// 2044// 2046//
f 2000// 2002// 1934//
f 1934// 2002// 2004//
f 1934// 2004// 1932//
f 2004// 2006// 1932//
f 1932// 2006// 2008//
f 1932// 2008// 1930//
f 1930// 2008// 2010//
f 1930// 2010// 1928//
f 1928// 2010// 2012//
f 1928// 2012// 2014//
f 2016// 2018// 1926//
f 1926// 2018// 2020//
f 1926// 2020// 1924//
f 1924// 2020// 2022//
f 1924// 2022// 1922//
f 1922// 2022// 2024//
f 1922// 2024// 1920//
f 1920// 2024// 2026//
f 1920// 2026// 1918//
f 2050// 1890// 2048//
f 2048// 1890// 1892//
f 2048// 1892// 2046//
f 2046// 1892// 1894//
f 2046// 1894// 1896//
f 1880// 1882// 2054//
f 2054// 1882// 1884//
f 2054// 1884// 2052//
f 2052// 1884// 1886//
f 2052// 1886// 2050//
f 2050// 1886// 1888//
f 2050// 1888// 1890//
f 1898// 1900// 2044//
f 2044// 1900// 1902//
f 2044// 1902// 2042//
f 2042// 1902// 1904//
f 2042// 1904// 2040//
f 2040// 1904// 1906//
f 2040// 1906// 2038//
f 2038// 1906// 1908//
f 2038// 1908// 2036//
f 1866// 2064// 1864//
f 1864// 2064// 2066//
f 1864// 2066// 1862//
f 1862// 2066// 2068//
f 1862// 2068// 1860//
f 1860// 2068// 1831//
f 1860// 1831// 1858//
f 1858// 1831// 1834//
f 1858// 1834// 1856//
f 1856// 1834// 1836//
f 1856// 1836// 1854//
f 1854// 1836// 1838//
f 1854// 1838// 1852//
f 1852// 1838// 1840//
f 1852// 1840// 1850//
f 1850// 1840// 1847//
f 1847// 1840// 1842//
f 1847// 1842// 1844//
f 1908// 1910// 2036//
f 2036// 1910// 1912//
f 2036// 1912// 2034//
f 2034// 1912// 1914//
f 2034// 1914// 2032//
f 2032// 1914// 1916//
f 2032// 1916// 2030//
f 2030// 1916// 1918//
f 2030// 1918// 2028//
f 2028// 1918// 2026//
f 1964// 1967// 1962//
f 1962// 1967// 1970//
f 1962// 1970// 1960//
f 1960// 1970// 1972//
f 1960// 1972// 1958//
f 1958// 1972// 1974//
f 1958// 1974// 1956//
f 1956// 1974// 1976//
f 1956// 1976// 1954//
f 1954// 1976// 1978//
f 1954// 1978// 1952//
f 1952// 1978// 1980//
f 1952// 1980// 1950//
f 1950// 1980// 1982//
f 1950// 1982// 1948//
f 1948// 1982// 1984//
f 1948// 1984// 1946//
f 1946// 1984// 1986//
f 1946// 1986// 1944//
f 1944// 1986// 1988//
f 1944// 1988// 1942//
f 1942// 1988// 1990//
f 1942// 1990// 1940//
f 1940// 1990// 1992//
f 1940// 1992// 1994//
f 2055// 1875// 2057//
f 2057// 1875// 1873//
f 2057// 1873// 2059//
f 2059// 1873// 1871//
f 2059// 1871// 2061//
f 1937// 1935// 1997//
f 2017// 1925// 2019//
f 2019// 1925// 1923//
f 2053// 1879// 2055//
f 2055// 1879// 1877//
f 2055// 1877// 1875//
f 2047// 2045// 1893//
f 1893// 2045// 1895//
f 1895// 2045// 2043//
f 1895// 2043// 1897//
f 2017// 2015// 1925//
f 1925// 2015// 2013//
f 1925// 2013// 1927//
f 1927// 2013// 2011//
f 1927// 2011// 1929//
f 2041// 1901// 2043//
f 2043// 1901// 1899//
f 2043// 1899// 1897//
f 1931// 2003// 1933//
f 1933// 2003// 2001//
f 1933// 2001// 1935//
f 1935// 2001// 1999//
f 1935// 1999// 1997//
f 2051// 1883// 2053//
f 2053// 1883// 1881//
f 2053// 1881// 1879//
f 2011// 2009// 1929//
f 1929// 2009// 2007//
f 1929// 2007// 1931//
f 1931// 2007// 2005//
f 1931// 2005// 2003//
f 1871// 1869// 2061//
f 2061// 1869// 1867//
f 2061// 1867// 2063//
f 2063// 1867// 1865//
f 2063// 1865// 2065//
f 2065// 1865// 1863//
f 2065// 1863// 2067//
f 2067// 1863// 1861//
f 2067// 1861// 1832//
f 1832// 1861// 1859//
f 1832// 1859// 1833//
f 1833// 1859// 1857//
f 1833// 1857// 1835//
f 1835// 1857// 1855//
f 1835// 1855// 1837//
f 1893// 1891// 2047//
f 2047// 1891// 1889//
f 2047// 1889// 2049//
f 2049// 1889// 1887//
f 2049// 1887// 2051//
f 2051// 1887// 1885//
f 2051// 1885// 1883//
f 1855// 1853// 1837//
f 1837// 1853// 1851//
f 1837// 1851// 1839//
f 1839// 1851// 1849//
f 1839// 1849// 1841//
f 1841// 1849// 1848//
f 1841// 1848// 1843//
f 1843// 1848// 1845//
f 2033// 2031// 1915//
f 1915// 2031// 2029//
f 1915// 2029// 1917//
f 1917// 2029// 2027//
f 1917// 2027// 1919//
f 1919// 2027// 2025//
f 1919// 2025// 1921//
f 1921// 2025// 2023//
f 1921// 2023// 1923//
f 1923// 2023// 2021//
f 1923// 2021// 2019//
f 1997// 1995// 1937//
f 1937// 1995// 1993//
f 1937// 1993// 1939//
f 1939// 1993// 1991//
f 1939// 1991// 1941//
f 1941// 1991// 1989//
f 1941// 1989// 1943//
f 1943// 1989// 1987//
f 1943// 1987// 1945//
f 1945// 1987// 1985//
f 1945// 1985// 1947//
f 1947// 1985// 1983//
f 1947// 1983// 1949//
f 1949// 1983// 1981//
f 1949// 1981// 1951//
f 1951// 1981// 1979//
f 1951// 1979// 1953//
f 1953// 1979// 1977//
f 1953// 1977// 1955//
f 1955// 1977// 1975//
f 1955// 1975// 1957//
f 1957// 1975// 1973//
f 1957// 1973// 1959//
f 1959// 1973// 1971//
f 1959// 1971// 1961//
f 1961// 1971// 1969//
f 1961// 1969// 1963//
f 1963// 1969// 1968//
f 1963// 1968// 1965//
f 1915// 1913// 2033//
f 2033// 1913// 1911//
f 2033// 1911// 2035//
f 2035// 1911// 1909//
f 2035// 1909// 2037//
f 2037// 1909// 1907//
f 2037// 1907// 2039//
f 2039// 1907// 1905//
f 2039// 1905// 2041//
f 2041// 1905// 1903//
f 2041// 1903// 1901//
f 2069// 2070// 2071//
f 2071// 2070// 2072//
f 2073// 2069// 2074//
f 2074// 2069// 2071//
f 2073// 2074// 2075//
f 2073// 2075// 2076//
f 2076// 2075// 2077//
f 2076// 2077// 2078//
f 2079// 2078// 2080//
f 2080// 2078// 2077//
f 2081// 2079// 2082//
f 2082// 2079// 2080//
f 2083// 2081// 2084//
f 2084// 2081// 2082//
f 2085// 2083// 2086//
f 2086// 2083// 2084//
f 2087// 2085// 2088//
f 2088// 2085// 2086//
f 2089// 2087// 2090//
f 2090// 2087// 2088//
f 2089// 2090// 2091//
f 2089// 2091// 2092//
f 2092// 2091// 2093//
f 2092// 2093// 2094//
f 2094// 2093// 2095//
f 2094// 2095// 2096//
f 2096// 2095// 2097//
f 2096// 2097// 2098//
f 2098// 2097// 2099//
f 2098// 2099// 2100//
f 2100// 2099// 2101//
f 2100// 2101// 2102//
f 2102// 2101// 2103//
f 2102// 2103// 2104//
f 2104// 2103// 2105//
f 2104// 2105// 2106//
f 2106// 2105// 2107//
f 2106// 2107// 2108//
f 2108// 2107// 2109//
f 2108// 2109// 2110//
f 2111// 2110// 2112//
f 2112// 2110// 2109//
f 2111// 2112// 2113//
f 2111// 2113// 2114//
f 2114// 2113// 2115//
f 2114// 2115// 2116//
f 2116// 2115// 2117//
f 2116// 2117// 2118//
f 2118// 2117// 2119//
f 2118// 2119// 2120//
f 2120// 2119// 2121//
f 2120// 2121// 2122//
f 2122// 2121// 2123//
f 2122// 2123// 2124//
f 2124// 2123// 2125//
f 2124// 2125// 2126//
f 2126// 2125// 2127//
f 2126// 2127// 2128//
f 2128// 2127// 2129//
f 2128// 2129// 2130//
f 2130// 2129// 2131//
f 2130// 2131// 2132//
f 2132// 2131// 2133//
f 2132// 2133// 2134//
f 2134// 2133// 2135//
f 2134// 2135// 2136//
f 2136// 2135// 2137//
f 2136// 2137// 2138//
f 2138// 2137// 2139//
f 2138// 2139// 2140//
f 2070// 2140// 2072//
f 2072// 2140// 2139//
f 2076// 2078// 2140//
f 2070// 2069// 2140//
f 2140// 2069// 2073//
f 2140// 2073// 2076//
f 2083// 2085// 2081//
f 2081// 2085// 2087//
f 2081// 2087// 2079//
f 2094// 2096// 2128//
f 2128// 2096// 2126//
f 2126// 2096// 2098//
f 2126// 2098// 2124//
f 2124// 2098// 2100//
f 2124// 2100// 2122//
f 2122// 2100// 2120//
f 2120// 2100// 2102//
f 2120// 2102// 2118//
f 2118// 2102// 2104//
f 2118// 2104// 2116//
f 2128// 2130// 2094//
f 2094// 2130// 2132//
f 2094// 2132// 2092//
f 2092// 2132// 2134//
f 2092// 2134// 2089//
f 2116// 2104// 2114//
f 2114// 2104// 2106//
f 2114// 2106// 2111//
f 2111// 2106// 2108//
f 2111// 2108// 2110//
f 2134// 2136// 2089//
f 2089// 2136// 2138//
f 2089// 2138// 2087//
f 2087// 2138// 2140//
f 2087// 2140// 2079//
f 2079// 2140// 2078//
f 2101// 2099// 2121//
f 2088// 2086// 2084//
f 2071// 2072// 2074//
f 2074// 2072// 2139//
f 2121// 2099// 2123//
f 2123// 2099// 2097//
f 2123// 2097// 2125//
f 2121// 2119// 2101//
f 2101// 2119// 2117//
f 2101// 2117// 2103//
f 2103// 2117// 2115//
f 2103// 2115// 2105//
f 2105// 2115// 2113//
f 2105// 2113// 2107//
f 2107// 2113// 2112//
f 2107// 2112// 2109//
f 2125// 2097// 2127//
f 2127// 2097// 2095//
f 2127// 2095// 2129//
f 2129// 2095// 2093//
f 2129// 2093// 2131//
f 2131// 2093// 2091//
f 2131// 2091// 2133//
f 2133// 2091// 2135//
f 2135// 2091// 2090//
f 2135// 2090// 2137//
f 2080// 2077// 2139//
f 2139// 2077// 2075//
f 2139// 2075// 2074//
f 2084// 2082// 2088//
f 2088// 2082// 2080//
f 2088// 2080// 2090//
f 2090// 2080// 2139//
f 2090// 2139// 2137//
f 2141// 2142// 2143//
f 2143// 2142// 2144//
f 2145// 2141// 2146//
f 2146// 2141// 2143//
f 2147// 2145// 2148//
f 2148// 2145// 2146//
f 2149// 2147// 2150//
f 2150// 2147// 2148//
f 2151// 2149// 2152//
f 2152// 2149// 2150//
f 2153// 2151// 2154//
f 2154// 2151// 2152//
f 2155// 2153// 2156//
f 2156// 2153// 2154//
f 2157// 2155// 2158//
f 2158// 2155// 2156//
f 2159// 2157// 2160//
f 2160// 2157// 2158//
f 2161// 2159// 2162//
f 2162// 2159// 2160//
f 2163// 2161// 2164//
f 2164// 2161// 2162//
f 2142// 2163// 2144//
f 2144// 2163// 2164//
f 2163// 2142// 2141//
f 2141// 2145// 2163//
f 2163// 2145// 2147//
f 2163// 2147// 2161//
f 2157// 2159// 2155//
f 2155// 2159// 2161//
f 2155// 2161// 2153//
f 2153// 2161// 2147//
f 2153// 2147// 2151//
f 2151// 2147// 2149//
f 2160// 2158// 2162//
f 2162// 2158// 2156//
f 2152// 2150// 2154//
f 2154// 2150// 2148//
f 2143// 2144// 2146//
f 2146// 2144// 2164//
f 2146// 2164// 2148//
f 2148// 2164// 2162//
f 2148// 2162// 2154//
f 2154// 2162// 2156//
f 2165// 2166// 2167//
f 2167// 2166// 2168//
f 2167// 2168// 2169//
f 2169// 2168// 2170//
f 2169// 2170// 2171//
f 2171// 2170// 2172//
f 2171// 2172// 2173//
f 2173// 2172// 2174//
f 2173// 2174// 2175//
f 2175// 2174// 2176//
f 2175// 2176// 2177//
f 2177// 2176// 2178//
f 2177// 2178// 2179//
f 2179// 2178// 2180//
f 2179// 2180// 2181//
f 2182// 2183// 2184//
f 2184// 2183// 2185//
f 2184// 2185// 2186//
f 2186// 2185// 2187//
f 2186// 2187// 2188//
f 2188// 2187// 2189//
f 2188// 2189// 2190//
f 2189// 2191// 2190//
f 2190// 2191// 2192//
f 2190// 2192// 2193//
f 2193// 2192// 2194//
f 2193// 2194// 2195//
f 2195// 2194// 2196//
f 2195// 2196// 2197//
f 2197// 2196// 2198//
f 2197// 2198// 2199//
f 2199// 2198// 2200//
f 2199// 2200// 2201//
f 2201// 2200// 2202//
f 2201// 2202// 2203//
f 2203// 2202// 2204//
f 2203// 2204// 2205//
f 2205// 2204// 2206//
f 2205// 2206// 2207//
f 2207// 2206// 2208//
f 2207// 2208// 2209//
f 2209// 2208// 2210//
f 2209// 2210// 2211//
f 2211// 2210// 2212//
f 2211// 2212// 2213//
f 2213// 2212// 2214//
f 2213// 2214// 2215//
f 2215// 2214// 2216//
f 2215// 2216// 2217//
f 2217// 2216// 2218//
f 2217// 2218// 2219//
f 2219// 2218// 2220//
f 2219// 2220// 2221//
f 2221// 2220// 2222//
f 2221// 2222// 2223//
f 2223// 2222// 2224//
f 2223// 2224// 2165//
f 2165// 2224// 2225//
f 2165// 2225// 2166//
f 2180// 2226// 2181//
f 2181// 2226// 2227//
f 2181// 2227// 2228//
f 2228// 2227// 2229//
f 2228// 2229// 2230//
f 2230// 2229// 2231//
f 2230// 2231// 2232//
f 2232// 2231// 2233//
f 2232// 2233// 2234//
f 2234// 2233// 2235//
f 2234// 2235// 2236//
f 2236// 2235// 2237//
f 2236// 2237// 2182//
f 2182// 2237// 2238//
f 2182// 2238// 2183//
f 2239// 2240// 2241//
f 2241// 2240// 2242//
f 2241// 2242// 2243//
f 2243// 2242// 2244//
f 2243// 2244// 2245//
f 2245// 2244// 2246//
f 2245// 2246// 2247//
f 2247// 2246// 2248//
f 2247// 2248// 2249//
f 2249// 2248// 2250//
f 2249// 2250// 2251//
f 2252// 2253// 2254//
f 2254// 2253// 2255//
f 2254// 2255// 2256//
f 2256// 2255// 2257//
f 2256// 2257// 2258//
f 2258// 2257// 2259//
f 2258// 2259// 2260//
f 2260// 2259// 2261//
f 2260// 2261// 2262//
f 2262// 2261// 2263//
f 2262// 2263// 2264//
f 2264// 2263// 2265//
f 2264// 2265// 2266//
f 2266// 2265// 2267//
f 2266// 2267// 2268//
f 2268// 2267// 2269//
f 2268// 2269// 2270//
f 2270// 2269// 2271//
f 2270// 2271// 2272//
f 2272// 2271// 2273//
f 2272// 2273// 2274//
f 2274// 2273// 2275//
f 2274// 2275// 2276//
f 2276// 2275// 2277//
f 2276// 2277// 2278//
f 2278// 2277// 2279//
f 2278// 2279// 2280//
f 2280// 2279// 2281//
f 2280// 2281// 2239//
f 2239// 2281// 2282//
f 2239// 2282// 2240//
f 2283// 2284// 2285//
f 2285// 2284// 2286//
f 2285// 2286// 2287//
f 2287// 2286// 2288//
f 2287// 2288// 2289//
f 2289// 2288// 2290//
f 2289// 2290// 2291//
f 2291// 2290// 2292//
f 2291// 2292// 2293//
f 2293// 2292// 2294//
f 2293// 2294// 2295//
f 2295// 2294// 2296//
f 2295// 2296// 2297//
f 2297// 2296// 2298//
f 2297// 2298// 2252//
f 2252// 2298// 2299//
f 2252// 2299// 2253//
f 2250// 2300// 2251//
f 2251// 2300// 2301//
f 2251// 2301// 2302//
f 2302// 2301// 2303//
f 2302// 2303// 2304//
f 2304// 2303// 2305//
f 2304// 2305// 2306//
f 2306// 2305// 2307//
f 2306// 2307// 2308//
f 2308// 2307// 2309//
f 2308// 2309// 2310//
f 2310// 2309// 2311//
f 2310// 2311// 2283//
f 2283// 2311// 2312//
f 2283// 2312// 2284//
f 2218// 2216// 2263//
f 2263// 2216// 2265//
f 2218// 2263// 2261//
f 2218// 2261// 2220//
f 2220// 2261// 2259//
f 2220// 2259// 2222//
f 2222// 2259// 2257//
f 2222// 2257// 2224//
f 2224// 2257// 2255//
f 2224// 2255// 2225//
f 2225// 2255// 2253//
f 2225// 2253// 2166//
f 2166// 2253// 2299//
f 2166// 2299// 2168//
f 2168// 2299// 2298//
f 2168// 2298// 2170//
f 2170// 2298// 2296//
f 2170// 2296// 2172//
f 2172// 2296// 2294//
f 2172// 2294// 2174//
f 2174// 2294// 2292//
f 2174// 2292// 2176//
f 2176// 2292// 2290//
f 2176// 2290// 2178//
f 2178// 2290// 2288//
f 2178// 2288// 2180//
f 2180// 2288// 2286//
f 2180// 2286// 2226//
f 2226// 2286// 2284//
f 2226// 2284// 2227//
f 2227// 2284// 2312//
f 2227// 2312// 2229//
f 2229// 2312// 2311//
f 2229// 2311// 2231//
f 2231// 2311// 2309//
f 2231// 2309// 2233//
f 2233// 2309// 2307//
f 2233// 2307// 2235//
f 2235// 2307// 2305//
f 2235// 2305// 2237//
f 2237// 2305// 2303//
f 2237// 2303// 2238//
f 2238// 2303// 2301//
f 2238// 2301// 2183//
f 2183// 2301// 2300//
f 2183// 2300// 2185//
f 2185// 2300// 2250//
f 2185// 2250// 2187//
f 2187// 2250// 2248//
f 2187// 2248// 2189//
f 2189// 2248// 2246//
f 2189// 2246// 2191//
f 2191// 2246// 2244//
f 2191// 2244// 2192//
f 2192// 2244// 2242//
f 2192// 2242// 2194//
f 2194// 2242// 2240//
f 2194// 2240// 2196//
f 2196// 2240// 2282//
f 2196// 2282// 2198//
f 2198// 2282// 2281//
f 2198// 2281// 2200//
f 2200// 2281// 2279//
f 2200// 2279// 2202//
f 2202// 2279// 2277//
f 2202// 2277// 2204//
f 2204// 2277// 2275//
f 2204// 2275// 2206//
f 2206// 2275// 2273//
f 2206// 2273// 2208//
f 2208// 2273// 2271//
f 2208// 2271// 2210//
f 2210// 2271// 2269//
f 2210// 2269// 2212//
f 2214// 2212// 2267//
f 2267// 2212// 2269//
f 2216// 2214// 2265//
f 2265// 2214// 2267//
f 2211// 2213// 2268//
f 2268// 2213// 2266//
f 2213// 2215// 2266//
f 2266// 2215// 2264//
f 2215// 2217// 2264//
f 2264// 2217// 2262//
f 2173// 2293// 2295//
f 2173// 2295// 2171//
f 2171// 2295// 2297//
f 2171// 2297// 2169//
f 2169// 2297// 2252//
f 2169// 2252// 2167//
f 2167// 2252// 2254//
f 2167// 2254// 2165//
f 2165// 2254// 2256//
f 2165// 2256// 2223//
f 2223// 2256// 2258//
f 2223// 2258// 2221//
f 2221// 2258// 2260//
f 2221// 2260// 2219//
f 2219// 2260// 2262//
f 2219// 2262// 2217//
f 2234// 2306// 2308//
f 2234// 2308// 2232//
f 2232// 2308// 2310//
f 2232// 2310// 2230//
f 2230// 2310// 2283//
f 2230// 2283// 2228//
f 2228// 2283// 2285//
f 2228// 2285// 2181//
f 2181// 2285// 2287//
f 2181// 2287// 2179//
f 2179// 2287// 2289//
f 2179// 2289// 2177//
f 2177// 2289// 2291//
f 2177// 2291// 2175//
f 2175// 2291// 2293//
f 2175// 2293// 2173//
f 2195// 2241// 2243//
f 2195// 2243// 2193//
f 2193// 2243// 2245//
f 2193// 2245// 2190//
f 2190// 2245// 2247//
f 2190// 2247// 2188//
f 2188// 2247// 2249//
f 2188// 2249// 2186//
f 2186// 2249// 2251//
f 2186// 2251// 2184//
f 2184// 2251// 2302//
f 2184// 2302// 2182//
f 2182// 2302// 2304//
f 2182// 2304// 2236//
f 2236// 2304// 2306//
f 2236// 2306// 2234//
f 2211// 2268// 2270//
f 2211// 2270// 2209//
f 2209// 2270// 2272//
f 2209// 2272// 2207//
f 2207// 2272// 2274//
f 2207// 2274// 2205//
f 2205// 2274// 2276//
f 2205// 2276// 2203//
f 2203// 2276// 2278//
f 2203// 2278// 2201//
f 2201// 2278// 2280//
f 2201// 2280// 2199//
f 2199// 2280// 2239//
f 2199// 2239// 2197//
f 2197// 2239// 2241//
f 2197// 2241// 2195//
f 2313// 2314// 2315//
f 2315// 2314// 2316//
f 2317// 2318// 2313//
f 2313// 2318// 2319//
f 2313// 2319// 2314//
f 2314// 2319// 2320//
f 2317// 2321// 2318//
f 2318// 2321// 2322//
f 2318// 2322// 2323//
f 2323// 2322// 2324//
f 2323// 2324// 2325//
f 2325// 2326// 2323//
f 2323// 2326// 2315//
f 2323// 2315// 2327//
f 2327// 2315// 2316//
f 2327// 2316// 2328//
f 2329// 2330// 2331//
f 2330// 2332// 2331//
f 2331// 2332// 2333//
f 2331// 2333// 2334//
f 2334// 2333// 2335//
f 2334// 2335// 2336//
f 2336// 2337// 2334//
f 2334// 2337// 2338//
f 2334// 2338// 2339//
f 2340// 2341// 2342//
f 2343// 2339// 2344//
f 2344// 2339// 2338//
f 2344// 2338// 2342//
f 2342// 2338// 2329//
f 2342// 2329// 2340//
f 2340// 2329// 2331//
f 2323// 2327// 2331//
f 2331// 2327// 2340//
f 2318// 2323// 2334//
f 2334// 2323// 2331//
f 2319// 2318// 2339//
f 2339// 2318// 2334//
f 2320// 2319// 2343//
f 2343// 2319// 2339//
f 2314// 2320// 2344//
f 2344// 2320// 2343//
f 2316// 2314// 2342//
f 2342// 2314// 2344//
f 2328// 2316// 2341//
f 2341// 2316// 2342//
f 2327// 2328// 2340//
f 2340// 2328// 2341//
f 2313// 2315// 2338//
f 2338// 2315// 2329//
f 2315// 2326// 2329//
f 2329// 2326// 2330//
f 2324// 2333// 2332//
f 2324// 2332// 2325//
f 2325// 2332// 2330//
f 2325// 2330// 2326//
f 2324// 2322// 2333//
f 2333// 2322// 2335//
f 2317// 2337// 2336//
f 2317// 2336// 2321//
f 2321// 2336// 2335//
f 2321// 2335// 2322//
f 2317// 2313// 2337//
f 2337// 2313// 2338//
f 2345// 2346// 2347//
f 2348// 2349// 2350//
f 2351// 2352// 2353//
f 2354// 2355// 2356//
f 2356// 2355// 2357//
f 2356// 2357// 2358//
f 2359// 2360// 2361//
f 2362// 2363// 2364//
f 2365// 2366// 2347//
f 2347// 2366// 2367//
f 2347// 2367// 2345//
f 2368// 2369// 2370//
f 2370// 2369// 2371//
f 2370// 2371// 2372//
f 2372// 2371// 2373//
f 2372// 2373// 2374//
f 2374// 2373// 2375//
f 2374// 2375// 2376//
f 2377// 2378// 2379//
f 2379// 2378// 2380//
f 2379// 2380// 2381//
f 2382// 2346// 2383//
f 2383// 2346// 2384//
f 2383// 2384// 2377//
f 2377// 2384// 2385//
f 2377// 2385// 2378//
f 2386// 2387// 2371//
f 2371// 2387// 2388//
f 2371// 2388// 2373//
f 2373// 2388// 2389//
f 2373// 2389// 2390//
f 2391// 2392// 2393//
f 2364// 2363// 2394//
f 2394// 2363// 2395//
f 2394// 2395// 2396//
f 2396// 2395// 2397//
f 2396// 2397// 2398//
f 2353// 2352// 2399//
f 2399// 2352// 2400//
f 2399// 2400// 2401//
f 2402// 2403// 2347//
f 2347// 2403// 2404//
f 2347// 2404// 2365//
f 2391// 2393// 2405//
f 2405// 2393// 2406//
f 2405// 2406// 2407//
f 2407// 2406// 2408//
f 2407// 2408// 2409//
f 2376// 2410// 2374//
f 2374// 2410// 2411//
f 2374// 2411// 2412//
f 2413// 2347// 2414//
f 2414// 2347// 2346//
f 2414// 2346// 2415//
f 2415// 2346// 2382//
f 2361// 2360// 2416//
f 2416// 2360// 2417//
f 2416// 2417// 2418//
f 2419// 2420// 2421//
f 2421// 2420// 2422//
f 2421// 2422// 2423//
f 2423// 2422// 2424//
f 2423// 2424// 2425//
f 2425// 2424// 2426//
f 2425// 2426// 2427//
f 2428// 2429// 2430//
f 2430// 2429// 2431//
f 2430// 2431// 2402//
f 2402// 2431// 2432//
f 2402// 2432// 2403//
f 2392// 2391// 2433//
f 2433// 2391// 2434//
f 2433// 2434// 2435//
f 2435// 2434// 2436//
f 2435// 2436// 2437//
f 2437// 2436// 2438//
f 2437// 2438// 2350//
f 2350// 2438// 2439//
f 2350// 2439// 2348//
f 2413// 2440// 2347//
f 2347// 2440// 2441//
f 2347// 2441// 2442//
f 2442// 2441// 2443//
f 2444// 2445// 2446//
f 2446// 2445// 2447//
f 2446// 2447// 2448//
f 2361// 2449// 2359//
f 2359// 2449// 2450//
f 2359// 2450// 2444//
f 2444// 2450// 2451//
f 2444// 2451// 2445//
f 2390// 2452// 2373//
f 2373// 2452// 2453//
f 2373// 2453// 2454//
f 2454// 2453// 2381//
f 2454// 2381// 2455//
f 2455// 2381// 2380//
f 2364// 2456// 2362//
f 2362// 2456// 2457//
f 2362// 2457// 2458//
f 2458// 2457// 2459//
f 2458// 2459// 2460//
f 2460// 2459// 2461//
f 2460// 2461// 2462//
f 2462// 2461// 2463//
f 2462// 2463// 2464//
f 2353// 2465// 2351//
f 2351// 2465// 2466//
f 2351// 2466// 2467//
f 2467// 2466// 2468//
f 2467// 2468// 2469//
f 2469// 2468// 2470//
f 2469// 2470// 2471//
f 2471// 2470// 2350//
f 2471// 2350// 2472//
f 2472// 2350// 2349//
f 2356// 2473// 2354//
f 2354// 2473// 2474//
f 2354// 2474// 2475//
f 2475// 2474// 2476//
f 2475// 2476// 2477//
f 2478// 2479// 2480//
f 2480// 2479// 2481//
f 2480// 2481// 2482//
f 2482// 2481// 2483//
f 2482// 2483// 2428//
f 2428// 2483// 2484//
f 2428// 2484// 2429//
f 2418// 2417// 2371//
f 2371// 2417// 2485//
f 2371// 2485// 2386//
f 2486// 2487// 2488//
f 2488// 2487// 2489//
f 2488// 2489// 2490//
f 2490// 2489// 2491//
f 2490// 2491// 2419//
f 2419// 2491// 2492//
f 2419// 2492// 2420//
f 2463// 2493// 2464//
f 2464// 2493// 2494//
f 2464// 2494// 2495//
f 2495// 2494// 2496//
f 2495// 2496// 2486//
f 2486// 2496// 2497//
f 2486// 2497// 2487//
f 2447// 2498// 2448//
f 2448// 2498// 2499//
f 2448// 2499// 2500//
f 2500// 2499// 2501//
f 2500// 2501// 2443//
f 2443// 2501// 2502//
f 2443// 2502// 2442//
f 2503// 2504// 2505//
f 2506// 2507// 2508//
f 2508// 2507// 2509//
f 2510// 2511// 2512//
f 2512// 2511// 2513//
f 2512// 2513// 2514//
f 2514// 2513// 2515//
f 2514// 2515// 2516//
f 2516// 2515// 2517//
f 2516// 2517// 2518//
f 2518// 2517// 2519//
f 2518// 2519// 2478//
f 2478// 2519// 2520//
f 2478// 2520// 2479//
f 2358// 2521// 2356//
f 2356// 2521// 2522//
f 2356// 2522// 2523//
f 2523// 2522// 2524//
f 2523// 2524// 2525//
f 2525// 2524// 2427//
f 2525// 2427// 2526//
f 2526// 2427// 2426//
f 2527// 2528// 2503//
f 2503// 2528// 2529//
f 2503// 2529// 2504//
f 2397// 2530// 2398//
f 2398// 2530// 2503//
f 2398// 2503// 2531//
f 2531// 2503// 2505//
f 2401// 2400// 2532//
f 2532// 2400// 2533//
f 2532// 2533// 2506//
f 2506// 2533// 2534//
f 2506// 2534// 2507//
f 2535// 2536// 2537//
f 2536// 2538// 2537//
f 2537// 2538// 2539//
f 2537// 2539// 2540//
f 2408// 2541// 2409//
f 2409// 2541// 2542//
f 2409// 2542// 2543//
f 2543// 2542// 2544//
f 2543// 2544// 2510//
f 2510// 2544// 2545//
f 2510// 2545// 2511//
f 2527// 2503// 2537//
f 2537// 2503// 2546//
f 2537// 2546// 2535//
f 2476// 2547// 2477//
f 2477// 2547// 2548//
f 2477// 2548// 2549//
f 2549// 2548// 2550//
f 2549// 2550// 2551//
f 2551// 2550// 2552//
f 2551// 2552// 2553//
f 2553// 2552// 2554//
f 2553// 2554// 2555//
f 2555// 2554// 2556//
f 2555// 2556// 2509//
f 2509// 2556// 2557//
f 2509// 2557// 2508//
f 2558// 2559// 2560//
f 2560// 2559// 2561//
f 2560// 2561// 2562//
f 2561// 2563// 2562//
f 2562// 2563// 2564//
f 2562// 2564// 2565//
f 2565// 2564// 2566//
f 2567// 2568// 2569//
f 2569// 2568// 2570//
f 2571// 2572// 2573//
f 2574// 2575// 2576//
f 2576// 2575// 2577//
f 2576// 2577// 2578//
f 2579// 2580// 2562//
f 2562// 2580// 2581//
f 2562// 2581// 2560//
f 2560// 2581// 2582//
f 2583// 2584// 2585//
f 2586// 2587// 2564//
f 2564// 2587// 2588//
f 2564// 2588// 2566//
f 2589// 2590// 2591//
f 2592// 2593// 2594//
f 2594// 2593// 2595//
f 2594// 2595// 2596//
f 2596// 2595// 2597//
f 2596// 2597// 2598//
f 2585// 2584// 2599//
f 2599// 2584// 2600//
f 2599// 2600// 2601//
f 2601// 2600// 2602//
f 2601// 2602// 2603//
f 2603// 2602// 2604//
f 2604// 2602// 2605//
f 2604// 2605// 2606//
f 2606// 2605// 2569//
f 2606// 2569// 2607//
f 2607// 2569// 2570//
f 2607// 2570// 2578//
f 2578// 2570// 2608//
f 2578// 2608// 2576//
f 2609// 2610// 2611//
f 2611// 2610// 2612//
f 2611// 2612// 2613//
f 2613// 2612// 2614//
f 2613// 2614// 2615//
f 2573// 2572// 2616//
f 2616// 2572// 2617//
f 2616// 2617// 2618//
f 2619// 2620// 2614//
f 2576// 2621// 2574//
f 2574// 2621// 2622//
f 2574// 2622// 2623//
f 2618// 2617// 2624//
f 2624// 2617// 2625//
f 2624// 2625// 2626//
f 2626// 2625// 2627//
f 2626// 2627// 2628//
f 2629// 2630// 2631//
f 2631// 2630// 2632//
f 2631// 2632// 2633//
f 2633// 2632// 2634//
f 2633// 2634// 2635//
f 2635// 2634// 2636//
f 2635// 2636// 2637//
f 2638// 2639// 2640//
f 2640// 2639// 2641//
f 2640// 2641// 2642//
f 2642// 2641// 2643//
f 2642// 2643// 2644//
f 2620// 2645// 2614//
f 2614// 2645// 2646//
f 2614// 2646// 2615//
f 2647// 2648// 2649//
f 2649// 2648// 2574//
f 2649// 2574// 2650//
f 2650// 2574// 2623//
f 2651// 2652// 2653//
f 2653// 2652// 2654//
f 2653// 2654// 2655//
f 2597// 2656// 2598//
f 2598// 2656// 2657//
f 2598// 2657// 2658//
f 2658// 2657// 2626//
f 2658// 2626// 2659//
f 2591// 2590// 2660//
f 2660// 2590// 2661//
f 2660// 2661// 2562//
f 2562// 2661// 2662//
f 2562// 2662// 2579//
f 2654// 2663// 2655//
f 2655// 2663// 2664//
f 2655// 2664// 2665//
f 2665// 2664// 2666//
f 2665// 2666// 2667//
f 2667// 2666// 2560//
f 2667// 2560// 2668//
f 2668// 2560// 2582//
f 2651// 2669// 2670//
f 2659// 2626// 2671//
f 2671// 2626// 2628//
f 2671// 2628// 2672//
f 2673// 2674// 2675//
f 2675// 2674// 2676//
f 2643// 2677// 2644//
f 2644// 2677// 2678//
f 2644// 2678// 2679//
f 2679// 2678// 2680//
f 2679// 2680// 2629//
f 2629// 2680// 2681//
f 2629// 2681// 2630//
f 2614// 2682// 2619//
f 2619// 2682// 2683//
f 2619// 2683// 2684//
f 2684// 2683// 2685//
f 2684// 2685// 2686//
f 2686// 2685// 2687//
f 2686// 2687// 2688//
f 2688// 2687// 2689//
f 2688// 2689// 2638//
f 2638// 2689// 2690//
f 2638// 2690// 2639//
f 2591// 2691// 2589//
f 2589// 2691// 2692//
f 2589// 2692// 2693//
f 2693// 2692// 2694//
f 2693// 2694// 2647//
f 2647// 2694// 2695//
f 2647// 2695// 2648//
f 2696// 2697// 2651//
f 2651// 2697// 2698//
f 2651// 2698// 2669//
f 2670// 2699// 2651//
f 2651// 2699// 2700//
f 2651// 2700// 2652//
f 2701// 2702// 2703//
f 2703// 2702// 2704//
f 2703// 2704// 2705//
f 2585// 2706// 2583//
f 2583// 2706// 2707//
f 2583// 2707// 2708//
f 2708// 2707// 2709//
f 2708// 2709// 2710//
f 2710// 2709// 2711//
f 2710// 2711// 2712//
f 2712// 2711// 2713//
f 2712// 2713// 2714//
f 2714// 2713// 2715//
f 2714// 2715// 2701//
f 2701// 2715// 2716//
f 2701// 2716// 2702//
f 2636// 2717// 2637//
f 2637// 2717// 2718//
f 2637// 2718// 2719//
f 2719// 2718// 2720//
f 2719// 2720// 2721//
f 2721// 2720// 2722//
f 2721// 2722// 2723//
f 2723// 2722// 2724//
f 2723// 2724// 2725//
f 2725// 2724// 2726//
f 2725// 2726// 2727//
f 2727// 2726// 2728//
f 2727// 2728// 2675//
f 2675// 2728// 2729//
f 2675// 2729// 2673//
f 2676// 2730// 2675//
f 2675// 2730// 2731//
f 2675// 2731// 2732//
f 2567// 2569// 2651//
f 2651// 2569// 2733//
f 2651// 2733// 2696//
f 2704// 2734// 2705//
f 2705// 2734// 2735//
f 2705// 2735// 2736//
f 2736// 2735// 2737//
f 2736// 2737// 2738//
f 2738// 2737// 2739//
f 2738// 2739// 2592//
f 2592// 2739// 2740//
f 2592// 2740// 2593//
f 2741// 2742// 2732//
f 2732// 2742// 2743//
f 2732// 2743// 2744//
f 2745// 2746// 2747//
f 2747// 2746// 2748//
f 2747// 2748// 2609//
f 2609// 2748// 2749//
f 2609// 2749// 2610//
f 2573// 2750// 2571//
f 2571// 2750// 2751//
f 2571// 2751// 2752//
f 2752// 2751// 2753//
f 2752// 2753// 2754//
f 2754// 2753// 2755//
f 2754// 2755// 2756//
f 2756// 2755// 2757//
f 2756// 2757// 2758//
f 2758// 2757// 2759//
f 2758// 2759// 2760//
f 2760// 2759// 2761//
f 2760// 2761// 2762//
f 2762// 2761// 2763//
f 2762// 2763// 2764//
f 2764// 2763// 2765//
f 2764// 2765// 2766//
f 2766// 2765// 2767//
f 2766// 2767// 2745//
f 2745// 2767// 2768//
f 2745// 2768// 2746//
f 2744// 2769// 2732//
f 2732// 2769// 2770//
f 2732// 2770// 2675//
f 2489// 2677// 2643//
f 2489// 2643// 2491//
f 2491// 2643// 2641//
f 2491// 2641// 2492//
f 2492// 2641// 2639//
f 2492// 2639// 2420//
f 2420// 2639// 2690//
f 2420// 2690// 2422//
f 2422// 2690// 2689//
f 2422// 2689// 2424//
f 2424// 2689// 2687//
f 2424// 2687// 2426//
f 2426// 2687// 2685//
f 2426// 2685// 2526//
f 2526// 2685// 2683//
f 2526// 2683// 2525//
f 2525// 2683// 2682//
f 2525// 2682// 2523//
f 2523// 2682// 2614//
f 2523// 2614// 2356//
f 2356// 2614// 2612//
f 2356// 2612// 2473//
f 2473// 2612// 2610//
f 2473// 2610// 2474//
f 2474// 2610// 2749//
f 2474// 2749// 2476//
f 2476// 2749// 2748//
f 2476// 2748// 2547//
f 2547// 2748// 2746//
f 2547// 2746// 2548//
f 2548// 2746// 2768//
f 2548// 2768// 2550//
f 2550// 2768// 2767//
f 2550// 2767// 2552//
f 2552// 2767// 2765//
f 2552// 2765// 2554//
f 2554// 2765// 2763//
f 2554// 2763// 2556//
f 2556// 2763// 2761//
f 2556// 2761// 2557//
f 2557// 2761// 2759//
f 2557// 2759// 2508//
f 2508// 2759// 2757//
f 2508// 2757// 2506//
f 2506// 2757// 2755//
f 2506// 2755// 2532//
f 2532// 2755// 2753//
f 2532// 2753// 2401//
f 2401// 2753// 2751//
f 2401// 2751// 2399//
f 2399// 2751// 2750//
f 2399// 2750// 2353//
f 2353// 2750// 2573//
f 2353// 2573// 2465//
f 2465// 2573// 2616//
f 2465// 2616// 2466//
f 2466// 2616// 2618//
f 2466// 2618// 2468//
f 2468// 2618// 2624//
f 2468// 2624// 2470//
f 2470// 2624// 2626//
f 2470// 2626// 2350//
f 2350// 2626// 2657//
f 2350// 2657// 2437//
f 2437// 2657// 2656//
f 2437// 2656// 2435//
f 2435// 2656// 2597//
f 2435// 2597// 2433//
f 2433// 2597// 2595//
f 2433// 2595// 2392//
f 2392// 2595// 2593//
f 2392// 2593// 2393//
f 2393// 2593// 2740//
f 2393// 2740// 2406//
f 2406// 2740// 2739//
f 2406// 2739// 2408//
f 2408// 2739// 2737//
f 2408// 2737// 2541//
f 2541// 2737// 2735//
f 2541// 2735// 2542//
f 2542// 2735// 2734//
f 2542// 2734// 2544//
f 2544// 2734// 2704//
f 2544// 2704// 2545//
f 2545// 2704// 2702//
f 2545// 2702// 2511//
f 2511// 2702// 2716//
f 2511// 2716// 2513//
f 2513// 2716// 2715//
f 2513// 2715// 2515//
f 2515// 2715// 2713//
f 2515// 2713// 2517//
f 2517// 2713// 2711//
f 2517// 2711// 2519//
f 2519// 2711// 2709//
f 2519// 2709// 2520//
f 2520// 2709// 2707//
f 2520// 2707// 2479//
f 2479// 2707// 2706//
f 2479// 2706// 2481//
f 2481// 2706// 2585//
f 2481// 2585// 2483//
f 2483// 2585// 2599//
f 2483// 2599// 2484//
f 2484// 2599// 2601//
f 2484// 2601// 2429//
f 2429// 2601// 2603//
f 2429// 2603// 2431//
f 2431// 2603// 2604//
f 2431// 2604// 2432//
f 2432// 2604// 2606//
f 2432// 2606// 2403//
f 2403// 2606// 2607//
f 2403// 2607// 2404//
f 2404// 2607// 2578//
f 2404// 2578// 2365//
f 2365// 2578// 2577//
f 2365// 2577// 2366//
f 2366// 2577// 2575//
f 2366// 2575// 2367//
f 2367// 2575// 2574//
f 2367// 2574// 2345//
f 2345// 2574// 2648//
f 2345// 2648// 2346//
f 2346// 2648// 2695//
f 2346// 2695// 2384//
f 2384// 2695// 2694//
f 2384// 2694// 2385//
f 2385// 2694// 2692//
f 2385// 2692// 2378//
f 2378// 2692// 2691//
f 2378// 2691// 2380//
f 2380// 2691// 2591//
f 2380// 2591// 2455//
f 2455// 2591// 2660//
f 2455// 2660// 2454//
f 2454// 2660// 2562//
f 2454// 2562// 2373//
f 2373// 2562// 2565//
f 2373// 2565// 2375//
f 2375// 2565// 2566//
f 2375// 2566// 2376//
f 2376// 2566// 2588//
f 2376// 2588// 2410//
f 2410// 2588// 2587//
f 2410// 2587// 2411//
f 2411// 2587// 2586//
f 2411// 2586// 2412//
f 2412// 2586// 2564//
f 2412// 2564// 2374//
f 2374// 2564// 2563//
f 2374// 2563// 2372//
f 2370// 2372// 2561//
f 2561// 2372// 2563//
f 2368// 2370// 2559//
f 2559// 2370// 2561//
f 2369// 2368// 2558//
f 2558// 2368// 2559//
f 2371// 2369// 2560//
f 2560// 2369// 2558//
f 2371// 2560// 2666//
f 2371// 2666// 2418//
f 2418// 2666// 2664//
f 2418// 2664// 2416//
f 2416// 2664// 2663//
f 2416// 2663// 2361//
f 2361// 2663// 2654//
f 2361// 2654// 2449//
f 2449// 2654// 2652//
f 2449// 2652// 2450//
f 2450// 2652// 2700//
f 2450// 2700// 2451//
f 2451// 2700// 2699//
f 2451// 2699// 2445//
f 2445// 2699// 2670//
f 2445// 2670// 2447//
f 2447// 2670// 2669//
f 2447// 2669// 2498//
f 2498// 2669// 2698//
f 2498// 2698// 2499//
f 2499// 2698// 2697//
f 2499// 2697// 2501//
f 2501// 2697// 2696//
f 2501// 2696// 2502//
f 2502// 2696// 2733//
f 2502// 2733// 2442//
f 2442// 2733// 2569//
f 2442// 2569// 2347//
f 2347// 2569// 2605//
f 2347// 2605// 2402//
f 2402// 2605// 2602//
f 2402// 2602// 2430//
f 2430// 2602// 2600//
f 2430// 2600// 2428//
f 2428// 2600// 2584//
f 2428// 2584// 2482//
f 2482// 2584// 2583//
f 2482// 2583// 2480//
f 2480// 2583// 2708//
f 2480// 2708// 2478//
f 2478// 2708// 2710//
f 2478// 2710// 2518//
f 2518// 2710// 2712//
f 2518// 2712// 2516//
f 2516// 2712// 2714//
f 2516// 2714// 2514//
f 2514// 2714// 2701//
f 2514// 2701// 2512//
f 2512// 2701// 2703//
f 2512// 2703// 2510//
f 2510// 2703// 2705//
f 2510// 2705// 2543//
f 2543// 2705// 2736//
f 2543// 2736// 2409//
f 2409// 2736// 2738//
f 2409// 2738// 2407//
f 2407// 2738// 2592//
f 2407// 2592// 2405//
f 2405// 2592// 2594//
f 2405// 2594// 2391//
f 2391// 2594// 2596//
f 2391// 2596// 2434//
f 2434// 2596// 2598//
f 2434// 2598// 2436//
f 2436// 2598// 2658//
f 2436// 2658// 2438//
f 2438// 2658// 2659//
f 2438// 2659// 2439//
f 2439// 2659// 2671//
f 2439// 2671// 2348//
f 2348// 2671// 2672//
f 2348// 2672// 2349//
f 2349// 2672// 2628//
f 2349// 2628// 2472//
f 2472// 2628// 2627//
f 2472// 2627// 2471//
f 2471// 2627// 2625//
f 2471// 2625// 2469//
f 2469// 2625// 2617//
f 2469// 2617// 2467//
f 2467// 2617// 2572//
f 2467// 2572// 2351//
f 2351// 2572// 2571//
f 2351// 2571// 2352//
f 2352// 2571// 2752//
f 2352// 2752// 2400//
f 2400// 2752// 2754//
f 2400// 2754// 2533//
f 2533// 2754// 2756//
f 2533// 2756// 2534//
f 2534// 2756// 2758//
f 2534// 2758// 2507//
f 2507// 2758// 2760//
f 2507// 2760// 2509//
f 2509// 2760// 2762//
f 2509// 2762// 2555//
f 2555// 2762// 2764//
f 2555// 2764// 2553//
f 2553// 2764// 2766//
f 2553// 2766// 2551//
f 2551// 2766// 2745//
f 2551// 2745// 2549//
f 2549// 2745// 2747//
f 2549// 2747// 2477//
f 2477// 2747// 2609//
f 2477// 2609// 2475//
f 2475// 2609// 2611//
f 2475// 2611// 2354//
f 2354// 2611// 2613//
f 2354// 2613// 2355//
f 2355// 2613// 2615//
f 2355// 2615// 2357//
f 2357// 2615// 2646//
f 2357// 2646// 2358//
f 2521// 2358// 2645//
f 2645// 2358// 2646//
f 2521// 2645// 2620//
f 2521// 2620// 2522//
f 2522// 2620// 2619//
f 2522// 2619// 2524//
f 2524// 2619// 2684//
f 2524// 2684// 2427//
f 2427// 2684// 2686//
f 2427// 2686// 2425//
f 2425// 2686// 2688//
f 2425// 2688// 2423//
f 2423// 2688// 2638//
f 2423// 2638// 2421//
f 2421// 2638// 2640//
f 2421// 2640// 2419//
f 2419// 2640// 2642//
f 2419// 2642// 2490//
f 2490// 2642// 2644//
f 2490// 2644// 2488//
f 2488// 2644// 2679//
f 2488// 2679// 2486//
f 2486// 2679// 2629//
f 2486// 2629// 2495//
f 2495// 2629// 2631//
f 2495// 2631// 2464//
f 2464// 2631// 2633//
f 2464// 2633// 2462//
f 2462// 2633// 2635//
f 2462// 2635// 2460//
f 2460// 2635// 2637//
f 2460// 2637// 2458//
f 2458// 2637// 2719//
f 2458// 2719// 2362//
f 2362// 2719// 2721//
f 2362// 2721// 2363//
f 2363// 2721// 2723//
f 2363// 2723// 2395//
f 2397// 2395// 2725//
f 2725// 2395// 2723//
f 2397// 2725// 2727//
f 2397// 2727// 2530//
f 2530// 2727// 2675//
f 2530// 2675// 2503//
f 2503// 2675// 2770//
f 2503// 2770// 2546//
f 2546// 2770// 2769//
f 2546// 2769// 2535//
f 2535// 2769// 2744//
f 2535// 2744// 2536//
f 2536// 2744// 2743//
f 2536// 2743// 2538//
f 2538// 2743// 2742//
f 2538// 2742// 2539//
f 2539// 2742// 2741//
f 2539// 2741// 2540//
f 2540// 2741// 2732//
f 2540// 2732// 2537//
f 2537// 2732// 2731//
f 2537// 2731// 2527//
f 2527// 2731// 2730//
f 2527// 2730// 2528//
f 2528// 2730// 2676//
f 2528// 2676// 2529//
f 2529// 2676// 2674//
f 2529// 2674// 2504//
f 2504// 2674// 2673//
f 2504// 2673// 2505//
f 2505// 2673// 2729//
f 2505// 2729// 2531//
f 2531// 2729// 2728//
f 2531// 2728// 2398//
f 2398// 2728// 2726//
f 2398// 2726// 2396//
f 2394// 2396// 2724//
f 2724// 2396// 2726//
f 2394// 2724// 2722//
f 2394// 2722// 2364//
f 2364// 2722// 2720//
f 2364// 2720// 2456//
f 2456// 2720// 2718//
f 2456// 2718// 2457//
f 2457// 2718// 2717//
f 2457// 2717// 2459//
f 2459// 2717// 2636//
f 2459// 2636// 2461//
f 2461// 2636// 2634//
f 2461// 2634// 2463//
f 2463// 2634// 2632//
f 2463// 2632// 2493//
f 2493// 2632// 2630//
f 2493// 2630// 2494//
f 2494// 2630// 2681//
f 2494// 2681// 2496//
f 2496// 2681// 2680//
f 2496// 2680// 2497//
f 2497// 2680// 2678//
f 2497// 2678// 2487//
f 2487// 2678// 2677//
f 2487// 2677// 2489//
f 2444// 2651// 2653//
f 2444// 2653// 2359//
f 2359// 2653// 2655//
f 2359// 2655// 2360//
f 2360// 2655// 2665//
f 2360// 2665// 2417//
f 2417// 2665// 2667//
f 2417// 2667// 2485//
f 2485// 2667// 2668//
f 2485// 2668// 2386//
f 2386// 2668// 2582//
f 2386// 2582// 2387//
f 2387// 2582// 2581//
f 2387// 2581// 2388//
f 2388// 2581// 2580//
f 2388// 2580// 2389//
f 2389// 2580// 2579//
f 2389// 2579// 2390//
f 2390// 2579// 2662//
f 2390// 2662// 2452//
f 2452// 2662// 2661//
f 2452// 2661// 2453//
f 2453// 2661// 2590//
f 2453// 2590// 2381//
f 2381// 2590// 2589//
f 2381// 2589// 2379//
f 2379// 2589// 2693//
f 2379// 2693// 2377//
f 2377// 2693// 2647//
f 2377// 2647// 2383//
f 2383// 2647// 2649//
f 2383// 2649// 2382//
f 2382// 2649// 2650//
f 2382// 2650// 2415//
f 2415// 2650// 2623//
f 2415// 2623// 2414//
f 2414// 2623// 2622//
f 2414// 2622// 2413//
f 2413// 2622// 2621//
f 2413// 2621// 2440//
f 2440// 2621// 2576//
f 2440// 2576// 2441//
f 2441// 2576// 2608//
f 2441// 2608// 2443//
f 2443// 2608// 2570//
f 2443// 2570// 2500//
f 2500// 2570// 2568//
f 2500// 2568// 2448//
f 2448// 2568// 2567//
f 2448// 2567// 2446//
f 2446// 2567// 2651//
f 2446// 2651// 2444//
