v -0.600333 1.5 0.41
v -0.537354 1.5 0.41
v -0.537354 1.5 0.369288
newmtl 1
Ka 0.4392156862745098 0.4392156862745098 0.4392156862745098
Kd 0.4392156862745098 0.4392156862745098 0.4392156862745098
Ks 0.2196078431372549 0.2196078431372549 0.2196078431372549
d 0.0
endmtl
v -0.192639 1.5 0.178498
v -0.196341 1.5 0.187075
v -0.191837 1.5 0.198774
v -0.12842 1.5 0.292402
v -0.120375 1.5 0.291691
v -0.13381 1.5 0.291691
v -0.091142 1.5 0.307042
v -0.089789 1.5 0.310602
v -0.089789 1.5 0.291691
v -0.111899 1.5 0.358886
v -0.112944 1.5 0.359005
v -0.089789 1.5 0.359005
v -0.13381 1.5 0.358133
v -0.13381 1.5 0.359005
v -0.130867 1.5 0.359005
v -0.05844 1.5 0.359301
v -0.058438 1.5 0.359005
v -0.085832 1.5 0.359005
v -0.290524 1.5 0.357655
v -0.315114 1.5 0.291691
v -0.336191 1.5 0.291691
v -0.280283 1.5 0.186378
v -0.280751 1.5 0.252331
v -0.274053 1.5 0.252331
v 0.01282 1.5 0.283941
v 0.008431 1.5 0.272748
v -0.021779 1.5 0.272748
v 0.195917 1.5 0.252331
v 0.138164 1.5 0.252331
v 0.13566 1.5 0.253617
v 0.184691 1.5 0.367958
v 0.181072 1.5 0.369288
v 0.677206 1.5 0.369288
v 0.076478 1.5 0.35354
v 0.060944 1.5 0.335281
v -0.021779 1.5 0.359005
v 0.051308 1.5 0.31615
v 0.049006 1.5 0.315358
v -0.021779 1.5 0.369288
v 0.095918 1.5 0.367045
v 0.084346 1.5 0.359005
v 0.15 1.5 0.41
v 0.162861 1.5 0.375979
v 0.140362 1.5 0.378487
v 0.119346 1.5 0.375941
v 0.101826 1.5 0.369288
v -0.021779 1.5 0.41
v 0.20259 1.5 0.41
v 0.267908 1.5 0.41
v 0.333545 1.5 0.41
v 0.399688 1.5 0.41
v 0.466267 1.5 0.41
v 0.532927 1.5 0.41
v 0.600333 1.5 0.41
v 0.66374 1.5 0.41
v 0.677206 1.5 0.41
v 0.677206 1.5 0.359005
v 0.198805 1.5 0.359005
v 0.197013 1.5 0.360518
v 0.247283 1.5 0.338799
v 0.228711 1.5 0.34096
v 0.208149 1.5 0.351118
v 0.223296 1.5 0.340627
v 0.217884 1.5 0.339941
v 0.283037 1.5 0.318735
v 0.279836 1.5 0.321723
v 0.264779 1.5 0.332148
v 0.677206 1.5 0.291691
v 0.677206 1.5 0.272748
v 0.304826 1.5 0.272748
v 0.302102 1.5 0.287394
v 0.300161 1.5 0.291691
v 0.294465 1.5 0.304298
v 0.677206 1.5 0.252331
v 0.304208 1.5 0.253617
v 0.677206 1.5 0.253617
v 0.305555 1.5 0.265197
v 0.30539 1.5 0.269715
v 0.099407 1.5 0.2163
v 0.096166 1.5 0.217554
v 0.090442 1.5 0.244359
v 0.271523 1.5 0.201077
v 0.286137 1.5 0.213717
v 0.677206 1.5 0.11
v 0.102318 1.5 0.214268
v 0.296782 1.5 0.229147
v 0.303407 1.5 0.24673
v 0.304058 1.5 0.252331
v 0.092513 1.5 0.217996
v 0.092055 1.5 0.21796
v 0.090644 1.5 0.217637
v -0.021779 1.5 0.253617
v 0.005358 1.5 0.252331
v -0.021779 1.5 0.252331
v 0.007395 1.5 0.237326
v -0.021779 1.5 0.11
v 0.013417 1.5 0.222456
v 0.02286 1.5 0.209495
v 0.243959 1.5 0.180692
v 0.237012 1.5 0.171999
v 0.227846 1.5 0.164992
v 0.1598 1.5 0.188732
v 0.165452 1.5 0.178277
v 0.248617 1.5 0.190842
v 0.254559 1.5 0.192666
v 0.044063 1.5 0.229004
v 0.038827 1.5 0.236312
v 0.035519 1.5 0.244683
v 0.095029 1.5 0.252331
v 0.035751 1.5 0.198739
v 0.050172 1.5 0.191807
v 0.065872 1.5 0.188603
v 0.107217 1.5 0.203499
v 0.107085 1.5 0.205357
v 0.15663 1.5 0.209973
v 0.106113 1.5 0.208935
v 0.104279 1.5 0.212136
v 0.172719 1.5 0.170248
v 0.182146 1.5 0.163784
v 0.192679 1.5 0.159821
v 0.093662 1.5 0.188801
v 0.096312 1.5 0.189247
v 0.099419 1.5 0.190496
v 0.102458 1.5 0.192689
v 0.103545 1.5 0.193811
v 0.105577 1.5 0.196784
v 0.106795 1.5 0.199987
v 0.156956 1.5 0.200338
v 0.156663 1.5 0.205263
v 0.204098 1.5 0.158496
v 0.205901 1.5 0.158542
v 0.21701 1.5 0.160352
v 0.08969 1.5 0.217505
v 0.068495 1.5 0.217355
v 0.06001 1.5 0.21892
v 0.051674 1.5 0.222716
v 0.044673 1.5 0.228358
v 0.03452 1.5 0.252331
v 0.034352 1.5 0.253617
v 0.095769 1.5 0.253617
v 0.034321 1.5 0.253853
v 0.273923 1.5 0.253617
v 0.27536 1.5 0.258641
v 0.104866 1.5 0.269426
v 0.275875 1.5 0.265929
v 0.274985 1.5 0.272748
v 0.034525 1.5 0.258008
v 0.03668 1.5 0.267068
v 0.039695 1.5 0.272748
v 0.186357 1.5 0.249888
v 0.1764 1.5 0.244462
v 0.168215 1.5 0.236904
v 0.225124 1.5 0.247952
v 0.214692 1.5 0.25186
v 0.273556 1.5 0.252331
v 0.210635 1.5 0.252331
v 0.203427 1.5 0.253168
v 0.197708 1.5 0.252789
v 0.272058 1.5 0.247093
v 0.242649 1.5 0.232478
v 0.2348 1.5 0.241327
v 0.266529 1.5 0.237533
v 0.258147 1.5 0.228796
v 0.247922 1.5 0.222396
v 0.074568 1.5 0.290879
v 0.270276 1.5 0.287804
v 0.274388 1.5 0.277329
v 0.0708 1.5 0.290852
v 0.041008 1.5 0.275222
v 0.046376 1.5 0.2813
v 0.053644 1.5 0.286455
v 0.061841 1.5 0.289682
v 0.084533 1.5 0.319268
v 0.095072 1.5 0.332031
v 0.203527 1.5 0.305454
v 0.096229 1.5 0.333099
v 0.109396 1.5 0.342378
v 0.196224 1.5 0.320305
v 0.267529 1.5 0.291691
v 0.206844 1.5 0.307299
v 0.07474 1.5 0.291691
v 0.077367 1.5 0.304043
v 0.217376 1.5 0.311242
v 0.22844 1.5 0.312696
v 0.233368 1.5 0.312473
v 0.185569 1.5 0.33285
v 0.124126 1.5 0.348144
v 0.172882 1.5 0.341983
v 0.140091 1.5 0.350223
v 0.157451 1.5 0.348111
v 0.245014 1.5 0.309794
v 0.255547 1.5 0.30429
v 0.263679 1.5 0.297138
v 0.007163 1.5 0.269515
v 0.005116 1.5 0.254117
v 0.005184 1.5 0.253617
v 0.035039 1.5 0.308303
v 0.022339 1.5 0.297408
v -0.021779 1.5 0.291691
v 0.018298 1.5 0.291691
v -0.317734 1.5 0.248325
v -0.336191 1.5 0.252331
v -0.309759 1.5 0.251302
v -0.30101 1.5 0.252331
v -0.336191 1.5 0.11
v -0.332167 1.5 0.206884
v -0.328596 1.5 0.200201
v -0.309704 1.5 0.187523
v -0.274053 1.5 0.11
v -0.298504 1.5 0.186249
v -0.324293 1.5 0.195347
v -0.317288 1.5 0.190408
v -0.324635 1.5 0.243541
v -0.326982 1.5 0.241209
v -0.331035 1.5 0.235396
v -0.333433 1.5 0.229053
v -0.33446 1.5 0.219966
v -0.33407 1.5 0.214424
v -0.274053 1.5 0.253617
v -0.280753 1.5 0.252625
v -0.299651 1.5 0.252491
v -0.336191 1.5 0.253617
v -0.253975 1.5 0.194118
v -0.267822 1.5 0.19402
v -0.264593 1.5 0.216329
v -0.266677 1.5 0.245104
v -0.266728 1.5 0.252331
v -0.264647 1.5 0.223916
v -0.253975 1.5 0.216404
v -0.240902 1.5 0.216497
v -0.240744 1.5 0.194212
v -0.253975 1.5 0.245194
v -0.253975 1.5 0.223991
v -0.241106 1.5 0.245285
v -0.240956 1.5 0.224084
v -0.266731 1.5 0.252724
v -0.253975 1.5 0.253617
v -0.191837 1.5 0.253617
v -0.232609 1.5 0.252966
v -0.253975 1.5 0.252815
v -0.191837 1.5 0.221278
v -0.199505 1.5 0.198704
v -0.201757 1.5 0.19862
v -0.267769 1.5 0.186467
v -0.253975 1.5 0.11
v -0.253975 1.5 0.186565
v -0.191837 1.5 0.11
v -0.232139 1.5 0.18672
v -0.200494 1.5 0.194802
v -0.200714 1.5 0.1948
v -0.201106 1.5 0.196419
v -0.191837 1.5 0.252331
v -0.214931 1.5 0.234158
v -0.232604 1.5 0.252331
v -0.223533 1.5 0.234097
v -0.201674 1.5 0.179789
v -0.197866 1.5 0.1725
v -0.194804 1.5 0.168875
v -0.141519 1.5 0.189022
v -0.141579 1.5 0.197591
v -0.13381 1.5 0.252331
v -0.13381 1.5 0.11
v -0.145721 1.5 0.11
v -0.145721 1.5 0.187467
v -0.144632 1.5 0.195656
v -0.145721 1.5 0.195227
v -0.145721 1.5 0.212796
v -0.144103 1.5 0.214406
v -0.143034 1.5 0.216143
v -0.142136 1.5 0.218684
v -0.141803 1.5 0.221908
v -0.142151 1.5 0.224873
v -0.145451 1.5 0.212977
v -0.14686 1.5 0.187045
v -0.170831 1.5 0.207849
v -0.172364 1.5 0.205552
v -0.171464 1.5 0.225389
v -0.173553 1.5 0.200006
v -0.173135 1.5 0.196675
v -0.17584 1.5 0.11
v -0.147191 1.5 0.231963
v -0.149653 1.5 0.233411
v -0.145721 1.5 0.252331
v -0.143158 1.5 0.227537
v -0.144716 1.5 0.229769
v -0.145721 1.5 0.23066
v -0.154214 1.5 0.235008
v -0.160325 1.5 0.23563
v -0.17584 1.5 0.252331
v -0.165847 1.5 0.235127
v -0.171521 1.5 0.23345
v -0.172097 1.5 0.194052
v -0.170535 1.5 0.191875
v -0.168146 1.5 0.189815
v -0.165521 1.5 0.188302
v -0.160925 1.5 0.186777
v -0.154335 1.5 0.186154
v -0.159465 1.5 0.228895
v -0.157007 1.5 0.228729
v -0.15036 1.5 0.222592
v -0.154783 1.5 0.228157
v -0.152916 1.5 0.227181
v -0.150427 1.5 0.221488
v -0.150748 1.5 0.220197
v -0.151337 1.5 0.219073
v -0.15214 1.5 0.218177
v -0.155053 1.5 0.216327
v -0.165058 1.5 0.2282
v -0.160172 1.5 0.214055
v -0.169712 1.5 0.226418
v -0.163376 1.5 0.212732
v -0.168865 1.5 0.209629
v -0.151656 1.5 0.226083
v -0.150937 1.5 0.225032
v -0.150519 1.5 0.223915
v -0.149812 1.5 0.193614
v -0.15427 1.5 0.208068
v -0.14934 1.5 0.21037
v -0.155196 1.5 0.192922
v -0.155562 1.5 0.192921
v -0.159703 1.5 0.205748
v -0.159819 1.5 0.193368
v -0.165029 1.5 0.199253
v -0.164955 1.5 0.200286
v -0.161966 1.5 0.194136
v -0.162726 1.5 0.19459
v -0.163684 1.5 0.195429
v -0.164416 1.5 0.196495
v -0.164846 1.5 0.197672
v -0.164587 1.5 0.201585
v -0.163954 1.5 0.202689
v -0.162927 1.5 0.203773
v -0.336191 1.5 0.359005
v -0.274053 1.5 0.359005
v -0.28138 1.5 0.35772
v -0.253975 1.5 0.291691
v -0.255693 1.5 0.291691
v -0.274053 1.5 0.338885
v -0.255678 1.5 0.291652
v -0.253975 1.5 0.272748
v -0.265127 1.5 0.291585
v -0.274053 1.5 0.272748
v -0.265165 1.5 0.291691
v -0.274053 1.5 0.291691
v -0.274053 1.5 0.309642
v -0.271623 1.5 0.309659
v -0.299209 1.5 0.309464
v -0.305693 1.5 0.291691
v -0.305837 1.5 0.291296
v -0.315286 1.5 0.291229
v -0.336191 1.5 0.272748
v -0.17584 1.5 0.329645
v -0.182432 1.5 0.329598
v -0.184462 1.5 0.350786
v -0.17584 1.5 0.359005
v -0.184516 1.5 0.358407
v -0.191837 1.5 0.359005
v -0.191837 1.5 0.291691
v -0.182378 1.5 0.322012
v -0.17584 1.5 0.322058
v -0.158687 1.5 0.32218
v -0.17584 1.5 0.299771
v -0.158529 1.5 0.299894
v -0.17584 1.5 0.350848
v -0.158891 1.5 0.350968
v -0.158741 1.5 0.329766
v -0.149923 1.5 0.292402
v -0.145721 1.5 0.291691
v -0.17584 1.5 0.291691
v -0.185607 1.5 0.299702
v -0.185553 1.5 0.292149
v -0.17584 1.5 0.292218
v -0.145721 1.5 0.359005
v -0.150393 1.5 0.358649
v -0.17584 1.5 0.358468
v -0.058024 1.5 0.300607
v -0.084407 1.5 0.30042
v -0.085832 1.5 0.291691
v -0.084354 1.5 0.292867
v -0.049419 1.5 0.293115
v -0.085832 1.5 0.369288
v -0.049888 1.5 0.359362
v -0.049886 1.5 0.359005
v -0.137122 1.5 0.357151
v -0.137059 1.5 0.34821
v -0.13381 1.5 0.34959
v -0.119606 1.5 0.29912
v -0.123815 1.5 0.299307
v -0.102886 1.5 0.344505
v -0.099659 1.5 0.339916
v -0.096332 1.5 0.322549
v -0.097372 1.5 0.315951
v -0.131145 1.5 0.300856
v -0.13381 1.5 0.302085
v -0.136324 1.5 0.348613
v -0.136741 1.5 0.303436
v -0.121473 1.5 0.352249
v -0.118657 1.5 0.352145
v -0.103369 1.5 0.345028
v -0.112921 1.5 0.351028
v -0.107718 1.5 0.348602
v -0.097408 1.5 0.334197
v -0.096268 1.5 0.325163
v -0.099498 1.5 0.310617
v -0.102637 1.5 0.306218
v -0.104301 1.5 0.304585
v -0.129622 1.5 0.351218
v -0.108709 1.5 0.301582
v -0.113517 1.5 0.299827
v -0.13381 1.5 0.369288
v -0.130113 1.5 0.359229
v -0.092193 1.5 0.344151
v -0.09704 1.5 0.35039
v -0.098512 1.5 0.351785
v -0.104952 1.5 0.356257
v -0.088994 1.5 0.336815
v -0.089789 1.5 0.338638
v -0.088503 1.5 0.313987
v -0.087289 1.5 0.324718
v -0.087431 1.5 0.328177
v -0.113399 1.5 0.291833
v -0.106384 1.5 0.293525
v -0.100259 1.5 0.296688
v -0.095621 1.5 0.300713
v -0.095046 1.5 0.301351
v -0.118316 1.5 0.291508
v -0.13381 1.5 0.272748
v -0.11556 1.5 0.291691
v -0.089789 1.5 0.272748
v -0.136683 1.5 0.295239
v -0.135549 1.5 0.294684
v -0.13381 1.5 0.294128
v -0.084356 1.5 0.195321
v -0.084303 1.5 0.187768
v -0.085832 1.5 0.11
v -0.048673 1.5 0.188021
v -0.085832 1.5 0.252331
v -0.083211 1.5 0.246405
v -0.083254 1.5 0.252331
v -0.057437 1.5 0.217798
v -0.057279 1.5 0.195513
v -0.081128 1.5 0.21763
v -0.081181 1.5 0.225217
v -0.05749 1.5 0.225385
v -0.057641 1.5 0.246587
v -0.083266 1.5 0.254026
v -0.083263 1.5 0.253617
v -0.085832 1.5 0.253617
v -0.085832 1.5 0.272748
v -0.049143 1.5 0.254268
v -0.049138 1.5 0.253617
v -0.049129 1.5 0.252331
v -0.187395 1.5 0.234354
v -0.178115 1.5 0.23442
v -0.173232 1.5 0.2031
v -0.179389 1.5 0.172868
v -0.179337 1.5 0.165485
v -0.194234 1.5 0.16836
v -0.191837 1.5 0.16671
v -0.191322 1.5 0.166355
v -0.181083 1.5 0.1723
v -0.188039 1.5 0.165131
v -0.184683 1.5 0.16477
v -0.182852 1.5 0.164848
v -0.186111 1.5 0.172102
v -0.187931 1.5 0.172777
v -0.18409 1.5 0.171887
v -0.18943 1.5 0.173804
v -0.190987 1.5 0.175522
v -0.191837 1.5 0.177053
v -0.677206 1.5 0.252331
v -0.537354 1.5 0.252331
v -0.677206 1.5 0.11
v -0.537354 1.5 0.11
v -0.66374 1.5 0.41
v -0.677206 1.5 0.369288
v -0.677206 1.5 0.41
v -0.347343 1.5 0.185903
v -0.337893 1.5 0.18597
v -0.363595 1.5 0.252037
v -0.37274 1.5 0.251973
v -0.397502 1.5 0.185547
v -0.388053 1.5 0.185614
v -0.381424 1.5 0.203781
v -0.353838 1.5 0.203977
v -0.537354 1.5 0.253617
v -0.677206 1.5 0.253617
v -0.537354 1.5 0.272748
v -0.537354 1.5 0.291691
v -0.677206 1.5 0.272748
v -0.677206 1.5 0.291691
v -0.537354 1.5 0.359005
v -0.677206 1.5 0.359005
v -0.532927 1.5 0.41
v -0.466267 1.5 0.41
v -0.336191 1.5 0.369288
v -0.399688 1.5 0.41
v -0.336191 1.5 0.41
v -0.333545 1.5 0.41
v -0.274053 1.5 0.369288
v -0.274053 1.5 0.41
v -0.267908 1.5 0.41
v -0.253975 1.5 0.369288
v -0.251855 1.5 0.320106
v -0.249951 1.5 0.312566
v -0.24882 1.5 0.341079
v -0.251217 1.5 0.334735
v -0.253975 1.5 0.359005
v -0.252244 1.5 0.325648
v -0.217436 1.5 0.358173
v -0.227544 1.5 0.356984
v -0.235518 1.5 0.354007
v -0.24638 1.5 0.305883
v -0.242078 1.5 0.301029
v -0.235073 1.5 0.29609
v -0.227489 1.5 0.293206
v -0.216289 1.5 0.291931
v -0.198067 1.5 0.292061
v -0.198537 1.5 0.358307
v -0.242419 1.5 0.349224
v -0.244767 1.5 0.346892
v -0.253975 1.5 0.41
v -0.20259 1.5 0.41
v -0.191837 1.5 0.369288
v -0.191837 1.5 0.41
v -0.17584 1.5 0.41
v -0.17584 1.5 0.369288
v -0.15 1.5 0.41
v -0.145721 1.5 0.369288
v -0.145721 1.5 0.272748
v -0.17584 1.5 0.272748
v -0.191837 1.5 0.272748
v -0.094072 1.5 0.207864
v -0.095744 1.5 0.21023
v -0.097123 1.5 0.223614
v -0.121965 1.5 0.187501
v -0.089789 1.5 0.11
v -0.130262 1.5 0.187442
v -0.118401 1.5 0.235494
v -0.121915 1.5 0.23442
v -0.124674 1.5 0.232838
v -0.126883 1.5 0.230721
v -0.093702 1.5 0.193796
v -0.092718 1.5 0.19661
v -0.092335 1.5 0.200379
v -0.098299 1.5 0.212418
v -0.101842 1.5 0.214205
v -0.10231 1.5 0.226909
v -0.108142 1.5 0.215711
v -0.115484 1.5 0.228913
v -0.112675 1.5 0.229227
v -0.107504 1.5 0.228701
v -0.09718 1.5 0.231674
v -0.098937 1.5 0.232673
v -0.089789 1.5 0.252331
v -0.10513 1.5 0.235012
v -0.113502 1.5 0.235962
v -0.12857 1.5 0.228048
v -0.129855 1.5 0.2243
v -0.130478 1.5 0.21789
v -0.099108 1.5 0.188321
v -0.096328 1.5 0.190291
v -0.095409 1.5 0.191235
v -0.092364 1.5 0.201362
v -0.092916 1.5 0.204944
v -0.122016 1.5 0.194817
v -0.121796 1.5 0.194818
v -0.111539 1.5 0.186935
v -0.107241 1.5 0.186488
v -0.102281 1.5 0.187099
v -0.122178 1.5 0.217576
v -0.121915 1.5 0.221247
v -0.121078 1.5 0.224208
v -0.120115 1.5 0.225924
v -0.120459 1.5 0.192819
v -0.117814 1.5 0.190028
v -0.114909 1.5 0.188129
v -0.11887 1.5 0.227267
v -0.117404 1.5 0.228227
v -0.089789 1.5 0.253617
v -0.13381 1.5 0.253617
v -0.145721 1.5 0.253617
v -0.17584 1.5 0.253617
v -0.089789 1.5 0.369288
v -0.121444 1.5 0.359972
v -0.145721 1.5 0.41
v -0.13381 1.5 0.41
v -0.089789 1.5 0.41
v -0.085832 1.5 0.41
v -1.5 1.05 0.41
v -1.5 0.35 0.41
v -1.495565 0.459339 0.41
newmtl 2
Ka 0.2235294117647059 0.2235294117647059 0.2235294117647059
Kd 0.2235294117647059 0.2235294117647059 0.2235294117647059
Ks 0.11372549019607843 0.11372549019607843 0.11372549019607843
d 0.0
endmtl
v -1.422936 1.207756 0.41
v -1.457756 1.172936 0.41
v -1.288336 1.075735 0.41
v -1.482289 0.56796 0.41
v -1.460259 0.675149 0.41
v -1.42962 0.780201 0.41
v -1.390573 0.882427 0.41
v -1.343375 0.981154 0.41
v -1.497174 1.083501 0.41
v -1.483012 1.130663 0.41
v -1.168455 1.236143 0.41
v -1.174674 1.245106 0.41
v -1.225818 1.165547 0.41
v -1.178068 1.25 0.41
v -1.3 1.25 0.41
v -1.333501 1.247174 0.41
v -1.380664 1.233012 0.41
v -1.177444 1.25 0.243249
v -1.178379 1.25 0.238602
v -1.205671 1.25 0.23365
v -1.3 1.25 0.195688
v -1.234428 1.25 0.223861
v -1.172165 1.25 0.379862
v -1.172274 1.25 0.381127
v -1.172195 1.25 0.269367
v -1.171919 1.25 0.272589
v -1.169573 1.25 0.35
v -1.169573 1.25 0.3
v -1.021653 1.276267 0.12897
v -1.04052 1.26679 0.161885
v -1.038779 1.267562 0.192514
v -1.021474 1.276369 0.12866
v -1.018779 1.277975 0.124986
v -1.038691 1.267601 0.194063
v -1.039014 1.267458 0.199108
v -1.040686 1.266717 0.225193
v -1.041679 1.2663 0.23308
v -1.018762 1.277947 0.41
v -1.042157 1.266099 0.236879
v -1.045871 1.264539 0.266392
v -1.046101 1.264448 0.269939
v -1.048057 1.263672 0.3
v -1.048057 1.263672 0.35
v -1.046265 1.264381 0.38011
v -1.045925 1.264521 0.382784
v -1.042352 1.266007 0.41
v -1.042459 1.265953 0.41
v -0.997693 1.292395 0.110553
v -0.992175 1.296791 0.41
v -0.9941 1.295196 0.11
v -0.992175 1.296791 0.11
v -1.001479 1.289443 0.111136
v -1.004905 1.287012 0.112764
v -1.008557 1.28442 0.114499
v -1.011969 1.282207 0.1174
v -1.015275 1.280063 0.12021
v -1.018492 1.278146 0.124595
v -1.015317 1.280389 0.41
v -1.23048 1.24 0.214673
v -1.203193 1.24 0.223962
v -1.17514 1.24 0.228883
v -1.032627 1.24 0.101751
v -1.042766 1.24 0.124572
v -1.029525 1.250251 0.109445
v -1.041071 1.26022 0.152734
v -1.040842 1.26295 0.156536
v -1.076365 1.217022 0.417962
v -1.081675 1.213162 0.418284
v -1.058495 1.191745 0.427265
v -1.048977 1.249295 0.413037
v -1.058412 1.234032 0.415752
v -1.022082 1.199074 0.432083
v -1.060808 1.231387 0.416153
v -1.068926 1.222429 0.417512
v -0.98943 1.212193 0.434878
v -1.04814 1.251433 0.412647
v -1.048769 1.249827 0.41294
v -0.860555 1.067411 0.672701
v -0.88155 1.047576 0.671875
v -0.880324 1.047318 0.680322
v -0.903451 1.061625 0.607023
v -0.885942 1.08257 0.595767
v -0.90881 1.065064 0.591151
v -0.937247 1.0871 0.541518
v -0.922774 1.110713 0.527615
v -0.949158 1.09633 0.520727
v -0.980032 1.12246 0.486923
v -0.969009 1.150279 0.472027
v -1.000102 1.139445 0.46495
v -1.029722 1.165974 0.445834
v -0.833077 1.080346 0.751638
v -0.848021 1.066077 0.754152
v -0.869061 1.044947 0.757912
v -0.940775 1.164767 0.476084
v -0.898892 1.126165 0.531494
v -0.865941 1.098378 0.598251
v -0.843619 1.082838 0.672915
v -0.822573 1.090031 0.750468
v -0.830892 1.09423 0.672976
v -0.850505 1.1111 0.599338
v -0.880434 1.139803 0.533215
v -0.919193 1.178911 0.477896
v -0.964853 1.22648 0.436132
v -0.943736 1.242405 0.436582
v -0.900288 1.193802 0.478545
v -0.863962 1.153369 0.53383
v -0.836542 1.123088 0.599724
v -0.819373 1.104446 0.672994
v -0.813296 1.098357 0.750045
v -0.989581 1.100944 0.493394
v -0.958052 1.072744 0.532391
v -0.953522 1.07537 0.534237
v -0.900707 1.021453 0.699444
v -0.895356 1.016667 0.76
v -0.889839 1.022784 0.759903
v -1.091049 1.209038 0.417978
v -1.051076 1.161809 0.437954
v -1.107429 1.206351 0.416179
v -1.067256 1.170419 0.432233
v -1.101073 1.20678 0.417012
v -1.094296 1.208307 0.417665
v -0.912787 1.032258 0.641135
v -0.902587 1.023134 0.678165
v -0.897824 1.028134 0.678892
v -0.95663 1.071472 0.535241
v -0.931336 1.048849 0.585925
v -0.919444 1.045986 0.602283
v -0.923879 1.042179 0.600867
v -1.056854 1.161115 0.436389
v -1.026663 1.134111 0.458983
v -0.998209 1.114689 0.47845
v -1.003212 1.113136 0.476533
v -1.152015 0.431423 0.699223
v -1.155317 0.35 0.699223
v -1.15 0.35 0.76
v -1.073829 0.746487 0.699223
v -1.102907 0.670362 0.699223
v -1.097867 0.668668 0.76
v -1.159825 0.35 0.682399
v -1.237088 1.043062 0.415317
v -1.289649 0.95274 0.415317
v -1.237556 0.925189 0.431108
v -1.439223 0.35 0.415317
v -1.178623 0.746858 0.5125
v -1.171596 0.7886 0.503342
v -1.183833 0.793699 0.491884
v -1.038671 0.945956 0.55
v -1.041148 0.91815 0.56881
v -1.032751 0.912789 0.585
v -1.182014 0.539682 0.580891
v -1.182819 0.541422 0.579045
v -1.217691 0.524672 0.535024
v -1.183156 0.519023 0.585
v -1.18 0.5373 0.585
v -1.181054 0.538226 0.582933
v -1.185095 0.54988 0.572884
v -1.185862 0.557762 0.569353
v -1.188153 0.581313 0.558801
v -1.188671 0.607025 0.55
v -1.200036 0.610573 0.535024
v -1.158718 0.57629 0.609965
v -1.166704 0.555032 0.603033
v -1.157711 0.51486 0.640293
v -1.169654 0.548308 0.599909
v -1.172904 0.542168 0.596006
v -1.151171 0.598168 0.614952
v -1.141048 0.595935 0.640293
v -1.151084 0.598424 0.614988
v -1.175364 0.538802 0.59265
v -1.176897 0.537469 0.590342
v -1.177736 0.537048 0.588996
v -1.178623 0.53688 0.5875
v -1.179283 0.536962 0.586333
v -1.179917 0.537228 0.585163
v -1.133083 0.651114 0.622444
v -1.117874 0.675394 0.640293
v -1.123688 0.67734 0.623681
v -1.05264 0.82739 0.640293
v -1.065177 0.834053 0.606516
v -1.076171 0.804025 0.614952
v -1.08834 0.752715 0.640293
v -1.09426 0.75681 0.622444
v -1.094763 0.755474 0.622511
v -1.113671 0.705301 0.625
v -1.041227 0.917262 0.569411
v -1.047703 0.888623 0.585046
v -1.01101 0.898928 0.640293
v -1.048719 0.884128 0.5875
v -1.060638 0.846451 0.603033
v -0.98427 0.982436 0.585
v -1.040628 0.964366 0.535134
v -1.012156 1.003576 0.535024
v -1.041227 0.969995 0.530589
v -1.066398 1.00263 0.491901
v -1.060638 1.000483 0.496967
v -1.046534 1.029637 0.491884
v -1.053911 0.995272 0.504682
v -1.048719 0.988644 0.5125
v -1.133083 0.93368 0.477556
v -1.116503 0.966196 0.475373
v -1.140774 0.981658 0.456891
v -1.113671 0.971751 0.475
v -1.104819 0.983937 0.475524
v -1.09426 0.994598 0.477556
v -1.087793 0.999111 0.479606
v -1.08636 1.059828 0.456891
v -1.080881 1.002245 0.482548
v -1.076171 1.003358 0.485048
v -1.071915 1.00362 0.487699
v -1.06784 1.003168 0.490632
v -1.160224 0.844227 0.491994
v -1.151566 0.879724 0.485351
v -1.188678 0.899338 0.456891
v -1.151171 0.881343 0.485048
v -1.186116 0.674258 0.530589
v -1.183701 0.697659 0.524758
v -1.216373 0.708509 0.491884
v -1.188644 0.607751 0.54979
v -1.186716 0.65847 0.535147
v -1.241906 0.620963 0.491884
v -1.113311 1.20681 0.415349
v -1.113671 1.206842 0.415298
v -1.177384 1.128831 0.415317
v -1.119599 1.207371 0.414461
v -1.133025 1.211389 0.412702
v -1.136086 1.212305 0.4123
v -1.144387 1.216381 0.411387
v -1.150869 1.221025 0.4109
v -1.166602 1.234246 0.410044
v -1.160257 1.227751 0.410195
v -1.130423 1.093231 0.431108
v -1.108117 1.206347 0.416082
v -1.229758 0.813409 0.456891
v -1.280569 0.835216 0.431108
v -1.334723 0.858457 0.415317
v -1.434988 0.454417 0.415317
v -1.422399 0.35 0.419825
v -1.376251 0.449644 0.431108
v -1.187398 1.011382 0.431108
v -1.166704 0.817657 0.496967
v -1.380293 0.35 0.431108
v -1.348692 0.35 0.445843
v -1.32114 0.445166 0.456891
v -1.263743 0.724434 0.456891
v -1.316154 0.742054 0.431108
v -1.372012 0.760834 0.415317
v -1.290411 0.633 0.456891
v -1.344076 0.646317 0.431108
v -1.401271 0.660511 0.415317
v -1.325 0.35 0.456891
v -1.282153 0.35 0.486893
v -1.271328 0.441118 0.491884
v -1.260265 0.531637 0.491884
v -1.309585 0.539706 0.456891
v -1.364152 0.548633 0.431108
v -1.422309 0.558148 0.415317
v -1.193452 0.43479 0.585
v -1.22833 0.437624 0.535024
v -1.167753 0.432702 0.640293
v -1.275024 0.35 0.491884
v -1.231884 0.35 0.535024
v -1.226893 0.35 0.542153
v -1.196891 0.35 0.585
v -1.185843 0.35 0.608692
v -1.171108 0.35 0.640293
v -1.142128 0.51231 0.699223
v -1.125723 0.592132 0.699223
v -1.038682 0.820008 0.699223
v -0.997696 0.89044 0.699223
v -0.951139 0.957321 0.699223
v -0.946902 0.954109 0.76
v -0.905353 1.004534 0.76
v -0.963723 0.96686 0.640293
v -0.991138 0.89056 0.76
v -1.068943 0.74439 0.76
v -1.05903 0.765127 0.76
v -1.033982 0.817522 0.76
v -0.993212 0.887581 0.76
v -1.146715 0.430992 0.76
v -1.139228 0.492242 0.76
v -1.136881 0.511452 0.76
v -1.120562 0.590851 0.76
v -1.108706 0.631503 0.76
v -1.34 1.24 0.181445
v -1.333329 1.24 0.181985
v -1.34 1.24 0.1
newmtl 3
Ka 0.8509803921568627 0.8509803921568627 0.8509803921568627
Kd 0.8509803921568627 0.8509803921568627 0.8509803921568627
Ks 0.4235294117647059 0.4235294117647059 0.4235294117647059
d 0.0
endmtl
v -1.309775 1.24 0.18389
v -1.174313 1.24 0.1
v -1.296052 1.24 0.186501
v -1.177343 1.24 0.106702
v -1.182932 1.24 0.119066
v -1.187253 1.24 0.176582
v -1.18786 1.24 0.173033
v -1.188664 1.24 0.155687
v -1.188556 1.24 0.15456
v -1.186502 1.24 0.133015
v -1.185453 1.24 0.128918
v -1.18387 1.24 0.122731
v -1.178933 1.24 0.215426
v -1.179173 1.24 0.214576
v -1.183196 1.24 0.200305
v -1.186107 1.24 0.183282
v -1.043292 1.24 0.122822
v -1.044503 1.24 0.118785
v -1.031561 1.24 0.1
v -1.053029 1.24 0.1
v -1.048647 1.24 0.109655
v -0.990877 1.198945 0.019219
v -0.991467 1.197564 0.018259
v -1.34 1.201839 0.022482
v -0.992467 1.195227 0.016634
v -1.34 1.19 0.013397
v -0.999402 1.183589 0.01
v -1.34 1.183121 0.010548
v -1.34 1.210711 0.029289
v -0.988865 1.206833 0.025613
v -0.990029 1.20227 0.021915
v -1.34 1.217518 0.038161
v -0.989927 1.216933 0.036115
v -0.988691 1.209881 0.028469
v -1.34 1.226603 0.05
v -0.990995 1.219386 0.039191
v -0.990464 1.218168 0.037663
v -1.34 1.229452 0.056879
v -1.001005 1.229994 0.056651
v -1.000229 1.229597 0.055589
v -0.997794 1.227688 0.051928
v -0.997206 1.226969 0.050825
v -1.130121 1.232015 0.060843
v -1.131647 1.232277 0.061493
v -1.138692 1.233485 0.064496
v -1.122182 1.231132 0.058829
v -1.115005 1.230806 0.058115
v -1.112305 1.230851 0.058213
v -1.108739 1.23091 0.058343
v -1.097957 1.231912 0.060602
v -1.093055 1.232715 0.062564
v -1.090343 1.23316 0.06365
v -1.079872 1.235367 0.069915
v -1.006255 1.232681 0.063845
v -1.075249 1.236418 0.073787
v -1.014244 1.23677 0.074791
v -1.01637 1.237297 0.077783
v -1.07052 1.237493 0.077748
v -1.061068 1.239308 0.088257
v -1.05996 1.239403 0.089876
v -1.025516 1.239563 0.090657
v -1.018302 1.237776 0.080503
v -1.34 1.237078 0.077803
v -1.166305 1.239313 0.088297
v -1.165477 1.239154 0.087376
v -1.156822 1.237493 0.077748
v -1.34 1.236593 0.074118
v -1.149751 1.235885 0.07181
v -1.14764 1.235405 0.070037
v -0.74 1.183589 0.01
v -0.74 1.183388 0.009903
v -1.34 1.165882 0.003407
v -0.74 1.162252 0.002507
v -1.34 1.162197 0.002922
v -0.74 1.14 0.0
v -1.34 1.14 0.0
v 1.17514 1.24 0.228883
v 1.178379 1.25 0.238602
v 1.203193 1.24 0.223962
v 1.205671 1.25 0.23365
v 1.23048 1.24 0.214673
v 1.234428 1.25 0.223861
v 1.04052 1.26679 0.161885
v 1.040843 1.262941 0.156524
v 1.021653 1.276267 0.12897
v 1.041071 1.26022 0.152734
v 1.029525 1.250251 0.109445
v 1.042766 1.24 0.124572
v 1.032627 1.24 0.101751
v 1.42962 0.780201 0.41
v 1.460259 0.675149 0.41
v 1.5 1.05 0.41
v 1.174674 1.245106 0.41
v 1.168455 1.236143 0.41
v 1.225818 1.165547 0.41
v 1.390573 0.882427 0.41
v 1.457756 1.172936 0.41
v 1.288336 1.075735 0.41
v 1.483012 1.130663 0.41
v 1.497174 1.083501 0.41
v 1.343375 0.981154 0.41
v 1.482289 0.56796 0.41
v 1.495565 0.459339 0.41
v 1.5 0.35 0.41
v 1.422936 1.207756 0.41
v 1.380664 1.233012 0.41
v 1.178068 1.25 0.41
v 1.3 1.25 0.41
v 1.333501 1.247174 0.41
v 1.3 1.25 0.195688
v 1.172307 1.25 0.268671
v 1.177441 1.25 0.243247
v 1.171967 1.25 0.272575
v 1.169573 1.25 0.3
v 1.169573 1.25 0.35
v 1.171992 1.25 0.379351
v 1.172091 1.25 0.379848
v 0.992175 1.296791 0.41
v 1.011922 1.282237 0.117357
v 1.008502 1.284457 0.114464
v 1.004835 1.28706 0.112721
v 1.001536 1.2894 0.111154
v 0.99769 1.292394 0.110538
v 0.99433 1.295008 0.110001
v 0.9941 1.295196 0.11
v 0.992175 1.296791 0.11
v 1.018762 1.277947 0.41
v 1.01878 1.277977 0.125036
v 1.018403 1.278202 0.41
v 1.018446 1.278176 0.124579
v 1.015191 1.280115 0.120121
v 1.042459 1.265953 0.41
v 1.045925 1.264521 0.382784
v 1.046265 1.264381 0.38011
v 1.048057 1.263672 0.35
v 1.048057 1.263672 0.3
v 1.047671 1.263823 0.286506
v 1.045914 1.264532 0.269781
v 1.044039 1.265289 0.251929
v 1.042391 1.265999 0.236783
v 1.042089 1.266129 0.234009
v 1.039161 1.267391 0.207102
v 1.038908 1.267505 0.199205
v 1.038689 1.267603 0.19239
v 1.038673 1.267609 0.191915
v 1.029722 1.165974 0.445834
v 1.058495 1.191745 0.427265
v 1.016802 1.200774 0.432625
v 0.980032 1.12246 0.486923
v 1.000102 1.139445 0.46495
v 0.964469 1.152315 0.472815
v 0.937247 1.0871 0.541518
v 0.949158 1.09633 0.520727
v 0.918941 1.113035 0.528372
v 0.844989 1.081603 0.672905
v 0.857758 1.069987 0.672753
v 0.88271 1.085083 0.596256
v 1.060975 1.231524 0.416104
v 1.055422 1.238221 0.415031
v 1.048739 1.249824 0.412939
v 1.048579 1.250102 0.412889
v 0.992105 1.210878 0.434697
v 1.048069 1.251361 0.412659
v 1.043434 1.262797 0.410569
v 1.081675 1.213162 0.418284
v 1.076225 1.216738 0.418071
v 1.073958 1.218225 0.417982
v 1.067042 1.224207 0.417277
v 0.813296 1.098357 0.750045
v 0.823833 1.088884 0.750573
v 0.819373 1.104446 0.672994
v 0.832443 1.092848 0.672972
v 0.836542 1.123088 0.599724
v 0.863962 1.153369 0.53383
v 0.852391 1.109517 0.599242
v 0.9678 1.224544 0.436021
v 0.943736 1.242405 0.436582
v 0.921801 1.177049 0.477736
v 0.900288 1.193802 0.478545
v 0.943105 1.163405 0.475823
v 0.882681 1.138058 0.533063
v 0.869061 1.044947 0.757912
v 0.845449 1.068575 0.753678
v 0.834238 1.079259 0.751804
v 0.880324 1.047318 0.680322
v 0.88155 1.047576 0.671875
v 0.903451 1.061625 0.607023
v 0.90881 1.065064 0.591151
v 0.867591 1.097048 0.598094
v 0.90087 1.124794 0.531245
v 0.900707 1.021453 0.699444
v 0.902587 1.023134 0.678165
v 0.8849 1.041386 0.680048
v 1.086674 1.210701 0.418209
v 1.067256 1.170419 0.432233
v 1.107429 1.206351 0.416179
v 1.096817 1.207489 0.417486
v 1.035389 1.164007 0.441911
v 1.056854 1.161115 0.436389
v 1.094301 1.208286 0.417665
v 0.875024 1.038723 0.758731
v 0.941101 1.0827 0.538648
v 0.907309 1.056301 0.605408
v 0.984538 1.119228 0.483199
v 0.895356 1.016667 0.76
v 0.912787 1.032258 0.641135
v 0.95663 1.071472 0.535241
v 0.931336 1.048849 0.585925
v 0.923879 1.042179 0.600867
v 0.958052 1.072744 0.532391
v 0.989581 1.100944 0.493394
v 1.003212 1.113136 0.476533
v 1.026663 1.134111 0.458983
v 1.038682 0.820008 0.699223
v 0.997696 0.89044 0.699223
v 0.993212 0.887581 0.76
v 1.422309 0.558148 0.415317
v 1.151171 0.598168 0.614952
v 1.151084 0.598424 0.614988
v 1.141048 0.595935 0.640293
v 1.166704 0.817657 0.496967
v 1.171596 0.7886 0.503342
v 1.183833 0.793699 0.491884
v 1.178623 0.746858 0.5125
v 1.183701 0.697659 0.524758
v 1.216373 0.708509 0.491884
v 1.188671 0.607025 0.55
v 1.18815 0.581242 0.558827
v 1.217691 0.524672 0.535024
v 1.186116 0.55624 0.569411
v 1.185024 0.549515 0.573103
v 1.186716 0.65847 0.535147
v 1.188644 0.607751 0.54979
v 1.200036 0.610573 0.535024
v 1.182756 0.541268 0.579193
v 1.181954 0.539572 0.581024
v 1.183156 0.519023 0.585
v 1.181001 0.538163 0.58304
v 1.179999 0.537307 0.585
v 1.186116 0.674258 0.530589
v 1.241906 0.620963 0.491884
v 1.116503 0.966196 0.475373
v 1.133083 0.93368 0.477556
v 1.188678 0.899338 0.456891
v 1.151171 0.881343 0.485048
v 1.151566 0.879724 0.485351
v 1.160224 0.844227 0.491994
v 1.076171 1.003358 0.485048
v 1.080889 1.002242 0.482544
v 1.08636 1.059828 0.456891
v 1.085528 1.000331 0.480481
v 1.09426 0.994598 0.477556
v 1.104793 0.983968 0.475527
v 1.140774 0.981658 0.456891
v 1.113671 0.971751 0.475
v 1.060638 1.000483 0.496967
v 1.065934 1.002704 0.492154
v 1.046534 1.029637 0.491884
v 1.066292 1.002759 0.491888
v 1.071931 1.00362 0.487689
v 1.040628 0.964366 0.535134
v 1.041227 0.969995 0.530589
v 1.012156 1.003576 0.535024
v 1.048719 0.988644 0.5125
v 1.053904 0.995264 0.504691
v 1.038671 0.945956 0.55
v 0.98427 0.982436 0.585
v 1.041148 0.91815 0.56881
v 1.032751 0.912789 0.585
v 1.041227 0.917262 0.569411
v 1.047703 0.888623 0.585046
v 1.048719 0.884128 0.5875
v 1.01101 0.898928 0.640293
v 1.060638 0.846451 0.603033
v 1.05264 0.82739 0.640293
v 1.065177 0.834053 0.606516
v 1.08834 0.752715 0.640293
v 1.09426 0.75681 0.622444
v 1.076171 0.804025 0.614952
v 1.117874 0.675394 0.640293
v 1.113671 0.705301 0.625
v 1.094763 0.755474 0.622511
v 1.133083 0.651114 0.622444
v 1.123688 0.67734 0.623681
v 1.179885 0.537209 0.585224
v 1.179268 0.536958 0.586361
v 1.178623 0.53688 0.5875
v 1.177738 0.537048 0.588993
v 1.176852 0.537499 0.590413
v 1.157711 0.51486 0.640293
v 1.175128 0.539065 0.59299
v 1.173517 0.541208 0.595205
v 1.172019 0.543676 0.597123
v 1.166704 0.555032 0.603033
v 1.15873 0.576256 0.609956
v 1.161164 1.228576 0.410157
v 1.166615 1.234233 0.41004
v 1.139743 1.213962 0.411879
v 1.177384 1.128831 0.415317
v 1.150922 1.221012 0.410885
v 1.156308 1.224408 0.410407
v 1.136628 1.212537 0.412236
v 1.133013 1.211449 0.412709
v 1.119269 1.207314 0.414507
v 1.130423 1.093231 0.431108
v 1.113295 1.206828 0.41535
v 1.113672 1.206858 0.415297
v 1.434988 0.454417 0.415317
v 1.439223 0.35 0.415317
v 1.422399 0.35 0.419825
v 1.376251 0.449644 0.431108
v 1.380293 0.35 0.431108
v 1.348692 0.35 0.445843
v 1.32114 0.445166 0.456891
v 1.325 0.35 0.456891
v 1.229758 0.813409 0.456891
v 1.280569 0.835216 0.431108
v 1.237556 0.925189 0.431108
v 1.334723 0.858457 0.415317
v 1.289649 0.95274 0.415317
v 1.187398 1.011382 0.431108
v 1.237088 1.043062 0.415317
v 1.290411 0.633 0.456891
v 1.263743 0.724434 0.456891
v 1.344076 0.646317 0.431108
v 1.316154 0.742054 0.431108
v 1.401271 0.660511 0.415317
v 1.372012 0.760834 0.415317
v 1.282153 0.35 0.486893
v 1.271328 0.441118 0.491884
v 1.275024 0.35 0.491884
v 1.22833 0.437624 0.535024
v 1.231884 0.35 0.535024
v 1.260265 0.531637 0.491884
v 1.309585 0.539706 0.456891
v 1.364152 0.548633 0.431108
v 1.226893 0.35 0.542153
v 1.193452 0.43479 0.585
v 1.196891 0.35 0.585
v 1.185843 0.35 0.608692
v 1.167753 0.432702 0.640293
v 1.171108 0.35 0.640293
v 1.073829 0.746487 0.699223
v 1.102907 0.670362 0.699223
v 0.963723 0.96686 0.640293
v 0.951139 0.957321 0.699223
v 1.159825 0.35 0.682399
v 1.152015 0.431423 0.699223
v 1.155317 0.35 0.699223
v 1.146715 0.430992 0.76
v 1.15 0.35 0.76
v 1.142128 0.51231 0.699223
v 1.136881 0.511452 0.76
v 1.139228 0.492242 0.76
v 1.125723 0.592132 0.699223
v 1.120562 0.590851 0.76
v 1.108706 0.631503 0.76
v 1.033982 0.817522 0.76
v 1.05903 0.765127 0.76
v 1.068943 0.74439 0.76
v 1.097867 0.668668 0.76
v 0.946902 0.954109 0.76
v 0.991138 0.89056 0.76
v 0.905353 1.004534 0.76
v 1.333329 1.24 0.181985
v 1.34 1.24 0.181445
v 1.34 1.24 0.1
v 1.178936 1.24 0.215416
v 1.182932 1.24 0.119066
v 1.296052 1.24 0.186501
v 1.177343 1.24 0.106702
v 1.174313 1.24 0.1
v 1.309775 1.24 0.18389
v 1.183862 1.24 0.122699
v 1.185453 1.24 0.128918
v 1.186502 1.24 0.133015
v 1.188556 1.24 0.15456
v 1.188664 1.24 0.155687
v 1.18786 1.24 0.173033
v 1.187256 1.24 0.176566
v 1.186107 1.24 0.183282
v 1.183196 1.24 0.200305
v 1.179173 1.24 0.214576
v 1.043301 1.24 0.12279
v 1.053029 1.24 0.1
v 1.031561 1.24 0.1
v 1.048647 1.24 0.109655
v 1.044503 1.24 0.118785
v 0.99679 1.187497 0.012
v 0.995546 1.189917 0.01353
v 1.34 1.19 0.013397
v 1.062757 1.239037 0.086155
v 1.017491 1.237817 0.079221
v 1.018321 1.237946 0.080447
v 1.060076 1.239302 0.089971
v 1.01383 1.236194 0.074246
v 1.07452 1.236593 0.074118
v 1.006031 1.232736 0.063649
v 1.083056 1.234655 0.067745
v 1.002671 1.231246 0.059083
v 0.997016 1.226316 0.050159
v 1.091315 1.23298 0.063193
v 1.093049 1.232708 0.062536
v 1.099034 1.231768 0.060269
v 1.10617 1.231058 0.058666
v 1.112304 1.230812 0.058129
v 1.112512 1.230803 0.058111
v 1.123644 1.231255 0.059103
v 1.34 1.226603 0.05
v 1.13167 1.232245 0.061388
v 1.152823 1.236593 0.074118
v 1.34 1.236593 0.074118
v 1.149739 1.235897 0.071869
v 1.142853 1.234344 0.066845
v 0.98876 1.21147 0.030057
v 0.989818 1.216614 0.035733
v 1.34 1.210711 0.029289
v 0.996686 1.226028 0.049638
v 0.993456 1.223213 0.044542
v 0.990806 1.199135 0.019359
v 0.989373 1.203901 0.02308
v 0.988825 1.210677 0.029326
v 0.99135 1.198077 0.018689
v 0.74 1.165882 0.003407
v 0.74 1.183589 0.01
v 0.999405 1.183589 0.01
v 1.165444 1.239121 0.08738
v 1.164565 1.239034 0.086131
v 1.34 1.165882 0.003407
v 1.34 1.14 0.0
v 0.74 1.14 0.0
v 0.74 -1.183589 0.01
v 0.999402 -1.183589 0.01
v 0.989989 -1.190072 0.01
v 0.959694 -1.207067 0.01
v 0.930783 -1.217795 0.01
v 0.927896 -1.220187 0.01
v 0.741485 -1.376604 0.01
v -0.927896 -1.220187 0.01
v -0.930783 -1.217795 0.01
v -0.74 -1.183589 0.01
v -0.959693 -1.207068 0.01
v -0.960074 -1.206856 0.01
v 0.741485 1.376604 0.01
v 0.927896 1.220187 0.01
v 0.988524 -1.191082 0.01
v 0.960219 -1.206776 0.01
v -0.677206 -1.4 0.01
v -0.700268 -1.397304 0.01
v -0.988603 -1.191031 0.01
v -0.98975 -1.190241 0.01
v -0.999405 -1.183589 0.01
v 0.722086 1.389363 0.01
v -0.677206 1.4 0.01
v 0.677206 1.4 0.01
v 0.722086 -1.389363 0.01
v 0.700268 -1.397304 0.01
v 0.677206 -1.4 0.01
v -0.722086 -1.389363 0.01
v -0.741485 -1.376604 0.01
v 0.930783 1.217795 0.01
v 0.959693 1.207068 0.01
v 0.960074 1.206856 0.01
v 0.988603 1.191031 0.01
v 0.98975 1.190241 0.01
v -0.927896 1.220187 0.01
v -0.741485 1.376604 0.01
v 0.700268 1.397304 0.01
v -0.989989 1.190072 0.01
v -0.988524 1.191082 0.01
v -0.960219 1.206776 0.01
v -0.959694 1.207067 0.01
v -0.930783 1.217795 0.01
v -0.722086 1.389363 0.01
v -0.700268 1.397304 0.01
v 1.5 1.05 0.16
v 1.499726 1.054 0.160001
v 1.498138 1.077229 0.160008
v 1.332738 1.247302 0.188656
v 1.333488 1.247118 0.188495
v 1.380664 1.233012 0.265025
v 1.37226 1.23649 0.265025
v 1.37226 1.23649 0.180165
v 1.367375 1.23831 0.181215
v 1.362445 1.24 0.182274
v 1.336909 1.246277 0.18776
v 1.422936 1.207756 0.265025
v 1.457756 1.172936 0.265025
v 1.496818 1.083425 0.160028
v 1.495855 1.087946 0.160042
v 1.492035 1.105879 0.160099
v 1.49 1.11245 0.160152
v 1.48649 1.12226 0.16028
v 1.48649 1.12226 0.265025
v 1.483012 1.130663 0.265025
v 1.333437 -1.246867 0.188507
v 1.333501 -1.247174 0.41
v 1.327577 -1.24809 0.189766
v 1.3 -1.25 0.41
v 1.3 -1.25 0.195688
v 1.5 -1.05 0.16
v 1.5 -1.05 0.41
v 1.499857 -1.057568 0.160001
v 1.497174 -1.083501 0.41
v 1.497014 -1.083484 0.160016
v 1.496751 -1.085881 0.160018
v 1.483012 -1.130663 0.265025
v 1.48649 -1.12226 0.265025
v 1.48649 -1.12226 0.160278
v 1.487707 -1.118992 0.160231
v 1.488308 -1.117381 0.160208
v 1.49 -1.11245 0.160152
v 1.496745 -1.085938 0.160018
v 1.483012 -1.130663 0.41
v 1.457756 -1.172936 0.41
v 1.457756 -1.172936 0.265025
v 1.422936 -1.207756 0.41
v 1.422936 -1.207756 0.265025
v 1.380664 -1.233012 0.41
v 1.336893 -1.246147 0.187765
v 1.353916 -1.242596 0.184107
v 1.37226 -1.23649 0.265025
v 1.362445 -1.24 0.182274
v 1.37226 -1.23649 0.180165
v 1.380664 -1.233012 0.265025
v 1.486951 -1.118768 0.159654
v 1.49 -1.05 0.15
v 1.49 -1.061318 0.150358
v 1.49 -1.084731 0.153608
v 1.49 -1.09 0.15434
v 1.489843 -1.096868 0.155745
v 1.488307 -1.117381 0.160208
v 1.49 1.05 0.15
v 1.487823 1.115464 0.159161
v 1.49 1.053821 0.150305
v 1.49 1.078954 0.152307
v 1.49 1.08686 0.153762
v 1.49 1.09 0.15434
v 1.346931 1.23984 0.181326
v 1.367375 1.238309 0.181215
v 0.977353 1.241547 0.052361
v 0.99863 1.23488 0.059472
v 1.003566 1.259669 0.086968
v 1.010563 1.256969 0.09107
v 1.017264 1.254497 0.096152
v 1.023629 1.252249 0.102275
v 0.948948 1.24 0.038689
v 0.956175 1.248835 0.050103
v 0.975137 1.272016 0.080051
v 0.982214 1.268722 0.080463
v 0.989319 1.265567 0.081719
v 0.996439 1.26255 0.08386
v 0.805763 1.453209 0.11
v -1.333437 1.246867 0.188507
v -1.327577 1.24809 0.189766
v -1.5 1.05 0.16
v -1.499857 1.057568 0.160001
v -1.497014 1.083484 0.160016
v -1.496751 1.085881 0.160018
v -1.483012 1.130663 0.265025
v -1.48649 1.12226 0.265025
v -1.48649 1.12226 0.160278
v -1.487707 1.118992 0.160231
v -1.488308 1.117381 0.160208
v -1.49 1.11245 0.160154
v -1.496745 1.085938 0.160018
v -1.457756 1.172936 0.265025
v -1.422936 1.207756 0.265025
v -1.336893 1.246147 0.187765
v -1.353916 1.242596 0.184107
v -1.37226 1.23649 0.265025
v -1.362445 1.240001 0.182274
v -1.37226 1.23649 0.180165
v -1.380664 1.233012 0.265025
v -1.5 -1.05 0.16
v -1.499726 -1.054 0.160001
v -1.5 -1.05 0.41
v -1.498138 -1.077229 0.160008
v -1.497174 -1.083501 0.41
v -1.3 -1.25 0.195688
v -1.3 -1.25 0.41
v -1.332738 -1.247302 0.188656
v -1.333501 -1.247174 0.41
v -1.333488 -1.247118 0.188495
v -1.380664 -1.233012 0.265025
v -1.37226 -1.23649 0.265025
v -1.37226 -1.23649 0.180165
v -1.367375 -1.23831 0.181215
v -1.362445 -1.240001 0.182274
v -1.336909 -1.246277 0.18776
v -1.380664 -1.233012 0.41
v -1.422936 -1.207756 0.41
v -1.422936 -1.207756 0.265025
v -1.457756 -1.172936 0.41
v -1.457756 -1.172936 0.265025
v -1.483012 -1.130663 0.41
v -1.496818 -1.083425 0.160028
v -1.495855 -1.087946 0.160042
v -1.492035 -1.105879 0.160099
v -1.49 -1.11245 0.160154
v -1.48649 -1.12226 0.16028
v -1.48649 -1.12226 0.265025
v -1.483012 -1.130663 0.265025
v -0.805763 -1.453209 0.11
v -0.992175 -1.296791 0.11
v -0.948948 -1.24 0.038689
v -0.956175 -1.248835 0.050103
v -0.975137 -1.272016 0.080051
v -0.9941 -1.295196 0.11
v -0.99679 -1.187497 0.012
v -0.977353 -1.241547 0.052361
v -0.989818 -1.216614 0.035733
v -0.98876 -1.21147 0.030057
v -0.988825 -1.210677 0.029326
v -0.989373 -1.203901 0.02308
v -0.990806 -1.199135 0.019359
v -0.99135 -1.198077 0.018689
v -0.995546 -1.189917 0.01353
v -1.002671 -1.231246 0.059083
v -0.997016 -1.226316 0.050159
v -0.99863 -1.23488 0.059472
v -0.996686 -1.226028 0.049638
v -0.993456 -1.223213 0.044542
v -1.029525 -1.250251 0.109445
v -1.032627 -1.24 0.101751
v -1.023629 -1.252249 0.102275
v -1.031561 -1.24 0.1
v -1.017264 -1.254497 0.096152
v -1.018321 -1.237946 0.080447
v -1.010563 -1.256969 0.09107
v -1.017491 -1.237817 0.079221
v -1.003566 -1.259669 0.086968
v -1.01383 -1.236194 0.074246
v -1.006031 -1.232736 0.063649
v -0.982214 -1.268722 0.080463
v -0.989319 -1.265567 0.081719
v -0.996439 -1.26255 0.08386
v -1.021653 -1.276267 0.12897
v -1.018446 -1.278176 0.124579
v -1.015191 -1.280115 0.120121
v -1.011922 -1.282237 0.117357
v -1.008502 -1.284457 0.114464
v -1.004835 -1.28706 0.112721
v -1.001536 -1.2894 0.111154
v -0.99769 -1.292394 0.110538
v -0.99433 -1.295008 0.110001
v -1.046119 -1.264439 0.171651
v -1.056265 -1.24 0.154477
v -1.029071 -1.272681 0.141911
v -1.043911 -1.24 0.127132
v -1.062596 -1.24 0.168541
v -1.047879 -1.263741 0.174659
v -1.068805 -1.24 0.178817
v -1.061771 -1.258982 0.194261
v -1.076454 -1.24 0.191478
v -1.099435 -1.25121 0.2272
v -1.100185 -1.24 0.215547
v -1.081743 -1.253837 0.21518
v -1.084485 -1.24 0.201372
v -1.079611 -1.254363 0.213049
v -1.083804 -1.24 0.200533
v -1.076916 -1.255027 0.210353
v -1.064075 -1.258193 0.197511
v -1.120732 -1.25 0.236328
v -1.122595 -1.24 0.226503
v -1.101037 -1.250972 0.228288
v -1.106966 -1.24 0.219908
v -1.102092 -1.24 0.216773
v -1.157269 -1.24 0.229753
v -1.157274 -1.25 0.239753
v -1.197334 -1.24 0.22536
v -1.199496 -1.25 0.235123
v -1.23048 -1.24 0.214673
v -1.234428 -1.25 0.223861
v -1.296052 -1.24 0.186501
v -1.333329 -1.24 0.181985
v -1.309775 -1.24 0.18389
v -1.346931 -1.23984 0.181326
v -1.367375 -1.238309 0.181215
v -1.34 -1.24 0.181445
v -1.487823 -1.115464 0.159161
v -1.49 -1.05 0.15
v -1.49 -1.053821 0.150305
v -1.49 -1.078954 0.152307
v -1.49 -1.08686 0.153762
v -1.49 -1.09 0.15434
v -1.49 1.05 0.15
v -1.486951 1.118768 0.159654
v -1.49 1.061318 0.150358
v -1.49 1.084731 0.153608
v -1.49 1.09 0.15434
v -1.489843 1.096868 0.155745
v -1.488307 1.117381 0.160208
v -1.156231 -1.25 0.41
v -1.225818 -1.165547 0.41
v -1.42962 -0.780201 0.41
v -1.460259 -0.675149 0.41
v -1.390573 -0.882427 0.41
v -1.482289 -0.56796 0.41
v -1.495565 -0.459339 0.41
v -1.5 -0.35 0.41
v -1.288336 -1.075735 0.41
v -1.343375 -0.981154 0.41
v 1.5 -0.35 0.41
v 1.495565 -0.459339 0.41
v 1.482289 -0.56796 0.41
v 1.460259 -0.675149 0.41
v 1.42962 -0.780201 0.41
v 1.288336 -1.075735 0.41
v 1.390573 -0.882427 0.41
v 1.343375 -0.981154 0.41
v 1.156231 -1.25 0.41
v 1.225818 -1.165547 0.41
v -0.805763 -1.453209 0.41
v -0.83514 -1.428559 0.41
v -0.992175 -1.296791 0.41
v -0.939805 -1.340734 0.41
v -0.887481 -1.38464 0.41
v -0.81822 1.442757 0.41
v -0.805763 1.453209 0.41
v -0.805763 1.453209 0.11
v -0.975495 1.310787 0.41
v -0.923145 1.354714 0.41
v -0.870711 1.398711 0.41
v 0.677206 -1.5 0.11
v 0.677206 -1.5 0.41
v 0.66374 -1.5 0.41
v 0.600333 -1.5 0.41
v 0.532927 -1.5 0.41
v 0.466267 -1.5 0.41
v 0.399688 -1.5 0.41
v 0.333545 -1.5 0.41
v 0.267908 -1.5 0.41
v 0.20259 -1.5 0.41
v 0.15 -1.5 0.41
v -0.677206 -1.5 0.11
v -0.15 -1.5 0.41
v -0.20259 -1.5 0.41
v -0.267908 -1.5 0.41
v -0.333545 -1.5 0.41
v -0.399688 -1.5 0.41
v -0.466267 -1.5 0.41
v -0.532927 -1.5 0.41
v -0.600333 -1.5 0.41
v -0.66374 -1.5 0.41
v -0.677206 -1.5 0.41
v -0.15 1.35 0.697228
v -0.15 1.35 0.822772
v 0.15 1.35 0.697228
v 0.15 1.35 0.822772
v -1.15 -0.35 0.76
v -1.15 -0.35 0.822772
v -1.15 0.35 0.822772
v 0.15 -1.35 0.697228
v 0.15 -1.35 0.822772
v -0.15 -1.35 0.697228
v -0.15 -1.35 0.822772
v 1.15 0.35 0.822772
v 1.15 -0.35 0.76
v 1.15 -0.35 0.822772
v -0.631802 1.326777 1.51
v -1.126777 0.831802 1.51
v -0.455025 1.4 1.51
v 1.126777 -0.831802 1.51
v -1.2 -0.655025 1.51
v -1.195196 -0.703798 1.51
v 0.455025 -1.4 1.51
v 0.503798 -1.395196 1.51
v 0.550696 -1.38097 1.51
v 1.157867 -0.793918 1.51
v 1.18097 -0.750696 1.51
v 1.195196 -0.703798 1.51
v 1.126777 0.831802 1.51
v 0.631802 1.326777 1.51
v 0.593918 1.357867 1.51
v 0.550696 1.38097 1.51
v 0.503798 1.395196 1.51
v 0.455025 1.4 1.51
v -1.126777 -0.831802 1.51
v -0.631802 -1.326777 1.51
v -0.593918 -1.357867 1.51
v -0.550696 -1.38097 1.51
v -0.503798 -1.395196 1.51
v -0.455025 -1.4 1.51
v 0.593918 -1.357867 1.51
v 0.631802 -1.326777 1.51
v 1.2 -0.655025 1.51
v 1.2 0.655025 1.51
v 1.195196 0.703798 1.51
v -1.157867 0.793918 1.51
v -1.18097 0.750696 1.51
v -1.195196 0.703798 1.51
v -1.2 0.655025 1.51
v -1.18097 -0.750696 1.51
v -1.157867 -0.793918 1.51
v -0.593918 1.357867 1.51
v -0.503798 1.395196 1.51
v -0.550696 1.38097 1.51
v 1.18097 0.750696 1.51
v 1.157867 0.793918 1.51
v -0.455025 -1.5 1.41
v -0.455025 -1.5 1.11
v -0.39223 -1.5 1.11
v -0.329571 -1.5 1.11
v -0.2672 -1.5 1.11
v -0.205067 -1.5 1.11
v -0.180222 -1.5 1.11
v -0.15 -1.5 1.11
v 0.455025 -1.5 1.41
v 0.15 -1.5 1.11
v 0.213381 -1.5 1.11
v 0.276951 -1.5 1.11
v 0.341078 -1.5 1.11
v 0.406019 -1.5 1.11
v 0.455025 -1.5 1.11
v -1.3 0.655025 1.41
v -1.3 0.655025 1.11
v -1.3 0.59223 1.11
v -1.3 0.529571 1.11
v -1.3 0.4672 1.11
v -1.3 0.405067 1.11
v -1.3 0.380222 1.11
v -1.3 0.35 1.11
v -1.3 -0.655025 1.41
v -1.3 -0.35 1.11
v -1.3 -0.413381 1.11
v -1.3 -0.476951 1.11
v -1.3 -0.541078 1.11
v -1.3 -0.606019 1.11
v -1.3 -0.655025 1.11
v 0.455025 1.5 1.41
v 0.455025 1.5 1.11
v 0.39223 1.5 1.11
v 0.329571 1.5 1.11
v 0.2672 1.5 1.11
v 0.205067 1.5 1.11
v 0.180222 1.5 1.11
v 0.15 1.5 1.11
v -0.455025 1.5 1.41
v -0.15 1.5 1.11
v -0.213381 1.5 1.11
v -0.276951 1.5 1.11
v -0.341078 1.5 1.11
v -0.406019 1.5 1.11
v -0.455025 1.5 1.11
v 1.3 -0.655025 1.41
v 1.3 -0.655025 1.11
v 1.3 -0.59223 1.11
v 1.3 -0.529571 1.11
v 1.3 -0.4672 1.11
v 1.3 -0.405067 1.11
v 1.3 -0.380222 1.11
v 1.3 -0.35 1.11
v 1.3 0.655025 1.41
v 1.3 0.35 1.11
v 1.3 0.413381 1.11
v 1.3 0.476951 1.11
v 1.3 0.541078 1.11
v 1.3 0.606019 1.11
v 1.3 0.655025 1.11
v -0.196949 1.348897 0.821741
v -0.188955 1.349241 0.697939
v -0.244038 1.345569 0.818697
v -0.237339 1.346179 0.700752
v -0.291539 1.339933 0.813771
v -0.285959 1.340714 0.705562
v -0.292312 1.339803 0.813665
v -0.292293 1.339685 0.706409
v -0.339644 1.331853 0.807181
v -0.334954 1.332747 0.712116
v -0.375945 1.32414 0.801381
v -0.384272 1.322171 0.720026
v -0.416365 1.313872 0.795793
v -0.431671 1.309287 0.794508
v -0.43172 1.309446 0.728413
v -0.457446 1.301566 0.792342
v -0.43365 1.308928 0.728755
v -0.483859 1.292623 0.791216
v -0.48358 1.292722 0.737797
v -0.523958 1.277446 0.791106
v -0.530548 1.274761 0.745875
v -0.540523 1.270593 0.747473
v -0.562888 1.260782 0.792928
v -0.565412 1.259626 0.750716
v -0.565392 1.259583 0.793181
v -0.565882 1.259419 0.750777
v -0.600466 1.242794 0.796728
v -0.603395 1.24131 0.753505
v -0.636507 1.223677 0.802641
v -0.641949 1.220624 0.754158
v -0.649605 1.216253 0.805444
v -0.667864 1.205463 0.75344
v -0.690186 1.191546 0.814538
v -0.678243 1.199093 0.752956
v -0.690634 1.191243 0.81463
v -0.690494 1.19103 0.752461
v -0.729036 1.165302 0.822533
v -0.720929 1.171 0.751232
v -0.766101 1.137667 0.828999
v -0.761893 1.140941 0.750183
v -0.801426 1.108712 0.833618
v -0.801138 1.108959 0.749944
v -0.804843 1.105729 0.833942
v -0.804843 1.105729 0.749975
v -0.813712 1.097988 0.834783
v -0.847454 1.06663 0.836585
v -0.879583 1.033892 0.836122
v -0.905648 1.004769 0.833829
v -0.910314 0.999555 0.833419
v -0.939844 0.963308 0.828563
v -0.968253 0.924859 0.821723
v -0.991119 0.890551 0.814555
v -1.054671 0.776112 0.794019
v -1.035922 0.813834 0.798637
v -1.016253 0.849605 0.805444
v -1.015216 0.8514 0.805855
v -0.995481 0.884006 0.813188
v -1.104776 0.647327 0.792996
v -1.091155 0.687976 0.791116
v -1.075615 0.728465 0.791216
v -1.072312 0.736445 0.791475
v -1.059462 0.765339 0.793328
v -1.116478 0.606748 0.796916
v -1.10929 0.631674 0.794508
v -1.141114 0.483016 0.81478
v -1.139647 0.492287 0.813565
v -1.133771 0.52943 0.808697
v -1.12414 0.575945 0.801381
v -1.149749 0.372387 0.822537
v -1.149168 0.39079 0.821993
v -1.146224 0.436815 0.819289
v 1.148897 0.396949 0.821741
v 1.113872 0.616365 0.795793
v 1.12414 0.575945 0.801381
v 1.131853 0.539644 0.807181
v 1.139803 0.492312 0.813665
v 1.139933 0.491539 0.813771
v 1.145569 0.444038 0.818697
v 1.060782 0.762888 0.792928
v 1.077446 0.723958 0.791106
v 1.092623 0.683859 0.791216
v 1.101566 0.657446 0.792342
v 1.109287 0.631671 0.794508
v 0.991243 0.890634 0.81463
v 0.991546 0.890186 0.814538
v 1.016253 0.849605 0.805444
v 1.023677 0.836507 0.802641
v 1.042794 0.800466 0.796728
v 1.059583 0.765392 0.793181
v 0.965302 0.929036 0.822533
v 0.937667 0.966101 0.828999
v 0.908712 1.001426 0.833618
v 0.905729 1.004843 0.833942
v 0.897988 1.013712 0.834783
v 0.86663 1.047454 0.836585
v 0.833892 1.079583 0.836122
v 0.80477 1.105648 0.833829
v 0.804718 1.10558 0.750039
v 0.799555 1.110314 0.833419
v 0.774561 1.130976 0.750016
v 0.763308 1.139844 0.828563
v 0.724858 1.168253 0.821723
v 0.734211 1.161602 0.750814
v 0.690551 1.191119 0.814555
v 0.649605 1.216253 0.805444
v 0.667864 1.205463 0.75344
v 0.613834 1.235922 0.798637
v 0.631953 1.226197 0.754181
v 0.576112 1.254671 0.794019
v 0.692187 1.190258 0.752339
v 0.690628 1.191233 0.75241
v 0.684006 1.195481 0.813188
v 0.6514 1.215216 0.805855
v 0.59589 1.245088 0.753139
v 0.565374 1.259545 0.750584
v 0.565339 1.259462 0.793328
v 0.560211 1.261991 0.750152
v 0.536445 1.272313 0.791475
v 0.540523 1.270593 0.747473
v 0.528466 1.275615 0.791216
v 0.530548 1.274761 0.745875
v 0.487976 1.291155 0.791116
v 0.48358 1.292722 0.737797
v 0.447327 1.304776 0.792996
v 0.43365 1.308928 0.728755
v 0.431674 1.30929 0.794508
v 0.43172 1.309446 0.728413
v 0.406748 1.316478 0.796916
v 0.384272 1.322171 0.720026
v 0.188955 1.349241 0.697939
v 0.172387 1.349749 0.822537
v 0.19079 1.349168 0.821993
v 0.237339 1.346179 0.700752
v 0.236815 1.346224 0.819289
v 0.285959 1.340714 0.705562
v 0.283016 1.341114 0.81478
v 0.292293 1.339685 0.706409
v 0.292287 1.339647 0.813565
v 0.334954 1.332747 0.712116
v 0.32943 1.333771 0.808697
v 0.375945 1.32414 0.801381
v 0.196949 -1.348897 0.821741
v 0.188955 -1.349241 0.697939
v 0.244038 -1.345569 0.818697
v 0.237339 -1.346179 0.700752
v 0.291539 -1.339933 0.813771
v 0.285959 -1.340714 0.705562
v 0.292312 -1.339803 0.813665
v 0.292293 -1.339685 0.706409
v 0.339644 -1.331853 0.807181
v 0.334954 -1.332747 0.712116
v 0.375945 -1.32414 0.801381
v 0.384272 -1.322171 0.720026
v 0.416365 -1.313872 0.795793
v 0.431671 -1.309287 0.794508
v 0.43172 -1.309446 0.728413
v 0.457446 -1.301566 0.792342
v 0.43365 -1.308928 0.728755
v 0.483859 -1.292623 0.791216
v 0.48358 -1.292722 0.737797
v 0.523958 -1.277446 0.791106
v 0.530548 -1.274761 0.745875
v 0.540523 -1.270593 0.747473
v 0.562888 -1.260782 0.792928
v 0.565412 -1.259626 0.750716
v 0.565392 -1.259583 0.793181
v 0.565882 -1.259419 0.750777
v 0.600466 -1.242794 0.796728
v 0.603395 -1.24131 0.753505
v 0.636507 -1.223677 0.802641
v 0.641949 -1.220624 0.754158
v 0.649605 -1.216253 0.805444
v 0.667864 -1.205463 0.75344
v 0.690186 -1.191546 0.814538
v 0.678243 -1.199093 0.752956
v 0.690634 -1.191243 0.81463
v 0.690494 -1.19103 0.752461
v 0.729036 -1.165302 0.822533
v 0.720929 -1.171 0.751232
v 0.766101 -1.137667 0.828999
v 0.761893 -1.140941 0.750183
v 0.801426 -1.108712 0.833618
v 0.801138 -1.108959 0.749944
v 0.804843 -1.105729 0.833942
v 0.804843 -1.105729 0.749975
v 0.813712 -1.097988 0.834783
v 0.813296 -1.098357 0.750045
v 0.822573 -1.090031 0.750468
v 0.833077 -1.080346 0.751638
v 0.847454 -1.06663 0.836585
v 0.848021 -1.066077 0.754152
v 0.869061 -1.044947 0.757912
v 0.879583 -1.033892 0.836122
v 0.889839 -1.022784 0.759903
v 0.905648 -1.004769 0.833829
v 0.895356 -1.016667 0.76
v 0.905353 -1.004534 0.76
v 0.910314 -0.999555 0.833419
v 0.946902 -0.954109 0.76
v 0.939844 -0.963308 0.828563
v 0.968253 -0.924859 0.821723
v 0.991138 -0.89056 0.76
v 0.991119 -0.890551 0.814555
v 1.05903 -0.765127 0.76
v 1.054671 -0.776112 0.794019
v 1.033982 -0.817522 0.76
v 1.035922 -0.813834 0.798637
v 0.993212 -0.887581 0.76
v 1.016253 -0.849605 0.805444
v 1.015216 -0.8514 0.805855
v 0.995481 -0.884006 0.813188
v 1.108706 -0.631503 0.76
v 1.104776 -0.647327 0.792996
v 1.097867 -0.668668 0.76
v 1.091155 -0.687976 0.791116
v 1.068943 -0.74439 0.76
v 1.075615 -0.728465 0.791216
v 1.072312 -0.736445 0.791475
v 1.059462 -0.765339 0.793328
v 1.120562 -0.590851 0.76
v 1.116478 -0.606748 0.796916
v 1.10929 -0.631674 0.794508
v 1.146715 -0.430992 0.76
v 1.141114 -0.483016 0.81478
v 1.139228 -0.492242 0.76
v 1.139647 -0.492287 0.813565
v 1.136881 -0.511452 0.76
v 1.133771 -0.52943 0.808697
v 1.12414 -0.575945 0.801381
v 1.149749 -0.372387 0.822537
v 1.149168 -0.39079 0.821993
v 1.146224 -0.436815 0.819289
v -1.148897 -0.396949 0.821741
v -1.146715 -0.430992 0.76
v -1.120562 -0.590851 0.76
v -1.108706 -0.631503 0.76
v -1.113872 -0.616365 0.795793
v -1.12414 -0.575945 0.801381
v -1.131853 -0.539644 0.807181
v -1.136881 -0.511452 0.76
v -1.139803 -0.492312 0.813665
v -1.139228 -0.492242 0.76
v -1.139933 -0.491539 0.813771
v -1.145569 -0.444038 0.818697
v -1.05903 -0.765127 0.76
v -1.060782 -0.762888 0.792928
v -1.068943 -0.74439 0.76
v -1.077446 -0.723958 0.791106
v -1.097867 -0.668668 0.76
v -1.092623 -0.683859 0.791216
v -1.101566 -0.657446 0.792342
v -1.109287 -0.631671 0.794508
v -0.991138 -0.89056 0.76
v -0.991243 -0.890634 0.81463
v -0.991546 -0.890186 0.814538
v -0.993212 -0.887581 0.76
v -1.016253 -0.849605 0.805444
v -1.033982 -0.817522 0.76
v -1.023677 -0.836507 0.802641
v -1.042794 -0.800466 0.796728
v -1.059583 -0.765392 0.793181
v -0.965302 -0.929036 0.822533
v -0.946902 -0.954109 0.76
v -0.937667 -0.966101 0.828999
v -0.908712 -1.001426 0.833618
v -0.905353 -1.004534 0.76
v -0.905729 -1.004843 0.833942
v -0.897988 -1.013712 0.834783
v -0.895356 -1.016667 0.76
v -0.86663 -1.047454 0.836585
v -0.875024 -1.038723 0.758731
v -0.869061 -1.044947 0.757912
v -0.833892 -1.079583 0.836122
v -0.845449 -1.068575 0.753678
v -0.834238 -1.079259 0.751804
v -0.823833 -1.088884 0.750573
v -0.80477 -1.105648 0.833829
v -0.813296 -1.098357 0.750045
v -0.804718 -1.10558 0.750039
v -0.799555 -1.110314 0.833419
v -0.774561 -1.130976 0.750016
v -0.763308 -1.139844 0.828563
v -0.724858 -1.168253 0.821723
v -0.734211 -1.161602 0.750814
v -0.690551 -1.191119 0.814555
v -0.649605 -1.216253 0.805444
v -0.667864 -1.205463 0.75344
v -0.613834 -1.235922 0.798637
v -0.631953 -1.226197 0.754181
v -0.576112 -1.254671 0.794019
v -0.692187 -1.190258 0.752339
v -0.690628 -1.191233 0.75241
v -0.684006 -1.195481 0.813188
v -0.6514 -1.215216 0.805855
v -0.59589 -1.245088 0.753139
v -0.565374 -1.259545 0.750584
v -0.565339 -1.259462 0.793328
v -0.560211 -1.261991 0.750152
v -0.536445 -1.272313 0.791475
v -0.540523 -1.270593 0.747473
v -0.528466 -1.275615 0.791216
v -0.530548 -1.274761 0.745875
v -0.487976 -1.291155 0.791116
v -0.48358 -1.292722 0.737797
v -0.447327 -1.304776 0.792996
v -0.43365 -1.308928 0.728755
v -0.431674 -1.30929 0.794508
v -0.43172 -1.309446 0.728413
v -0.406748 -1.316478 0.796916
v -0.384272 -1.322171 0.720026
v -0.188955 -1.349241 0.697939
v -0.172387 -1.349749 0.822537
v -0.19079 -1.349168 0.821993
v -0.237339 -1.346179 0.700752
v -0.236815 -1.346224 0.819289
v -0.285959 -1.340714 0.705562
v -0.283016 -1.341114 0.81478
v -0.292293 -1.339685 0.706409
v -0.292287 -1.339647 0.813565
v -0.334954 -1.332747 0.712116
v -0.32943 -1.333771 0.808697
v -0.375945 -1.32414 0.801381
v 0.805763 1.453209 0.41
v 0.83514 1.428559 0.41
v 0.939805 1.340734 0.41
v 0.887481 1.38464 0.41
v 0.81822 -1.442757 0.41
v 0.805763 -1.453209 0.41
v 0.805763 -1.453209 0.11
v 0.992175 -1.296791 0.41
v 0.975495 -1.310787 0.41
v 0.992175 -1.296791 0.11
v 0.923145 -1.354714 0.41
v 0.870711 -1.398711 0.41
v 1.234428 -1.25 0.223861
v 1.120732 -1.25 0.41
v 1.120732 -1.25 0.236328
v 1.148782 -1.25 0.41
v 1.157274 -1.25 0.239753
v 1.199496 -1.25 0.235123
v -1.128783 -1.25 0.41
v -1.120732 -1.25 0.41
v -0.702513 1.397487 1.41
v -0.702513 1.397487 1.11
v -0.746582 1.353418 1.11
v -0.790521 1.309479 1.11
v -0.834193 1.265807 1.11
v -0.877582 1.222418 1.11
v -0.893114 1.206886 1.11
v -0.937056 1.162944 1.11
v -1.197487 0.902513 1.41
v -0.980841 1.119159 1.11
v -1.024762 1.075238 1.11
v -1.069162 1.030838 1.11
v -1.114291 0.985709 1.11
v -1.160246 0.939754 1.11
v -1.195576 0.904424 1.11
v -1.197487 0.902513 1.11
v -1.197487 -0.902513 1.41
v -1.197487 -0.902513 1.11
v -1.153418 -0.946582 1.11
v -1.109479 -0.990521 1.11
v -1.065807 -1.034193 1.11
v -1.022418 -1.077582 1.11
v -1.006886 -1.093114 1.11
v -0.962944 -1.137056 1.11
v -0.702513 -1.397487 1.41
v -0.919159 -1.180841 1.11
v -0.875238 -1.224762 1.11
v -0.830838 -1.269162 1.11
v -0.785709 -1.314291 1.11
v -0.739754 -1.360246 1.11
v -0.704424 -1.395576 1.11
v -0.702513 -1.397487 1.11
v 0.702513 -1.397487 1.41
v 0.702513 -1.397487 1.11
v 0.746582 -1.353418 1.11
v 0.790521 -1.309479 1.11
v 0.834193 -1.265807 1.11
v 0.877582 -1.222418 1.11
v 0.893114 -1.206886 1.11
v 0.937056 -1.162944 1.11
v 1.197487 -0.902513 1.41
v 0.980841 -1.119159 1.11
v 1.024762 -1.075238 1.11
v 1.069162 -1.030838 1.11
v 1.114291 -0.985709 1.11
v 1.160246 -0.939754 1.11
v 1.195576 -0.904424 1.11
v 1.197487 -0.902513 1.11
v 1.197487 0.902513 1.41
v 1.197487 0.902513 1.11
v 1.153418 0.946582 1.11
v 1.109479 0.990521 1.11
v 1.065807 1.034193 1.11
v 1.022418 1.077582 1.11
v 1.006886 1.093114 1.11
v 0.962944 1.137056 1.11
v 0.702513 1.397487 1.41
v 0.919159 1.180841 1.11
v 0.875238 1.224762 1.11
v 0.830838 1.269162 1.11
v 0.785709 1.314291 1.11
v 0.739754 1.360246 1.11
v 0.704424 1.395576 1.11
v 0.702513 1.397487 1.11
v -1.205869 -0.892299 1.11
v -1.241014 -0.849475 1.41
v -1.229254 -0.863805 1.11
v -1.241014 -0.849475 1.11
v -1.250535 -0.831662 1.11
v -1.273358 -0.788964 1.41
v -1.269495 -0.796192 1.11
v -1.293275 -0.723307 1.11
v -1.290551 -0.732286 1.11
v -1.293275 -0.723307 1.41
v -1.282856 -0.757653 1.11
v -1.273358 -0.788964 1.11
v -1.296285 -0.692742 1.11
v -0.649475 -1.441014 1.11
v -0.649475 -1.441014 1.41
v -0.674421 -1.420542 1.11
v -0.60028 -1.467309 1.11
v -0.588964 -1.473358 1.41
v -0.607536 -1.463431 1.11
v -0.643713 -1.444094 1.11
v -0.588964 -1.473358 1.11
v -0.561647 -1.481645 1.11
v -0.523307 -1.493275 1.41
v -0.483603 -1.497185 1.11
v -0.523307 -1.493275 1.11
v 0.692299 -1.405869 1.11
v 0.649475 -1.441014 1.41
v 0.663805 -1.429254 1.11
v 0.649475 -1.441014 1.11
v 0.631662 -1.450535 1.11
v 0.588964 -1.473358 1.41
v 0.596192 -1.469495 1.11
v 0.523307 -1.493275 1.11
v 0.532286 -1.490551 1.11
v 0.523307 -1.493275 1.41
v 0.557653 -1.482856 1.11
v 0.588964 -1.473358 1.11
v 0.492742 -1.496285 1.11
v 1.241014 -0.849475 1.11
v 1.241014 -0.849475 1.41
v 1.220542 -0.874421 1.11
v 1.267309 -0.80028 1.11
v 1.273358 -0.788964 1.41
v 1.263431 -0.807536 1.11
v 1.244094 -0.843713 1.11
v 1.273358 -0.788964 1.11
v 1.281644 -0.761647 1.11
v 1.293275 -0.723307 1.41
v 1.297185 -0.683603 1.11
v 1.293275 -0.723307 1.11
v 0.649475 1.441014 1.11
v 0.649475 1.441014 1.41
v 0.674421 1.420542 1.11
v 0.60028 1.467309 1.11
v 0.588964 1.473358 1.41
v 0.607536 1.463431 1.11
v 0.643713 1.444094 1.11
v 0.588964 1.473358 1.11
v 0.561647 1.481645 1.11
v 0.523307 1.493275 1.41
v 0.483603 1.497185 1.11
v 0.523307 1.493275 1.11
v -0.692299 1.405869 1.11
v -0.649475 1.441014 1.41
v -0.663805 1.429254 1.11
v -0.649475 1.441014 1.11
v -0.631662 1.450535 1.11
v -0.588964 1.473358 1.41
v -0.596192 1.469495 1.11
v -0.523307 1.493275 1.11
v -0.532286 1.490551 1.11
v -0.523307 1.493275 1.41
v -0.557653 1.482856 1.11
v -0.588964 1.473358 1.11
v -0.492742 1.496285 1.11
v -1.241014 0.849475 1.11
v -1.241014 0.849475 1.41
v -1.220542 0.874421 1.11
v -1.267309 0.80028 1.11
v -1.273358 0.788964 1.41
v -1.263431 0.807536 1.11
v -1.244094 0.843713 1.11
v -1.273358 0.788964 1.11
v -1.281644 0.761647 1.11
v -1.293275 0.723307 1.41
v -1.297185 0.683603 1.11
v -1.293275 0.723307 1.11
v 1.205869 0.892299 1.11
v 1.241014 0.849475 1.41
v 1.229254 0.863805 1.11
v 1.241014 0.849475 1.11
v 1.250535 0.831662 1.11
v 1.273358 0.788964 1.41
v 1.269495 0.796192 1.11
v 1.293275 0.723307 1.11
v 1.290551 0.732286 1.11
v 1.293275 0.723307 1.41
v 1.282856 0.757653 1.11
v 1.273358 0.788964 1.11
v 1.296285 0.692742 1.11
v -0.723329 1.494609 0.11
v -0.723329 1.494609 0.41
v -0.701519 1.497158 0.41
v -0.740318 1.488425 0.41
v -0.766966 1.478727 0.11
v -0.766966 1.478727 0.41
v -0.780389 1.469898 0.41
v 0.770617 1.476325 0.41
v 0.766966 1.478727 0.11
v 0.766966 1.478727 0.41
v 0.723329 1.494609 0.11
v 0.732479 1.491279 0.41
v 0.723329 1.494609 0.41
v 0.695876 1.497818 0.41
v 0.9941 -1.295196 0.11
v 0.997693 -1.292395 0.110553
v 1.001479 -1.289443 0.111136
v 1.004905 -1.287012 0.112764
v 1.008557 -1.28442 0.114499
v 1.011969 -1.282207 0.1174
v 1.015275 -1.280063 0.12021
v 1.018492 -1.278146 0.124595
v 1.015766 -1.281078 0.41
v 1.029071 -1.272681 0.141911
v 1.028899 -1.27233 0.41
v 1.021653 -1.276267 0.12897
v 1.021474 -1.276369 0.12866
v 1.080673 -1.254053 0.21428
v 1.076877 -1.254868 0.41
v 1.079505 -1.254347 0.213088
v 1.07691 -1.255001 0.210441
v 1.09934 -1.251147 0.227356
v 1.118098 -1.250017 0.235536
v 1.079077 -1.254623 0.41
v 1.046119 -1.264439 0.171651
v 1.06174 -1.258963 0.194356
v 1.06314 -1.258472 0.196391
v 1.04281 -1.267267 0.41
v 0.701519 -1.497158 0.41
v 0.723329 -1.494609 0.11
v 0.723329 -1.494609 0.41
v 0.740318 -1.488425 0.41
v 0.766966 -1.478727 0.11
v 0.766966 -1.478727 0.41
v 0.780389 -1.469898 0.41
v -1.018919 -1.278978 0.41
v -1.045846 -1.266162 0.41
v -1.028899 -1.27233 0.41
v -1.076877 -1.254868 0.41
v -1.073235 -1.256193 0.41
v -0.770617 -1.476325 0.41
v -0.766966 -1.478727 0.11
v -0.766966 -1.478727 0.41
v -0.732479 -1.491279 0.41
v -0.723329 -1.494609 0.11
v -0.723329 -1.494609 0.41
v -0.695876 -1.497818 0.41
v 0.948948 -1.24 0.038689
v 0.956175 -1.248834 0.050102
v 0.975137 -1.272015 0.080051
v 0.977464 -1.24151 0.052385
v 1.032627 -1.24 0.101751
v 1.029525 -1.250251 0.109445
v 1.031561 -1.24 0.1
v 1.023681 -1.252231 0.102332
v 1.025516 -1.239563 0.090657
v 1.018302 -1.237776 0.080503
v 1.017378 -1.254456 0.096249
v 1.01637 -1.237297 0.077783
v 1.010658 -1.256933 0.091135
v 1.014244 -1.23677 0.074791
v 1.003674 -1.259626 0.087023
v 1.006255 -1.232681 0.063845
v 0.997794 -1.227688 0.051928
v 1.000229 -1.229597 0.055589
v 0.998792 -1.234831 0.059546
v 1.001005 -1.229994 0.056651
v 0.991467 -1.197564 0.018259
v 0.990877 -1.198945 0.019219
v 0.990029 -1.20227 0.021915
v 0.988865 -1.206833 0.025613
v 0.988691 -1.209881 0.028469
v 0.989927 -1.216933 0.036115
v 0.990464 -1.218168 0.037663
v 0.990995 -1.219386 0.039191
v 0.997206 -1.226969 0.050825
v 0.992467 -1.195227 0.016634
v 0.99658 -1.262492 0.083914
v 0.989393 -1.265535 0.081736
v 0.982218 -1.26872 0.080463
v 1.043911 -1.24 0.127132
v 1.056265 -1.24 0.154477
v 1.102104 -1.24 0.216784
v 1.106982 -1.24 0.219917
v 1.122595 -1.24 0.226503
v 1.100239 -1.24 0.215585
v 1.08453 -1.24 0.201422
v 1.083777 -1.24 0.200495
v 1.076511 -1.24 0.191554
v 1.068833 -1.24 0.178865
v 1.062642 -1.24 0.168631
v 1.23048 -1.24 0.214673
v 1.197334 -1.24 0.22536
v 1.157269 -1.24 0.229753
v 1.296052 -1.24 0.186501
v 1.365468 -1.237822 0.180584
v 1.333329 -1.24 0.181985
v 1.309775 -1.24 0.18389
v 1.34 -1.24 0.181445
v -1.365468 1.237822 0.180584
v -0.977464 1.24151 0.052385
v -1.023681 1.252231 0.102332
v -1.017378 1.254456 0.096249
v -1.010658 1.256933 0.091135
v -1.003674 1.259626 0.087023
v -0.998792 1.234831 0.059546
v -0.99658 1.262492 0.083914
v -0.989393 1.265535 0.081736
v -0.982218 1.26872 0.080463
v -0.948948 1.24 0.038689
v -0.956175 1.248834 0.050102
v -0.975137 1.272015 0.080051
v -0.15 1.456687 0.445636
v -0.15 1.354494 0.64132
v 0.15 1.354494 0.64132
v -0.15 1.361178 0.614084
v 0.15 1.361178 0.614084
v -0.15 1.367861 0.586847
v 0.15 1.367861 0.586847
v -0.15 1.389758 0.53521
v 0.15 1.389758 0.53521
v -0.15 1.419622 0.487733
v 0.15 1.419622 0.487733
v -0.15 1.438155 0.466684
v 0.15 1.438155 0.466684
v 0.15 1.456687 0.445636
v 0.190642 1.353711 0.641816
v 0.192637 1.367123 0.587146
v 0.646351 1.434628 0.436781
v 0.616992 1.37693 0.478635
v 0.633914 1.43558 0.437506
v 0.541456 1.279226 0.670661
v 0.494388 1.296722 0.666868
v 0.443763 1.312779 0.661854
v 0.393228 1.326076 0.656539
v 0.342396 1.336803 0.651439
v 0.57507 1.439961 0.440345
v 0.512091 1.444284 0.442471
v 0.449476 1.448064 0.443865
v 0.386687 1.451236 0.444734
v 0.324126 1.453711 0.445234
v 0.261916 1.455451 0.445495
v 0.199932 1.45644 0.445611
v 0.197343 1.419162 0.487756
v 0.256086 1.417312 0.487826
v 0.314974 1.414049 0.487849
v 0.374084 1.40938 0.487662
v 0.43325 1.403349 0.487032
v 0.492036 1.396077 0.485675
v 0.550872 1.387624 0.483229
v 0.605499 1.378866 0.479603
v 0.590555 1.329704 0.53353
v 0.194891 1.38913 0.535346
v 0.250571 1.386605 0.535859
v 0.306348 1.382138 0.536636
v 0.362266 1.375715 0.537466
v 0.418137 1.36736 0.538046
v 0.473514 1.357185 0.537993
v 0.528758 1.345195 0.536844
v 0.579839 1.33254 0.534299
v 0.568321 1.295241 0.598804
v 0.245521 1.364153 0.588307
v 0.298493 1.358883 0.590212
v 0.351594 1.351273 0.592622
v 0.404645 1.34131 0.59519
v 0.457219 1.329068 0.597462
v 0.509662 1.314463 0.598929
v 0.558149 1.298795 0.599005
v 0.55137 1.275214 0.671291
v 0.241071 1.350556 0.643767
v 0.291632 1.344944 0.647058
v -0.256086 1.417312 0.487826
v -0.197343 1.419162 0.487756
v -0.199932 1.45644 0.445611
v -0.241071 1.350556 0.643767
v -0.291632 1.344944 0.647058
v -0.55137 1.275214 0.671291
v -0.568321 1.295241 0.598804
v -0.541456 1.279226 0.670661
v -0.633914 1.43558 0.437506
v -0.57507 1.439961 0.440345
v -0.494388 1.296722 0.666868
v -0.443763 1.312779 0.661854
v -0.393228 1.326076 0.656539
v -0.512091 1.444284 0.442471
v -0.449476 1.448064 0.443865
v -0.386687 1.451236 0.444734
v -0.324126 1.453711 0.445234
v -0.342396 1.336803 0.651439
v -0.261916 1.455451 0.445495
v -0.314974 1.414049 0.487849
v -0.374084 1.40938 0.487662
v -0.43325 1.403349 0.487032
v -0.492036 1.396077 0.485675
v -0.550872 1.387624 0.483229
v -0.605499 1.378866 0.479603
v -0.646351 1.434628 0.436781
v -0.590555 1.329704 0.53353
v -0.558149 1.298795 0.599005
v -0.509662 1.314463 0.598929
v -0.457219 1.329068 0.597462
v -0.404645 1.34131 0.59519
v -0.351594 1.351273 0.592622
v -0.298493 1.358883 0.590212
v -0.245521 1.364153 0.588307
v -0.192637 1.367123 0.587146
v -0.190642 1.353711 0.641816
v -0.194891 1.38913 0.535346
v -0.250571 1.386605 0.535859
v -0.306348 1.382138 0.536636
v -0.362266 1.375715 0.537466
v -0.418137 1.36736 0.538046
v -0.473514 1.357185 0.537993
v -0.528758 1.345195 0.536844
v -0.579839 1.33254 0.534299
v -0.616992 1.37693 0.478635
v 0.569343 1.267499 0.672532
v 0.602542 1.252008 0.673641
v 0.617015 1.274963 0.598304
v 0.663854 1.432506 0.435828
v 0.633681 1.373351 0.477408
v 0.607022 1.32461 0.532655
v 0.585211 1.288727 0.598801
v 0.697993 1.42425 0.43439
v 0.638551 1.312753 0.531072
v 0.666023 1.363399 0.475464
v 0.73359 1.409074 0.433744
v 0.636649 1.234258 0.673923
v 0.650084 1.258233 0.597942
v 0.671543 1.296844 0.530287
v 0.699882 1.348034 0.474564
v 0.766752 1.387359 0.434213
v 0.732074 1.327692 0.475219
v 0.703552 1.277346 0.530861
v 0.682689 1.238969 0.598212
v 0.67058 1.21458 0.67373
v -0.743201 1.403632 0.433759
v -0.766752 1.387359 0.434213
v -0.709118 1.342828 0.474586
v -0.732074 1.327692 0.475219
v -0.680629 1.291746 0.530306
v -0.703552 1.277346 0.530861
v -0.659252 1.253108 0.597951
v -0.682689 1.238969 0.598212
v -0.646125 1.228972 0.673917
v -0.67058 1.21458 0.67373
v -0.705413 1.42168 0.434173
v -0.673053 1.360655 0.475164
v -0.645382 1.309775 0.530814
v -0.623857 1.271717 0.598191
v -0.609611 1.248488 0.673748
v -0.669098 1.431601 0.435567
v -0.574568 1.26517 0.672793
v -0.59017 1.286715 0.598749
v -0.6119 1.322965 0.532388
v -0.63866 1.372088 0.477062
v 0.894457 1.283783 0.4366
v 0.794892 1.364957 0.43506
v 0.759116 1.307489 0.476419
v 0.729651 1.259107 0.531952
v 0.70801 1.222295 0.598807
v 0.695304 1.198946 0.673549
v 0.84484 1.324626 0.436103
v 0.806872 1.270642 0.47788
v 0.77547 1.225374 0.533251
v 0.752197 1.191078 0.599458
v 0.738212 1.169461 0.673203
v 0.779575 1.137955 0.672986
v 0.795064 1.157997 0.599733
v 0.820267 1.190118 0.533851
v 0.853948 1.232744 0.478569
v -0.778692 1.377881 0.434596
v -0.681119 1.208032 0.673659
v -0.878697 1.296844 0.436498
v -0.928085 1.255636 0.436643
v -0.885618 1.206311 0.478629
v -0.850176 1.165227 0.533903
v -0.823492 1.134397 0.599756
v -0.806875 1.11533 0.672965
v -0.839038 1.244923 0.478429
v -0.806121 1.201506 0.533729
v -0.781564 1.168729 0.599679
v -0.766575 1.148204 0.673033
v -0.828867 1.337606 0.43583
v -0.791638 1.282565 0.4775
v -0.760892 1.236352 0.532917
v -0.738175 1.201287 0.599297
v -0.724627 1.179132 0.673308
v -0.693469 1.231974 0.598488
v -0.714649 1.269674 0.531359
v -0.743559 1.319168 0.475763
v 1.155317 -0.35 0.699223
v 1.159825 -0.35 0.682399
v 1.171108 -0.35 0.640293
v 1.185843 -0.35 0.608692
v 1.196891 -0.35 0.585
v 1.226893 -0.35 0.542153
v 1.231884 -0.35 0.535024
v 1.275024 -0.35 0.491884
v 1.282153 -0.35 0.486893
v 1.325 -0.35 0.456891
v 1.348692 -0.35 0.445843
v 1.380293 -0.35 0.431108
v 1.422399 -0.35 0.419825
v 1.439223 -0.35 0.415317
v -1.155317 -0.35 0.699223
v -1.159825 -0.35 0.682399
v -1.171108 -0.35 0.640293
v -1.185843 -0.35 0.608692
v -1.196891 -0.35 0.585
v -1.226893 -0.35 0.542153
v -1.231884 -0.35 0.535024
v -1.275024 -0.35 0.491884
v -1.282153 -0.35 0.486893
v -1.325 -0.35 0.456891
v -1.348692 -0.35 0.445843
v -1.380293 -0.35 0.431108
v -1.422399 -0.35 0.419825
v -1.439223 -0.35 0.415317
v 1.152015 -0.431423 0.699223
v 0.921191 -1.039774 0.608141
v 0.931541 -1.049031 0.586041
v 0.98427 -0.982436 0.585
v 1.401271 -0.660511 0.415317
v 1.372012 -0.760834 0.415317
v 1.334723 -0.858457 0.415317
v 1.289649 -0.95274 0.415317
v 1.237088 -1.043062 0.415317
v 1.098181 -1.198079 0.418775
v 1.111057 -1.209596 0.416829
v 1.177384 -1.128831 0.415317
v 1.434988 -0.454417 0.415317
v 1.376251 -0.449644 0.431108
v 1.067541 -1.170674 0.433159
v 1.130423 -1.093231 0.431108
v 1.043041 -1.14876 0.444661
v 1.08636 -1.059828 0.456891
v 1.026569 -1.134027 0.458547
v 1.32114 -0.445166 0.456891
v 1.344076 -0.646317 0.431108
v 1.316154 -0.742054 0.431108
v 1.290411 -0.633 0.456891
v 1.263743 -0.724434 0.456891
v 1.241906 -0.620963 0.491884
v 1.216373 -0.708509 0.491884
v 1.217691 -0.524672 0.535024
v 1.260265 -0.531637 0.491884
v 1.309585 -0.539706 0.456891
v 1.364152 -0.548633 0.431108
v 1.422309 -0.558148 0.415317
v 1.271328 -0.441118 0.491884
v 0.993578 -1.104519 0.486359
v 1.046534 -1.029637 0.491884
v 0.989002 -1.100426 0.492499
v 1.012156 -1.003576 0.535024
v 0.956847 -1.071666 0.535639
v 1.200036 -0.610573 0.535024
v 1.175482 -0.694761 0.535024
v 1.193452 -0.43479 0.585
v 1.22833 -0.437624 0.535024
v 0.952271 -1.067573 0.541779
v 1.142313 -0.68361 0.585
v 1.166073 -0.602145 0.585
v 1.183156 -0.519023 0.585
v 1.117874 -0.675394 0.640293
v 1.141048 -0.595935 0.640293
v 1.157711 -0.51486 0.640293
v 1.167753 -0.432702 0.640293
v 1.142128 -0.51231 0.699223
v 1.125723 -0.592132 0.699223
v 1.102907 -0.670362 0.699223
v 0.951139 -0.957321 0.699223
v 0.912618 -1.032106 0.641011
v 0.963723 -0.96686 0.640293
v 0.901897 -1.022517 0.682118
v 0.900446 -1.021219 0.699393
v 0.997696 -0.89044 0.699223
v 1.187398 -1.011382 0.431108
v 1.140774 -0.981658 0.456891
v 1.098634 -0.954792 0.491884
v 1.062258 -0.931601 0.535024
v 1.032751 -0.912789 0.585
v 1.01101 -0.898928 0.640293
v 1.237556 -0.925189 0.431108
v 1.188678 -0.899338 0.456891
v 1.144501 -0.875973 0.491884
v 1.106366 -0.855804 0.535024
v 1.075433 -0.839444 0.585
v 1.05264 -0.82739 0.640293
v 1.038682 -0.820008 0.699223
v 1.073829 -0.746487 0.699223
v 1.280569 -0.835216 0.431108
v 1.229758 -0.813409 0.456891
v 1.183833 -0.793699 0.491884
v 1.14419 -0.776685 0.535024
v 1.112033 -0.762884 0.585
v 1.08834 -0.752715 0.640293
v -1.111057 -1.209596 0.416829
v -1.177384 -1.128831 0.415317
v -1.237088 -1.043062 0.415317
v -1.289649 -0.95274 0.415317
v -1.334723 -0.858457 0.415317
v -1.372012 -0.760834 0.415317
v -1.401271 -0.660511 0.415317
v -1.422309 -0.558148 0.415317
v -1.434988 -0.454417 0.415317
v -1.376251 -0.449644 0.431108
v -1.32114 -0.445166 0.456891
v -1.098181 -1.198079 0.418775
v -1.130423 -1.093231 0.431108
v -1.067541 -1.170674 0.433159
v -1.08636 -1.059828 0.456891
v -1.043041 -1.14876 0.444661
v -1.026569 -1.134027 0.458547
v -1.046534 -1.029637 0.491884
v -0.993578 -1.104519 0.486359
v -1.271328 -0.441118 0.491884
v -1.22833 -0.437624 0.535024
v -1.193452 -0.43479 0.585
v -0.989002 -1.100426 0.492499
v -0.956847 -1.071666 0.535639
v -1.012156 -1.003576 0.535024
v -0.952271 -1.067573 0.541779
v -0.98427 -0.982436 0.585
v -1.167753 -0.432702 0.640293
v -0.931541 -1.049031 0.586041
v -0.921191 -1.039774 0.608141
v -0.963723 -0.96686 0.640293
v -0.912618 -1.032106 0.641011
v -0.951139 -0.957321 0.699223
v -0.901897 -1.022517 0.682118
v -0.900446 -1.021219 0.699393
v -1.152015 -0.431423 0.699223
v -1.142128 -0.51231 0.699223
v -1.364152 -0.548633 0.431108
v -1.309585 -0.539706 0.456891
v -1.260265 -0.531637 0.491884
v -1.217691 -0.524672 0.535024
v -1.183156 -0.519023 0.585
v -1.157711 -0.51486 0.640293
v -1.344076 -0.646317 0.431108
v -1.290411 -0.633 0.456891
v -1.241906 -0.620963 0.491884
v -1.200036 -0.610573 0.535024
v -1.166073 -0.602145 0.585
v -1.141048 -0.595935 0.640293
v -1.125723 -0.592132 0.699223
v -1.102907 -0.670362 0.699223
v -1.316154 -0.742054 0.431108
v -1.263743 -0.724434 0.456891
v -1.216373 -0.708509 0.491884
v -1.175482 -0.694761 0.535024
v -1.142313 -0.68361 0.585
v -1.117874 -0.675394 0.640293
v -1.280569 -0.835216 0.431108
v -1.229758 -0.813409 0.456891
v -1.183833 -0.793699 0.491884
v -1.14419 -0.776685 0.535024
v -1.112033 -0.762884 0.585
v -1.08834 -0.752715 0.640293
v -1.073829 -0.746487 0.699223
v -1.038682 -0.820008 0.699223
v -1.237556 -0.925189 0.431108
v -1.188678 -0.899338 0.456891
v -1.144501 -0.875973 0.491884
v -1.106366 -0.855804 0.535024
v -1.075433 -0.839444 0.585
v -1.05264 -0.82739 0.640293
v -1.187398 -1.011382 0.431108
v -1.140774 -0.981658 0.456891
v -1.098634 -0.954792 0.491884
v -1.062258 -0.931601 0.535024
v -1.032751 -0.912789 0.585
v -1.01101 -0.898928 0.640293
v -0.997696 -0.89044 0.699223
v 0.897107 -1.027574 0.682806
v 0.916742 -1.043699 0.609498
v 0.94778 -1.070368 0.543581
v 0.988695 -1.10627 0.488294
v 1.037476 -1.14964 0.446354
v 1.091727 -1.198348 0.419821
v 0.878833 -1.046277 0.683962
v 0.882287 -1.048326 0.672222
v 0.930407 -1.081349 0.549351
v 0.909858 -1.066175 0.59205
v 0.899596 -1.058597 0.613373
v 0.950135 -1.097423 0.522078
v 0.969864 -1.113497 0.494804
v 1.000752 -1.140232 0.466398
v 1.016177 -1.153583 0.452212
v 1.067239 -1.199783 0.423509
v 1.058747 -1.192099 0.428283
v -1.074296 -1.199309 0.422493
v -0.909858 -1.066175 0.59205
v -0.899596 -1.058597 0.613373
v -0.904579 -1.054309 0.612455
v -0.884115 -1.040965 0.683853
v -0.882287 -1.048326 0.672222
v -0.878833 -1.046277 0.683962
v -1.000752 -1.140232 0.466398
v -0.969864 -1.113497 0.494804
v -0.975337 -1.11133 0.493062
v -0.950135 -1.097423 0.522078
v -0.935465 -1.078132 0.547857
v -0.930407 -1.081349 0.549351
v -1.016177 -1.153583 0.452212
v -1.022343 -1.152358 0.450616
v -1.058747 -1.192099 0.428283
v -1.067239 -1.199783 0.423509
v 0.98943 -1.212193 0.434878
v 0.885942 -1.08257 0.595767
v 0.860555 -1.067411 0.672701
v 0.922774 -1.110713 0.527615
v 0.969009 -1.150279 0.472027
v 1.022082 -1.199074 0.432083
v 0.940775 -1.164767 0.476084
v 0.898892 -1.126165 0.531494
v 0.865941 -1.098378 0.598251
v 0.843619 -1.082838 0.672915
v 0.830892 -1.09423 0.672976
v 0.850505 -1.1111 0.599338
v 0.880434 -1.139803 0.533215
v 0.919193 -1.178911 0.477896
v 0.964853 -1.22648 0.436132
v 0.943736 -1.242405 0.436582
v 0.900288 -1.193802 0.478545
v 0.863962 -1.153369 0.53383
v 0.836542 -1.123088 0.599724
v 0.819373 -1.104446 0.672994
v -0.918941 -1.113035 0.528372
v -0.844989 -1.081603 0.672905
v -0.857758 -1.069987 0.672753
v -0.88271 -1.085083 0.596256
v -0.819373 -1.104446 0.672994
v -0.832443 -1.092848 0.672972
v -0.836542 -1.123088 0.599724
v -0.863962 -1.153369 0.53383
v -0.852391 -1.109517 0.599242
v -0.900288 -1.193802 0.478545
v -0.882681 -1.138058 0.533063
v -0.90087 -1.124794 0.531245
v -0.943736 -1.242405 0.436582
v -0.921801 -1.177049 0.477736
v -0.943105 -1.163405 0.475823
v -0.964469 -1.152315 0.472815
v -1.016802 -1.200774 0.432625
v -0.992105 -1.210878 0.434697
v -0.9678 -1.224544 0.436021
v -0.867591 -1.097048 0.598094
v 0.778692 -1.377881 0.434596
v 0.681119 -1.208032 0.673659
v 0.878697 -1.296844 0.436498
v 0.928085 -1.255636 0.436643
v 0.885618 -1.206311 0.478629
v 0.850176 -1.165227 0.533903
v 0.823492 -1.134397 0.599756
v 0.806875 -1.11533 0.672965
v 0.839038 -1.244923 0.478429
v 0.806121 -1.201506 0.533729
v 0.781564 -1.168729 0.599679
v 0.766575 -1.148204 0.673033
v 0.828867 -1.337606 0.43583
v 0.791638 -1.282565 0.4775
v 0.760892 -1.236352 0.532917
v 0.738175 -1.201287 0.599297
v 0.724627 -1.179132 0.673308
v 0.693469 -1.231974 0.598488
v 0.714649 -1.269674 0.531359
v 0.743559 -1.319168 0.475763
v 0.766752 -1.387359 0.434213
v 0.732074 -1.327692 0.475219
v 0.703552 -1.277346 0.530861
v 0.682689 -1.238969 0.598212
v 0.67058 -1.21458 0.67373
v -0.894457 -1.283783 0.4366
v -0.67058 -1.21458 0.67373
v -0.794892 -1.364957 0.43506
v -0.766752 -1.387359 0.434213
v -0.759116 -1.307489 0.476419
v -0.732074 -1.327692 0.475219
v -0.729651 -1.259107 0.531952
v -0.703552 -1.277346 0.530861
v -0.70801 -1.222295 0.598807
v -0.682689 -1.238969 0.598212
v -0.695304 -1.198946 0.673549
v -0.84484 -1.324626 0.436103
v -0.806872 -1.270642 0.47788
v -0.77547 -1.225374 0.533251
v -0.752197 -1.191078 0.599458
v -0.738212 -1.169461 0.673203
v -0.779575 -1.137955 0.672986
v -0.795064 -1.157997 0.599733
v -0.820267 -1.190118 0.533851
v -0.853948 -1.232744 0.478569
v 0.55137 -1.275214 0.671291
v 0.743201 -1.403632 0.433759
v 0.709118 -1.342828 0.474586
v 0.680629 -1.291746 0.530306
v 0.659252 -1.253108 0.597951
v 0.646125 -1.228972 0.673917
v 0.705413 -1.42168 0.434173
v 0.673053 -1.360655 0.475164
v 0.645382 -1.309775 0.530814
v 0.623857 -1.271717 0.598191
v 0.609611 -1.248488 0.673748
v 0.669098 -1.431601 0.435567
v 0.574568 -1.26517 0.672793
v 0.59017 -1.286715 0.598749
v 0.6119 -1.322965 0.532388
v 0.63866 -1.372088 0.477062
v 0.646351 -1.434628 0.436781
v 0.616992 -1.37693 0.478635
v 0.590555 -1.329704 0.53353
v 0.568321 -1.295241 0.598804
v -0.569343 -1.267499 0.672532
v -0.602542 -1.252008 0.673641
v -0.617015 -1.274963 0.598304
v -0.55137 -1.275214 0.671291
v -0.663854 -1.432506 0.435828
v -0.646351 -1.434628 0.436781
v -0.633681 -1.373351 0.477408
v -0.616992 -1.37693 0.478635
v -0.607022 -1.32461 0.532655
v -0.590555 -1.329704 0.53353
v -0.585211 -1.288727 0.598801
v -0.568321 -1.295241 0.598804
v -0.697993 -1.42425 0.43439
v -0.638551 -1.312753 0.531072
v -0.666023 -1.363399 0.475464
v -0.73359 -1.409074 0.433744
v -0.636649 -1.234258 0.673923
v -0.650084 -1.258233 0.597942
v -0.671543 -1.296844 0.530287
v -0.699882 -1.348034 0.474564
v 0.15 -1.438155 0.466684
v 0.15 -1.456687 0.445636
v 0.199932 -1.45644 0.445611
v 0.15 -1.389758 0.53521
v 0.15 -1.419622 0.487733
v 0.197343 -1.419162 0.487756
v 0.241071 -1.350556 0.643767
v 0.291632 -1.344944 0.647058
v 0.541456 -1.279226 0.670661
v 0.494388 -1.296722 0.666868
v 0.443763 -1.312779 0.661854
v 0.393228 -1.326076 0.656539
v 0.342396 -1.336803 0.651439
v 0.558149 -1.298795 0.599005
v 0.509662 -1.314463 0.598929
v 0.457219 -1.329068 0.597462
v 0.404645 -1.34131 0.59519
v 0.351594 -1.351273 0.592622
v 0.298493 -1.358883 0.590212
v 0.245521 -1.364153 0.588307
v 0.192637 -1.367123 0.587146
v 0.15 -1.354494 0.64132
v 0.190642 -1.353711 0.641816
v 0.15 -1.361178 0.614084
v 0.15 -1.367861 0.586847
v 0.194891 -1.38913 0.535346
v 0.250571 -1.386605 0.535859
v 0.306348 -1.382138 0.536636
v 0.362266 -1.375715 0.537466
v 0.418137 -1.36736 0.538046
v 0.473514 -1.357185 0.537993
v 0.528758 -1.345195 0.536844
v 0.579839 -1.33254 0.534299
v 0.256086 -1.417312 0.487826
v 0.314974 -1.414049 0.487849
v 0.374084 -1.40938 0.487662
v 0.43325 -1.403349 0.487032
v 0.492036 -1.396077 0.485675
v 0.550872 -1.387624 0.483229
v 0.605499 -1.378866 0.479603
v 0.261916 -1.455451 0.445495
v 0.324126 -1.453711 0.445234
v 0.386687 -1.451236 0.444734
v 0.449476 -1.448064 0.443865
v 0.512091 -1.444284 0.442471
v 0.57507 -1.439961 0.440345
v 0.633914 -1.43558 0.437506
v -0.15 -1.361178 0.614084
v -0.15 -1.354494 0.64132
v -0.190642 -1.353711 0.641816
v -0.15 -1.389758 0.53521
v -0.15 -1.367861 0.586847
v -0.192637 -1.367123 0.587146
v -0.633914 -1.43558 0.437506
v -0.541456 -1.279226 0.670661
v -0.494388 -1.296722 0.666868
v -0.443763 -1.312779 0.661854
v -0.393228 -1.326076 0.656539
v -0.342396 -1.336803 0.651439
v -0.57507 -1.439961 0.440345
v -0.512091 -1.444284 0.442471
v -0.449476 -1.448064 0.443865
v -0.386687 -1.451236 0.444734
v -0.324126 -1.453711 0.445234
v -0.261916 -1.455451 0.445495
v -0.199932 -1.45644 0.445611
v -0.15 -1.456687 0.445636
v -0.15 -1.438155 0.466684
v -0.197343 -1.419162 0.487756
v -0.256086 -1.417312 0.487826
v -0.314974 -1.414049 0.487849
v -0.374084 -1.40938 0.487662
v -0.43325 -1.403349 0.487032
v -0.492036 -1.396077 0.485675
v -0.550872 -1.387624 0.483229
v -0.605499 -1.378866 0.479603
v -0.15 -1.419622 0.487733
v -0.194891 -1.38913 0.535346
v -0.250571 -1.386605 0.535859
v -0.306348 -1.382138 0.536636
v -0.362266 -1.375715 0.537466
v -0.418137 -1.36736 0.538046
v -0.473514 -1.357185 0.537993
v -0.528758 -1.345195 0.536844
v -0.579839 -1.33254 0.534299
v -0.245521 -1.364153 0.588307
v -0.298493 -1.358883 0.590212
v -0.351594 -1.351273 0.592622
v -0.404645 -1.34131 0.59519
v -0.457219 -1.329068 0.597462
v -0.509662 -1.314463 0.598929
v -0.558149 -1.298795 0.599005
v -0.241071 -1.350556 0.643767
v -0.291632 -1.344944 0.647058
v -0.15 1.448741 1.066429
v 0.15 1.448741 1.066429
v -0.15 1.438259 1.053301
v 0.15 1.438259 1.053301
v -0.15 1.406765 1.013857
v 0.15 1.406765 1.013857
v -0.15 1.391194 0.98404
v 0.15 1.391194 0.98404
v -0.15 1.375623 0.954224
v 0.15 1.375623 0.954224
v -0.15 1.361249 0.905839
v 0.15 1.361249 0.905839
v -0.15 1.356465 0.889735
v 0.15 1.356465 0.889735
v 0.289832 1.347371 0.884708
v 0.176635 1.406589 1.013836
v 0.178395 1.448644 1.066436
v 0.173574 1.356208 0.889584
v 0.192949 1.355611 0.889237
v 0.175008 1.375391 0.954148
v 0.241357 1.352593 0.887522
v 0.19556 1.374854 0.953974
v 0.246893 1.372141 0.953127
v 0.198525 1.40618 1.013789
v 0.318544 1.445359 1.066777
v 0.377157 1.442641 1.067224
v 0.362742 1.395559 1.013162
v 0.260069 1.447292 1.06655
v 0.307964 1.400574 1.013318
v 0.349613 1.36081 0.950176
v 0.201734 1.44842 1.066453
v 0.253212 1.404119 1.013579
v 0.298262 1.367463 0.951796
v 0.338346 1.339909 0.881015
v 0.386703 1.330201 0.876761
v 0.400715 1.352213 0.94855
v 0.417315 1.389126 1.01333
v 0.43571 1.439183 1.068015
v -0.199431 1.355333 0.889077
v -0.202435 1.374604 0.953894
v -0.205848 1.40599 1.013768
v -0.34899 1.337969 0.880116
v -0.43571 1.439183 1.068015
v -0.417315 1.389126 1.01333
v -0.390033 1.441942 1.067363
v -0.329319 1.444917 1.066839
v -0.269217 1.447042 1.066575
v -0.209543 1.448316 1.06646
v -0.261783 1.403661 1.013538
v -0.318043 1.399761 1.013276
v -0.374757 1.394265 1.013163
v -0.400715 1.352213 0.94855
v -0.254937 1.371539 0.952947
v -0.307715 1.366387 0.951512
v -0.36087 1.359086 0.949809
v -0.386703 1.330201 0.876761
v -0.248944 1.351921 0.887149
v -0.298757 1.346167 0.884087
v 0.561849 1.347634 1.013246
v 0.596858 1.330504 1.013177
v 0.582563 1.290502 0.946629
v 0.463339 1.436258 1.068313
v 0.500601 1.429379 1.06868
v 0.444563 1.384522 1.01318
v 0.481106 1.376132 1.013196
v 0.518059 1.364882 1.013261
v 0.428366 1.346173 0.947333
v 0.465223 1.336387 0.946399
v 0.50242 1.324373 0.946002
v 0.539448 1.310137 0.946023
v 0.415549 1.323111 0.874035
v 0.453767 1.312187 0.87172
v 0.492214 1.299361 0.87064
v 0.530549 1.284646 0.870697
v 0.538097 1.281513 0.870844
v 0.617686 1.382759 1.068574
v 0.582711 1.401107 1.068854
v 0.575497 1.404385 1.068885
v 0.575528 1.264788 0.872316
v 0.546715 1.307064 0.946075
v 0.554696 1.350758 1.013257
v 0.538313 1.418768 1.068898
v 0.610918 1.247085 0.875075
v 0.616063 1.27283 0.947785
v 0.62902 1.311901 1.013218
v 0.649155 1.362392 1.068184
v 0.644235 1.228649 0.879309
v 0.647161 1.25443 0.949774
v 0.658248 1.292409 1.013596
v 0.676986 1.340837 1.067837
v -0.472098 1.43495 1.068407
v -0.463327 1.309174 0.871342
v -0.550643 1.352474 1.013262
v -0.514315 1.366155 1.013257
v -0.498649 1.325693 0.946023
v -0.598404 1.253561 0.873922
v -0.66704 1.348958 1.067951
v -0.676986 1.340837 1.067837
v -0.632064 1.235589 0.877545
v -0.644235 1.228649 0.879309
v -0.635855 1.261348 0.948919
v -0.647161 1.25443 0.949774
v -0.56307 1.270578 0.87168
v -0.604268 1.279302 0.947286
v -0.647699 1.299741 1.0134
v -0.658248 1.292409 1.013596
v -0.526284 1.286381 0.870634
v -0.570672 1.296259 0.946384
v -0.617768 1.318737 1.013177
v -0.534498 1.420017 1.068885
v -0.571402 1.406172 1.068899
v -0.606212 1.389245 1.068688
v -0.638233 1.36991 1.068328
v -0.585304 1.336504 1.013198
v -0.535337 1.311834 0.946
v -0.488317 1.300748 0.870697
v -0.474468 1.333607 0.946257
v -0.490292 1.373603 1.013214
v -0.509981 1.427094 1.068753
v -0.424586 1.320687 0.873364
v -0.453168 1.38278 1.013169
v -0.437062 1.344046 0.947052
v 0.975212 0.926502 0.889795
v 0.904235 1.015311 0.897804
v 0.800408 1.117248 0.896896
v 0.679705 1.206908 0.883943
v 0.678897 1.339195 1.067794
v 0.646079 1.227565 0.879549
v 0.649041 1.253221 0.949868
v 0.722145 1.178316 0.889278
v 0.683451 1.230308 0.951721
v 0.66015 1.291008 1.013589
v 0.762342 1.148401 0.893695
v 0.72721 1.198919 0.954257
v 0.695086 1.264696 1.013669
v 0.768973 1.166397 0.956532
v 0.739859 1.229276 1.01418
v 0.714121 1.308625 1.067179
v 0.836578 1.084801 0.8987
v 0.808802 1.13281 0.95826
v 0.782969 1.193198 1.014861
v 0.759609 1.268229 1.066763
v 0.871123 1.050884 0.89901
v 0.846896 1.098084 0.95926
v 0.824456 1.156483 1.015469
v 0.803836 1.227861 1.066624
v 0.883518 1.062033 0.959433
v 0.864514 1.119006 1.015848
v 0.84685 1.187477 1.066616
v 0.915557 1.002376 0.897028
v 0.918854 1.024467 0.958761
v 0.903414 1.080543 1.015916
v 0.888863 1.146892 1.066641
v 0.946106 0.96527 0.89398
v 0.930994 1.010868 0.958333
v 0.941366 1.040882 1.015657
v 0.930176 1.105821 1.066647
v 0.963914 0.972028 0.956684
v 0.954511 1.026619 1.015496
v 0.971034 1.064016 1.066626
v 1.063957 0.964347 1.066738
v 1.102668 0.920905 1.067093
v 1.059518 0.90179 1.013722
v 1.024832 1.007104 1.066621
v 1.02549 0.944497 1.014249
v 1.025757 0.890027 0.952097
v 0.985327 1.049106 1.066617
v 0.990466 0.986137 1.014911
v 0.995531 0.931721 0.954516
v 1.002782 0.886105 0.884772
v 1.028649 0.844235 0.879309
v 1.05443 0.847161 0.949774
v 1.092409 0.858248 1.013596
v 1.140837 0.876986 1.067837
v -0.726502 1.175212 0.889795
v -0.815311 1.104235 0.897804
v -0.917248 1.000408 0.896896
v -1.006908 0.879705 0.883943
v -1.139195 0.878897 1.067794
v -1.140837 0.876986 1.067837
v -1.027565 0.846079 0.879549
v -1.028649 0.844235 0.879309
v -1.053221 0.849041 0.949868
v -1.05443 0.847161 0.949774
v -0.978316 0.922145 0.889278
v -1.030308 0.883451 0.951721
v -1.091008 0.86015 1.013589
v -1.092409 0.858248 1.013596
v -0.948401 0.962342 0.893695
v -0.998919 0.92721 0.954257
v -1.064696 0.895086 1.013669
v -0.966397 0.968974 0.956532
v -1.029276 0.939858 1.01418
v -1.108625 0.914121 1.067179
v -0.8848 1.036578 0.8987
v -0.93281 1.008802 0.95826
v -0.993198 0.982969 1.014861
v -1.068229 0.959609 1.066763
v -0.850884 1.071123 0.89901
v -0.898084 1.046896 0.95926
v -0.956483 1.024456 1.015469
v -1.027861 1.003836 1.066624
v -0.862033 1.083518 0.959433
v -0.919006 1.064514 1.015848
v -0.987477 1.04685 1.066616
v -0.802377 1.115557 0.897028
v -0.824467 1.118854 0.958761
v -0.880543 1.103414 1.015916
v -0.946892 1.088863 1.066641
v -0.76527 1.146106 0.89398
v -0.810868 1.130994 0.958333
v -0.840881 1.141366 1.015657
v -0.905821 1.130176 1.066647
v -0.772028 1.163914 0.956684
v -0.826619 1.154511 1.015496
v -0.864016 1.171034 1.066626
v -0.764347 1.263957 1.066738
v -0.720905 1.302668 1.067093
v -0.701789 1.259518 1.013722
v -0.807104 1.224832 1.066621
v -0.744497 1.22549 1.014249
v -0.690027 1.225757 0.952097
v -0.849106 1.185327 1.066617
v -0.786137 1.190466 1.014911
v -0.731721 1.195531 0.954516
v -0.686105 1.202782 0.884772
v 1.23495 0.672098 1.068407
v 1.109174 0.663327 0.871342
v 1.152474 0.750643 1.013262
v 1.166155 0.714315 1.013257
v 1.125693 0.698649 0.946023
v 1.053561 0.798404 0.873922
v 1.148958 0.86704 1.067951
v 1.035589 0.832064 0.877545
v 1.061348 0.835855 0.948919
v 1.070578 0.76307 0.87168
v 1.079301 0.804268 0.947286
v 1.099741 0.847699 1.0134
v 1.086381 0.726284 0.870634
v 1.096259 0.770672 0.946384
v 1.118737 0.817768 1.013177
v 1.220017 0.734498 1.068885
v 1.206172 0.771402 1.068899
v 1.189245 0.806212 1.068688
v 1.16991 0.838233 1.068328
v 1.136504 0.785304 1.013198
v 1.111834 0.735337 0.946
v 1.100748 0.688317 0.870697
v 1.133607 0.674468 0.946257
v 1.173603 0.690292 1.013214
v 1.227094 0.709981 1.068753
v 1.120687 0.624586 0.873364
v 1.18278 0.653168 1.013169
v 1.144046 0.637062 0.947052
v 1.130201 0.586703 0.876761
v 1.152213 0.600715 0.94855
v 1.189126 0.617315 1.01333
v 1.239183 0.63571 1.068015
v -1.147634 0.761849 1.013246
v -1.130504 0.796858 1.013177
v -1.090502 0.782563 0.946629
v -1.239183 0.63571 1.068015
v -1.189126 0.617315 1.01333
v -1.236258 0.663339 1.068313
v -1.229379 0.700601 1.06868
v -1.152213 0.600715 0.94855
v -1.184522 0.644563 1.01318
v -1.176132 0.681106 1.013196
v -1.164882 0.718059 1.013261
v -1.130201 0.586703 0.876761
v -1.146173 0.628366 0.947333
v -1.136387 0.665223 0.946399
v -1.124373 0.70242 0.946002
v -1.110137 0.739448 0.946023
v -1.123111 0.615549 0.874035
v -1.112187 0.653767 0.87172
v -1.099361 0.692214 0.87064
v -1.084646 0.730549 0.870697
v -1.081513 0.738097 0.870844
v -1.182759 0.817686 1.068574
v -1.201107 0.782711 1.068854
v -1.204385 0.775497 1.068885
v -1.064788 0.775528 0.872316
v -1.107064 0.746715 0.946075
v -1.150758 0.754696 1.013257
v -1.218768 0.738313 1.068898
v -1.047085 0.810918 0.875075
v -1.07283 0.816063 0.947785
v -1.111901 0.82902 1.013218
v -1.162392 0.849155 1.068184
v 1.161249 0.35 0.905839
v 1.156466 0.35 0.889735
v 1.155333 0.399431 0.889077
v 1.191194 0.35 0.98404
v 1.175623 0.35 0.954224
v 1.174604 0.402435 0.953894
v 1.238259 0.35 1.053301
v 1.206765 0.35 1.013857
v 1.20599 0.405848 1.013768
v 1.137969 0.54899 0.880116
v 1.241942 0.590033 1.067363
v 1.244917 0.529319 1.066839
v 1.247042 0.469217 1.066575
v 1.248316 0.409543 1.06646
v 1.248741 0.35 1.066429
v 1.203661 0.461783 1.013538
v 1.199761 0.518043 1.013276
v 1.194265 0.574757 1.013163
v 1.171539 0.454937 0.952947
v 1.166387 0.507715 0.951512
v 1.159086 0.56087 0.949809
v 1.151921 0.448944 0.887149
v 1.146167 0.498757 0.884087
v -1.147371 0.489832 0.884708
v -1.191194 0.35 0.98404
v -1.206765 0.35 1.013857
v -1.206589 0.376635 1.013836
v -1.248741 0.35 1.066429
v -1.248644 0.378395 1.066436
v -1.238259 0.35 1.053301
v -1.156208 0.373574 0.889584
v -1.156466 0.35 0.889735
v -1.161249 0.35 0.905839
v -1.155611 0.392949 0.889237
v -1.175391 0.375008 0.954148
v -1.175623 0.35 0.954224
v -1.152593 0.441357 0.887522
v -1.174854 0.39556 0.953974
v -1.172142 0.446893 0.953127
v -1.20618 0.398525 1.013789
v -1.245359 0.518544 1.066777
v -1.242641 0.577157 1.067224
v -1.195559 0.562742 1.013162
v -1.247292 0.460069 1.06655
v -1.200574 0.507964 1.013318
v -1.16081 0.549613 0.950176
v -1.24842 0.401734 1.066453
v -1.204118 0.453212 1.013579
v -1.167463 0.498262 0.951796
v -1.139909 0.538346 0.881015
v 1.248741 -0.35 1.066429
v 1.238259 -0.35 1.053301
v 1.206765 -0.35 1.013857
v 1.191194 -0.35 0.98404
v 1.175623 -0.35 0.954224
v 1.161249 -0.35 0.905839
v 1.156466 -0.35 0.889735
v -1.248741 -0.35 1.066429
v -1.238259 -0.35 1.053301
v -1.206765 -0.35 1.013857
v -1.191194 -0.35 0.98404
v -1.175623 -0.35 0.954224
v -1.161249 -0.35 0.905839
v -1.156466 -0.35 0.889735
v 1.147371 -0.489832 0.884708
v 1.206589 -0.376635 1.013836
v 1.248644 -0.378395 1.066436
v 1.156208 -0.373574 0.889584
v 1.155611 -0.392949 0.889237
v 1.175391 -0.375008 0.954148
v 1.152593 -0.441357 0.887522
v 1.174854 -0.39556 0.953974
v 1.172142 -0.446893 0.953127
v 1.20618 -0.398525 1.013789
v 1.245359 -0.518544 1.066777
v 1.242641 -0.577157 1.067224
v 1.195559 -0.562742 1.013162
v 1.247292 -0.460069 1.06655
v 1.200574 -0.507964 1.013318
v 1.16081 -0.549613 0.950176
v 1.24842 -0.401734 1.066453
v 1.204118 -0.453212 1.013579
v 1.167463 -0.498262 0.951796
v 1.139909 -0.538346 0.881015
v 1.130201 -0.586703 0.876761
v 1.152213 -0.600715 0.94855
v 1.189126 -0.617315 1.01333
v 1.239183 -0.63571 1.068015
v -1.155333 -0.399431 0.889077
v -1.174604 -0.402435 0.953894
v -1.20599 -0.405848 1.013768
v -1.137969 -0.54899 0.880116
v -1.239183 -0.63571 1.068015
v -1.189126 -0.617315 1.01333
v -1.241942 -0.590033 1.067363
v -1.244917 -0.529319 1.066839
v -1.247042 -0.469217 1.066575
v -1.248316 -0.409543 1.06646
v -1.203661 -0.461783 1.013538
v -1.199761 -0.518043 1.013276
v -1.194265 -0.574757 1.013163
v -1.152213 -0.600715 0.94855
v -1.171539 -0.454937 0.952947
v -1.166387 -0.507715 0.951512
v -1.159086 -0.56087 0.949809
v -1.130201 -0.586703 0.876761
v -1.151921 -0.448944 0.887149
v -1.146167 -0.498757 0.884087
v 1.147634 -0.761849 1.013246
v 1.130504 -0.796858 1.013177
v 1.090502 -0.782563 0.946629
v 1.236258 -0.663339 1.068313
v 1.229379 -0.700601 1.06868
v 1.184522 -0.644563 1.01318
v 1.176132 -0.681106 1.013196
v 1.164882 -0.718059 1.013261
v 1.146173 -0.628366 0.947333
v 1.136387 -0.665223 0.946399
v 1.124373 -0.70242 0.946002
v 1.110137 -0.739448 0.946023
v 1.123111 -0.615549 0.874035
v 1.112187 -0.653767 0.87172
v 1.099361 -0.692214 0.87064
v 1.084646 -0.730549 0.870697
v 1.081513 -0.738097 0.870844
v 1.182759 -0.817686 1.068574
v 1.201107 -0.782711 1.068854
v 1.204385 -0.775497 1.068885
v 1.064788 -0.775528 0.872316
v 1.107064 -0.746715 0.946075
v 1.150758 -0.754696 1.013257
v 1.218768 -0.738313 1.068898
v 1.047085 -0.810918 0.875075
v 1.07283 -0.816063 0.947785
v 1.111901 -0.82902 1.013218
v 1.162392 -0.849155 1.068184
v 1.028649 -0.844235 0.879309
v 1.05443 -0.847161 0.949774
v 1.092409 -0.858248 1.013596
v 1.140837 -0.876986 1.067837
v -1.23495 -0.672098 1.068407
v -1.109174 -0.663327 0.871342
v -1.152474 -0.750643 1.013262
v -1.166155 -0.714315 1.013257
v -1.125693 -0.698649 0.946023
v -1.053561 -0.798404 0.873922
v -1.148958 -0.86704 1.067951
v -1.140837 -0.876986 1.067837
v -1.035589 -0.832064 0.877545
v -1.028649 -0.844235 0.879309
v -1.061348 -0.835855 0.948919
v -1.05443 -0.847161 0.949774
v -1.070578 -0.76307 0.87168
v -1.079301 -0.804268 0.947286
v -1.099741 -0.847699 1.0134
v -1.092409 -0.858248 1.013596
v -1.086381 -0.726284 0.870634
v -1.096259 -0.770672 0.946384
v -1.118737 -0.817768 1.013177
v -1.220017 -0.734498 1.068885
v -1.206172 -0.771402 1.068899
v -1.189245 -0.806212 1.068688
v -1.16991 -0.838233 1.068328
v -1.136504 -0.785304 1.013198
v -1.111834 -0.735337 0.946
v -1.100748 -0.688317 0.870697
v -1.133607 -0.674468 0.946257
v -1.173603 -0.690292 1.013214
v -1.227094 -0.709981 1.068753
v -1.120687 -0.624586 0.873364
v -1.18278 -0.653168 1.013169
v -1.144046 -0.637062 0.947052
v 0.726502 -1.175212 0.889795
v 0.815311 -1.104235 0.897804
v 0.917248 -1.000408 0.896896
v 1.006908 -0.879705 0.883943
v 1.139195 -0.878897 1.067794
v 1.027565 -0.846079 0.879549
v 1.053221 -0.849041 0.949868
v 0.978316 -0.922145 0.889278
v 1.030308 -0.883451 0.951721
v 1.091008 -0.86015 1.013589
v 0.948401 -0.962342 0.893695
v 0.998919 -0.92721 0.954257
v 1.064696 -0.895086 1.013669
v 0.966397 -0.968974 0.956532
v 1.029276 -0.939858 1.01418
v 1.108625 -0.914121 1.067179
v 0.8848 -1.036578 0.8987
v 0.93281 -1.008802 0.95826
v 0.993198 -0.982969 1.014861
v 1.068229 -0.959609 1.066763
v 0.850884 -1.071123 0.89901
v 0.898084 -1.046896 0.95926
v 0.956483 -1.024456 1.015469
v 1.027861 -1.003836 1.066624
v 0.862033 -1.083518 0.959433
v 0.919006 -1.064514 1.015848
v 0.987477 -1.04685 1.066616
v 0.802377 -1.115557 0.897028
v 0.824467 -1.118854 0.958761
v 0.880543 -1.103414 1.015916
v 0.946892 -1.088863 1.066641
v 0.76527 -1.146106 0.89398
v 0.810868 -1.130994 0.958333
v 0.840881 -1.141366 1.015657
v 0.905821 -1.130176 1.066647
v 0.772028 -1.163914 0.956684
v 0.826619 -1.154511 1.015496
v 0.864016 -1.171034 1.066626
v 0.764347 -1.263957 1.066738
v 0.720905 -1.302668 1.067093
v 0.701789 -1.259518 1.013722
v 0.807104 -1.224832 1.066621
v 0.744497 -1.22549 1.014249
v 0.690027 -1.225757 0.952097
v 0.849106 -1.185327 1.066617
v 0.786137 -1.190466 1.014911
v 0.731721 -1.195531 0.954516
v 0.686105 -1.202782 0.884772
v 0.644235 -1.228649 0.879309
v 0.647161 -1.25443 0.949774
v 0.658248 -1.292409 1.013596
v 0.676986 -1.340837 1.067837
v -0.975212 -0.926502 0.889795
v -0.904235 -1.015311 0.897804
v -0.800408 -1.117248 0.896896
v -0.679705 -1.206908 0.883943
v -0.678897 -1.339195 1.067794
v -0.676986 -1.340837 1.067837
v -0.646079 -1.227565 0.879549
v -0.644235 -1.228649 0.879309
v -0.649041 -1.253221 0.949868
v -0.647161 -1.25443 0.949774
v -0.722145 -1.178316 0.889278
v -0.683451 -1.230308 0.951721
v -0.66015 -1.291008 1.013589
v -0.658248 -1.292409 1.013596
v -0.762342 -1.148401 0.893695
v -0.72721 -1.198919 0.954257
v -0.695086 -1.264696 1.013669
v -0.768973 -1.166397 0.956532
v -0.739859 -1.229276 1.01418
v -0.714121 -1.308625 1.067179
v -0.836578 -1.084801 0.8987
v -0.808802 -1.13281 0.95826
v -0.782969 -1.193198 1.014861
v -0.759609 -1.268229 1.066763
v -0.871123 -1.050884 0.89901
v -0.846896 -1.098084 0.95926
v -0.824456 -1.156483 1.015469
v -0.803836 -1.227861 1.066624
v -0.883518 -1.062033 0.959433
v -0.864514 -1.119006 1.015848
v -0.84685 -1.187477 1.066616
v -0.915557 -1.002376 0.897028
v -0.918854 -1.024467 0.958761
v -0.903414 -1.080543 1.015916
v -0.888863 -1.146892 1.066641
v -0.946106 -0.96527 0.89398
v -0.930994 -1.010868 0.958333
v -0.941366 -1.040882 1.015657
v -0.930176 -1.105821 1.066647
v -0.963914 -0.972028 0.956684
v -0.954511 -1.026619 1.015496
v -0.971034 -1.064016 1.066626
v -1.063957 -0.964347 1.066738
v -1.102668 -0.920905 1.067093
v -1.059518 -0.90179 1.013722
v -1.024832 -1.007104 1.066621
v -1.02549 -0.944497 1.014249
v -1.025757 -0.890027 0.952097
v -0.985327 -1.049106 1.066617
v -0.990466 -0.986137 1.014911
v -0.995531 -0.931721 0.954516
v -1.002782 -0.886105 0.884772
v 0.472098 -1.43495 1.068407
v 0.463327 -1.309174 0.871342
v 0.550643 -1.352474 1.013262
v 0.514315 -1.366155 1.013257
v 0.498649 -1.325693 0.946023
v 0.598404 -1.253561 0.873922
v 0.66704 -1.348958 1.067951
v 0.632064 -1.235589 0.877545
v 0.635855 -1.261348 0.948919
v 0.56307 -1.270578 0.87168
v 0.604268 -1.279302 0.947286
v 0.647699 -1.299741 1.0134
v 0.526284 -1.286381 0.870634
v 0.570672 -1.296259 0.946384
v 0.617768 -1.318737 1.013177
v 0.534498 -1.420017 1.068885
v 0.571402 -1.406172 1.068899
v 0.606212 -1.389245 1.068688
v 0.638233 -1.36991 1.068328
v 0.585304 -1.336504 1.013198
v 0.535337 -1.311834 0.946
v 0.488317 -1.300748 0.870697
v 0.474468 -1.333607 0.946257
v 0.490292 -1.373603 1.013214
v 0.509981 -1.427094 1.068753
v 0.424586 -1.320687 0.873364
v 0.453168 -1.38278 1.013169
v 0.437062 -1.344046 0.947052
v 0.386703 -1.330201 0.876761
v 0.400715 -1.352213 0.94855
v 0.417315 -1.389126 1.01333
v 0.43571 -1.439183 1.068015
v -0.561849 -1.347634 1.013246
v -0.596858 -1.330504 1.013177
v -0.582563 -1.290502 0.946629
v -0.43571 -1.439183 1.068015
v -0.417315 -1.389126 1.01333
v -0.463339 -1.436258 1.068313
v -0.500601 -1.429379 1.06868
v -0.400715 -1.352213 0.94855
v -0.444563 -1.384522 1.01318
v -0.481106 -1.376132 1.013196
v -0.518059 -1.364882 1.013261
v -0.386703 -1.330201 0.876761
v -0.428366 -1.346173 0.947333
v -0.465223 -1.336387 0.946399
v -0.50242 -1.324373 0.946002
v -0.539448 -1.310137 0.946023
v -0.415549 -1.323111 0.874035
v -0.453767 -1.312187 0.87172
v -0.492214 -1.299361 0.87064
v -0.530549 -1.284646 0.870697
v -0.538097 -1.281513 0.870844
v -0.617686 -1.382759 1.068574
v -0.582711 -1.401107 1.068854
v -0.575497 -1.404385 1.068885
v -0.575528 -1.264788 0.872316
v -0.546715 -1.307064 0.946075
v -0.554696 -1.350758 1.013257
v -0.538313 -1.418768 1.068898
v -0.610918 -1.247085 0.875075
v -0.616063 -1.27283 0.947785
v -0.62902 -1.311901 1.013218
v -0.649155 -1.362392 1.068184
v 0.15 -1.361249 0.905839
v 0.15 -1.356465 0.889735
v 0.199431 -1.355333 0.889077
v 0.15 -1.391194 0.98404
v 0.15 -1.375623 0.954224
v 0.202435 -1.374604 0.953894
v 0.15 -1.438259 1.053301
v 0.15 -1.406765 1.013857
v 0.205848 -1.40599 1.013768
v 0.34899 -1.337969 0.880116
v 0.390033 -1.441942 1.067363
v 0.329319 -1.444917 1.066839
v 0.269217 -1.447042 1.066575
v 0.209543 -1.448316 1.06646
v 0.15 -1.448741 1.066429
v 0.261783 -1.403661 1.013538
v 0.318043 -1.399761 1.013276
v 0.374757 -1.394265 1.013163
v 0.254937 -1.371539 0.952947
v 0.307715 -1.366387 0.951512
v 0.36087 -1.359086 0.949809
v 0.248944 -1.351921 0.887149
v 0.298757 -1.346167 0.884087
v -0.289832 -1.347371 0.884708
v -0.15 -1.391194 0.98404
v -0.15 -1.406765 1.013857
v -0.176635 -1.406589 1.013836
v -0.15 -1.448741 1.066429
v -0.178395 -1.448644 1.066436
v -0.15 -1.438259 1.053301
v -0.173574 -1.356208 0.889584
v -0.15 -1.356465 0.889735
v -0.15 -1.361249 0.905839
v -0.192949 -1.355611 0.889237
v -0.175008 -1.375391 0.954148
v -0.15 -1.375623 0.954224
v -0.241357 -1.352593 0.887522
v -0.19556 -1.374854 0.953974
v -0.246893 -1.372141 0.953127
v -0.198525 -1.40618 1.013789
v -0.318544 -1.445359 1.066777
v -0.377157 -1.442641 1.067224
v -0.362742 -1.395559 1.013162
v -0.260069 -1.447292 1.06655
v -0.307964 -1.400574 1.013318
v -0.349613 -1.36081 0.950176
v -0.201734 -1.44842 1.066453
v -0.253212 -1.404119 1.013579
v -0.298262 -1.367463 0.951796
v -0.338346 -1.339909 0.881015
v -0.74 -1.14 0.0
v -0.74 -1.165882 0.003407
v -1.378823 1.234889 0.265025
v -1.415 1.219904 0.265025
v -1.446066 1.196066 0.265025
v -1.469904 1.165 0.265025
v -1.484889 1.128823 0.265025
v -1.34 -1.24 0.1
v -1.352941 1.138296 0.0
v -1.39 1.09 0.0
v -1.383301 -1.115 0.0
v -1.388296 -1.102941 0.0
v -1.375355 -1.125355 0.0
v -1.39 -1.09 0.0
v -1.365 -1.133301 0.0
v -1.388296 1.102941 0.0
v -1.383301 1.115 0.0
v -1.375355 1.125355 0.0
v -1.34 -1.14 0.0
v -1.352941 -1.138296 0.0
v -1.365 1.133301 0.0
v -1.49 1.09 0.1
v -1.49 -1.09 0.1
v -1.405083 -1.225145 0.265025
v -1.373378 -1.236239 0.265025
v -1.486239 -1.123378 0.265025
v -1.475145 -1.155083 0.265025
v -1.457275 -1.183523 0.265025
v -1.433524 -1.207275 0.265025
v 0.74 -1.162252 0.002507
v 0.74 -1.183388 0.009903
v 0.74 -1.14 0.0
v 1.484889 1.128823 0.265025
v 1.469904 1.165 0.265025
v 1.446066 1.196066 0.265025
v 1.415 1.219904 0.265025
v 1.378823 1.234889 0.265025
v 1.34 -1.24 0.1
v 1.378823 -1.234889 0.265025
v 1.415 -1.219904 0.265025
v 1.446066 -1.196066 0.265025
v 1.469904 -1.165 0.265025
v 1.484889 -1.128823 0.265025
v 1.49 -1.09 0.1
v 1.49 1.09 0.1
v 1.34 -1.14 0.0
v 1.352941 1.138296 0.0
v 1.365 1.133301 0.0
v 1.375355 1.125355 0.0
v 1.365 -1.133301 0.0
v 1.39 -1.09 0.0
v 1.375355 -1.125355 0.0
v 1.388296 -1.102941 0.0
v 1.383301 -1.115 0.0
v 1.352941 -1.138296 0.0
v 1.39 1.09 0.0
v 1.388296 1.102941 0.0
v 1.383301 1.115 0.0
v 1.378823 -1.234889 0.1
v 1.484889 -1.128823 0.1
v 1.415 -1.219904 0.1
v 1.446066 -1.196066 0.1
v 1.469904 -1.165 0.1
v 1.484889 1.128823 0.1
v 1.378823 1.234889 0.1
v 1.415 1.219904 0.1
v 1.446066 1.196066 0.1
v 1.469904 1.165 0.1
v -1.485616 -1.123296 0.1
v -1.373296 -1.235617 0.1
v -1.378823 -1.234889 0.1
v -1.404682 -1.224178 0.1
v -1.415 -1.219904 0.1
v -1.432758 -1.206277 0.1
v -1.446066 -1.196066 0.1
v -1.456277 -1.182758 0.1
v -1.469904 -1.165 0.1
v -1.474178 -1.154682 0.1
v -1.484889 -1.128823 0.1
v -1.378823 1.234889 0.1
v -1.484889 1.128823 0.1
v -1.469904 1.165 0.1
v -1.446066 1.196066 0.1
v -1.415 1.219904 0.1
v 1.34 -1.201839 0.022482
v 1.34 -1.19 0.013397
v 1.34 -1.183121 0.010548
v 1.34 -1.210711 0.029289
v 1.34 -1.217518 0.038161
v 1.34 -1.226603 0.05
v 1.34 -1.229452 0.056879
v 1.34 -1.237078 0.077803
v 1.34 -1.236593 0.074118
v 1.34 -1.165882 0.003407
v 1.34 -1.162197 0.002922
v 1.377941 -1.231598 0.074118
v 1.375355 -1.221948 0.05
v 1.371242 -1.206598 0.029289
v 1.365882 -1.186593 0.013397
v 1.486593 -1.09 0.074118
v 1.481598 -1.127941 0.074118
v 1.476603 -1.09 0.05
v 1.471948 -1.125355 0.05
v 1.460711 -1.09 0.029289
v 1.456598 -1.121242 0.029289
v 1.44 -1.09 0.013397
v 1.436593 -1.115882 0.013397
v 1.415882 -1.09 0.003407
v 1.413296 -1.10964 0.003407
v 1.466953 -1.163296 0.074118
v 1.458301 -1.158301 0.05
v 1.444538 -1.150355 0.029289
v 1.426603 -1.14 0.013397
v 1.405716 -1.127941 0.003407
v 1.443657 -1.193657 0.074118
v 1.436593 -1.186593 0.05
v 1.425355 -1.175355 0.029289
v 1.410711 -1.160711 0.013397
v 1.393657 -1.143657 0.003407
v 1.413296 -1.216953 0.074118
v 1.408301 -1.208301 0.05
v 1.400355 -1.194539 0.029289
v 1.39 -1.176603 0.013397
v 1.377941 -1.155716 0.003407
v 1.35964 -1.163296 0.003407
v 1.486593 1.09 0.074118
v 1.476603 1.09 0.05
v 1.460711 1.09 0.029289
v 1.44 1.09 0.013397
v 1.415882 1.09 0.003407
v 1.377941 1.231598 0.074118
v 1.375355 1.221948 0.05
v 1.371242 1.206598 0.029289
v 1.365882 1.186593 0.013397
v 1.35964 1.163296 0.003407
v 1.413296 1.216953 0.074118
v 1.408301 1.208301 0.05
v 1.400355 1.194539 0.029289
v 1.39 1.176603 0.013397
v 1.377941 1.155716 0.003407
v 1.443657 1.193657 0.074118
v 1.436593 1.186593 0.05
v 1.425355 1.175355 0.029289
v 1.410711 1.160711 0.013397
v 1.393657 1.143657 0.003407
v 1.466953 1.163296 0.074118
v 1.458301 1.158301 0.05
v 1.444538 1.150355 0.029289
v 1.426603 1.14 0.013397
v 1.405716 1.127941 0.003407
v 1.481598 1.127941 0.074118
v 1.471948 1.125355 0.05
v 1.456598 1.121242 0.029289
v 1.436593 1.115882 0.013397
v 1.413296 1.10964 0.003407
v -1.34 -1.19 0.013397
v -1.34 -1.236593 0.074118
v -1.34 -1.226603 0.05
v -1.34 -1.210711 0.029289
v -1.34 -1.165882 0.003407
v -1.486593 -1.09 0.074118
v -1.481598 -1.127941 0.074118
v -1.466953 -1.163296 0.074118
v -1.443657 -1.193657 0.074118
v -1.377941 -1.231598 0.074118
v -1.375355 -1.221948 0.05
v -1.371242 -1.206598 0.029289
v -1.365882 -1.186593 0.013397
v -1.35964 -1.163296 0.003407
v -1.413296 -1.216953 0.074118
v -1.408301 -1.208301 0.05
v -1.400355 -1.194539 0.029289
v -1.39 -1.176603 0.013397
v -1.377941 -1.155716 0.003407
v -1.436593 -1.186593 0.05
v -1.425355 -1.175355 0.029289
v -1.410711 -1.160711 0.013397
v -1.393657 -1.143657 0.003407
v -1.458301 -1.158301 0.05
v -1.444538 -1.150355 0.029289
v -1.426603 -1.14 0.013397
v -1.405716 -1.127941 0.003407
v -1.471948 -1.125355 0.05
v -1.456598 -1.121242 0.029289
v -1.436593 -1.115882 0.013397
v -1.413296 -1.10964 0.003407
v -1.476603 -1.09 0.05
v -1.460711 -1.09 0.029289
v -1.44 -1.09 0.013397
v -1.415882 -1.09 0.003407
v -1.415882 1.09 0.003407
v -1.44 1.09 0.013397
v -1.460711 1.09 0.029289
v -1.476603 1.09 0.05
v -1.486593 1.09 0.074118
v -1.377941 1.231598 0.074118
v -1.375355 1.221948 0.05
v -1.371242 1.206598 0.029289
v -1.365882 1.186593 0.013397
v -1.481598 1.127941 0.074118
v -1.471948 1.125355 0.05
v -1.456598 1.121242 0.029289
v -1.436593 1.115882 0.013397
v -1.413296 1.10964 0.003407
v -1.466953 1.163296 0.074118
v -1.458301 1.158301 0.05
v -1.444538 1.150355 0.029289
v -1.426603 1.14 0.013397
v -1.405716 1.127941 0.003407
v -1.443657 1.193657 0.074118
v -1.436593 1.186593 0.05
v -1.425355 1.175355 0.029289
v -1.410711 1.160711 0.013397
v -1.393657 1.143657 0.003407
v -1.413296 1.216953 0.074118
v -1.408301 1.208301 0.05
v -1.400355 1.194539 0.029289
v -1.39 1.176603 0.013397
v -1.377941 1.155716 0.003407
v -1.35964 1.163296 0.003407
v 1.178623 1.2625 0.35
newmtl 4
Ka 0.5372549019607843 0.34901960784313724 0.33725490196078434
Kd 0.5372549019607843 0.34901960784313724 0.33725490196078434
Ks 0.3764705882352941 0.24313725490196078 0.23529411764705882
d 0.0
endmtl
v 1.179654 1.264344 0.3
v 1.180088 1.266037 0.35
v 1.18027 1.265956 0.3
v 1.186116 1.280589 0.35
v 1.186612 1.282546 0.3
v 1.186573 1.284064 0.35
v 1.186768 1.284033 0.3
v 1.188671 1.3 0.35
v 1.188647 1.301926 0.3
v 1.188256 1.303154 0.35
v 1.18845 1.303176 0.3
v 1.186116 1.319411 0.35
v 1.185619 1.321176 0.3
v 1.185022 1.322052 0.35
v 1.185201 1.322123 0.3
v 1.178623 1.3375 0.35
v 1.177736 1.338997 0.3
v 1.17708 1.339511 0.35
v 1.177231 1.339624 0.3
v 1.166704 1.353033 0.35
v 1.165527 1.354185 0.3
v 1.16495 1.354379 0.35
v 1.165064 1.354525 0.3
v 1.151171 1.364952 0.35
v 1.149817 1.365715 0.3
v 1.149426 1.365674 0.35
v 1.149496 1.365841 0.3
v 1.133083 1.372444 0.35
v 1.131668 1.372809 0.3
v 1.131531 1.372649 0.35
v 1.131554 1.372822 0.3
v 1.113671 1.375 0.35
v 1.112417 1.374975 0.3
v 1.112439 1.374838 0.35
v 1.09426 1.372444 0.35
v 1.041416 1.279897 0.3
v 1.041227 1.280589 0.35
v 1.041173 1.281606 0.3
v 1.041095 1.281593 0.35
v 1.038676 1.29919 0.3
v 1.038671 1.3 0.35
v 1.038854 1.300675 0.3
v 1.038761 1.300685 0.35
v 1.040998 1.318538 0.3
v 1.041227 1.319411 0.35
v 1.041468 1.319713 0.3
v 1.041368 1.319752 0.35
v 1.048227 1.336634 0.3
v 1.048719 1.3375 0.35
v 1.048846 1.337464 0.3
v 1.048748 1.337537 0.35
v 1.059874 1.352257 0.3
v 1.06047 1.352814 0.35
v 1.060505 1.352757 0.3
v 1.060638 1.353033 0.35
v 1.075152 1.364353 0.3
v 1.075697 1.364588 0.35
v 1.07568 1.364581 0.3
v 1.076171 1.364952 0.35
v 1.093031 1.372104 0.3
v 1.09341 1.372092 0.35
v 1.093372 1.372155 0.3
v 1.112303 1.374987 0.3
v 1.178623 1.1 0.5125
v 1.186116 1.1 0.530589
v 1.060638 1.1 0.496967
v 1.09426 1.1 0.622444
v 1.076171 1.1 0.614952
v 1.178623 1.1 0.5875
v 1.186116 1.1 0.569411
v 1.166704 1.1 0.603033
v 1.151171 1.1 0.614952
v 1.133083 1.1 0.622444
v 1.113671 1.1 0.625
v 1.060638 1.1 0.603033
v 1.048719 1.1 0.5875
v 1.041227 1.1 0.569411
v 1.038671 1.1 0.55
v 1.041227 1.1 0.530589
v 1.048719 1.1 0.5125
v 1.076171 1.1 0.485048
v 1.09426 1.1 0.477556
v 1.113671 1.1 0.475
v 1.133083 1.1 0.477556
v 1.151171 1.1 0.485048
v 1.166704 1.1 0.496967
v 1.188671 1.1 0.55
v 1.041227 1.277119 0.385231
v 1.166704 1.222199 0.43165
v 1.178623 1.25013 0.412186
v 1.178623 1.235114 0.44028
v 1.133083 1.206059 0.420866
v 1.151171 1.212288 0.425029
v 1.09426 1.206059 0.420866
v 1.113671 1.203934 0.419446
v 1.076171 1.212288 0.425029
v 1.060638 1.222199 0.43165
v 1.048719 1.235114 0.44028
v 1.041227 1.250154 0.45033
v 1.041227 1.266842 0.419108
v 1.178623 1.259378 0.381702
v 1.038671 1.296157 0.389018
v 1.041227 1.315195 0.392805
v 1.048719 1.332936 0.396334
v 1.060638 1.348171 0.399364
v 1.076171 1.359861 0.40169
v 1.09426 1.367209 0.403151
v 1.113671 1.369716 0.40365
v 1.133083 1.367209 0.403151
v 1.151171 1.359861 0.40169
v 1.166704 1.348171 0.399364
v 1.178623 1.332936 0.396334
v 1.186116 1.315195 0.392805
v 1.188671 1.296157 0.389018
v 1.186116 1.277119 0.385231
v 1.038671 1.284776 0.426537
v 1.041227 1.30271 0.433965
v 1.048719 1.319421 0.440887
v 1.060638 1.333772 0.446832
v 1.076171 1.344784 0.451393
v 1.09426 1.351706 0.45426
v 1.113671 1.354067 0.455238
v 1.133083 1.351706 0.45426
v 1.151171 1.344784 0.451393
v 1.166704 1.333772 0.446832
v 1.178623 1.319421 0.440887
v 1.186116 1.30271 0.433965
v 1.188671 1.284776 0.426537
v 1.186116 1.266842 0.419108
v 1.038671 1.266294 0.461114
v 1.041227 1.282434 0.471898
v 1.048719 1.297474 0.481948
v 1.060638 1.310389 0.490578
v 1.076171 1.3203 0.497199
v 1.09426 1.326529 0.501362
v 1.113671 1.328654 0.502782
v 1.133083 1.326529 0.501362
v 1.151171 1.3203 0.497199
v 1.166704 1.310389 0.490578
v 1.178623 1.297474 0.481948
v 1.186116 1.282434 0.471898
v 1.188671 1.266294 0.461114
v 1.186116 1.250154 0.45033
v 1.113671 1.188388 0.438388
v 1.09426 1.190195 0.440195
v 1.076171 1.195493 0.445493
v 1.060638 1.203921 0.453921
v 1.048719 1.214905 0.464905
v 1.041227 1.227695 0.477695
v 1.038671 1.241421 0.491421
v 1.041227 1.255147 0.505147
v 1.048719 1.267938 0.517938
v 1.060638 1.278921 0.528921
v 1.076171 1.287349 0.537349
v 1.09426 1.292647 0.542647
v 1.113671 1.294454 0.544454
v 1.133083 1.292647 0.542647
v 1.151171 1.287349 0.537349
v 1.166704 1.278921 0.528921
v 1.178623 1.267938 0.517938
v 1.186116 1.255147 0.505147
v 1.188671 1.241421 0.491421
v 1.186116 1.227695 0.477695
v 1.178623 1.214905 0.464905
v 1.166704 1.203921 0.453921
v 1.151171 1.195493 0.445493
v 1.133083 1.190195 0.440195
v 1.113671 1.169446 0.453934
v 1.09426 1.170866 0.456059
v 1.076171 1.175029 0.462288
v 1.060638 1.18165 0.472199
v 1.048719 1.19028 0.485114
v 1.041227 1.20033 0.500154
v 1.038671 1.211114 0.516294
v 1.041227 1.221898 0.532434
v 1.048719 1.231948 0.547474
v 1.060638 1.240578 0.560389
v 1.076171 1.247199 0.570299
v 1.09426 1.251362 0.576529
v 1.113671 1.252782 0.578654
v 1.133083 1.251362 0.576529
v 1.151171 1.247199 0.570299
v 1.166704 1.240578 0.560389
v 1.178623 1.231948 0.547474
v 1.186116 1.221898 0.532434
v 1.188671 1.211114 0.516294
v 1.186116 1.20033 0.500154
v 1.178623 1.19028 0.485114
v 1.166704 1.18165 0.472199
v 1.151171 1.175029 0.462288
v 1.133083 1.170866 0.456059
v 1.113671 1.147835 0.465485
v 1.09426 1.148813 0.467846
v 1.076171 1.151681 0.474768
v 1.060638 1.156242 0.48578
v 1.048719 1.162186 0.50013
v 1.041227 1.169108 0.516842
v 1.038671 1.176537 0.534776
v 1.041227 1.183965 0.55271
v 1.048719 1.190887 0.569421
v 1.060638 1.196832 0.583772
v 1.076171 1.201393 0.594784
v 1.09426 1.20426 0.601706
v 1.113671 1.205238 0.604067
v 1.133083 1.20426 0.601706
v 1.151171 1.201393 0.594784
v 1.166704 1.196832 0.583772
v 1.178623 1.190887 0.569421
v 1.186116 1.183965 0.55271
v 1.188671 1.176537 0.534776
v 1.186116 1.169108 0.516842
v 1.178623 1.162186 0.50013
v 1.166704 1.156242 0.48578
v 1.151171 1.151681 0.474768
v 1.133083 1.148813 0.467846
v 1.113671 1.124386 0.472598
v 1.09426 1.124885 0.475105
v 1.076171 1.126346 0.482453
v 1.060638 1.128672 0.494143
v 1.048719 1.131702 0.509378
v 1.041227 1.135231 0.527119
v 1.038671 1.139018 0.546157
v 1.041227 1.142805 0.565196
v 1.048719 1.146334 0.582937
v 1.060638 1.149364 0.598171
v 1.076171 1.15169 0.609861
v 1.09426 1.153151 0.617209
v 1.113671 1.15365 0.619716
v 1.133083 1.153151 0.617209
v 1.151171 1.15169 0.609861
v 1.166704 1.149364 0.598171
v 1.178623 1.146334 0.582937
v 1.186116 1.142805 0.565196
v 1.188671 1.139018 0.546157
v 1.186116 1.135231 0.527119
v 1.178623 1.131702 0.509378
v 1.166704 1.128672 0.494143
v 1.151171 1.126346 0.482453
v 1.133083 1.124885 0.475105
v 1.188647 1.251584 0.166596
v 1.040998 1.264054 0.155622
v 1.041416 1.276977 0.267718
v 1.041416 1.268312 0.236484
v 1.038676 1.286362 0.229673
v 1.038676 1.270717 0.197372
v 1.040998 1.287299 0.187404
v 1.048227 1.277639 0.143666
v 1.048227 1.246702 0.114327
v 1.059874 1.256388 0.102069
v 1.075152 1.263886 0.092578
v 1.093031 1.268692 0.086496
v 1.112303 1.270479 0.084234
v 1.131668 1.269129 0.085943
v 1.149817 1.264731 0.09151
v 1.165527 1.257583 0.100556
v 1.177736 1.248167 0.112474
v 1.177736 1.279412 0.142105
v 1.185619 1.266035 0.153879
v 1.179654 1.25376 0.241976
v 1.179654 1.240852 0.215326
v 1.179654 1.261677 0.270509
v 1.038676 1.295957 0.264256
v 1.040998 1.314991 0.260784
v 1.048227 1.332793 0.257537
v 1.059874 1.348163 0.254734
v 1.075152 1.360062 0.252563
v 1.093031 1.367687 0.251172
v 1.112303 1.370524 0.250655
v 1.131668 1.368381 0.251046
v 1.149817 1.361402 0.252319
v 1.165527 1.350059 0.254388
v 1.059874 1.289367 0.133345
v 1.075152 1.298447 0.125354
v 1.093031 1.304266 0.120233
v 1.112303 1.30643 0.118328
v 1.131668 1.304795 0.119767
v 1.149817 1.299469 0.124454
v 1.165527 1.290814 0.132071
v 1.177736 1.335117 0.257113
v 1.185619 1.317586 0.260311
v 1.048227 1.302809 0.17808
v 1.059874 1.316199 0.170031
v 1.075152 1.326565 0.163799
v 1.093031 1.333208 0.159806
v 1.112303 1.33568 0.15832
v 1.131668 1.333812 0.159442
v 1.149817 1.327733 0.163097
v 1.165527 1.317851 0.169038
v 1.177736 1.304834 0.176863
v 1.185619 1.28956 0.186045
v 1.188647 1.273062 0.195963
v 1.186612 1.256452 0.205948
v 1.188647 1.298649 0.263765
v 1.040998 1.304464 0.222842
v 1.048227 1.321395 0.216453
v 1.059874 1.336012 0.210937
v 1.075152 1.347328 0.206666
v 1.093031 1.35458 0.203929
v 1.112303 1.357278 0.202911
v 1.131668 1.35524 0.203681
v 1.149817 1.348603 0.206185
v 1.165527 1.337815 0.210256
v 1.177736 1.323605 0.215618
v 1.185619 1.306932 0.22191
v 1.188647 1.288922 0.228707
v 1.186612 1.27079 0.235549
v 1.186612 1.279583 0.267243
v -1.041227 1.280589 0.35
v -1.041416 1.279897 0.3
v -1.041095 1.281593 0.35
v -1.041173 1.281606 0.3
v -1.038676 1.29919 0.3
v -1.038671 1.3 0.35
v -1.038854 1.300675 0.3
v -1.038761 1.300685 0.35
v -1.041227 1.319411 0.35
v -1.040998 1.318538 0.3
v -1.041368 1.319752 0.35
v -1.041468 1.319713 0.3
v -1.048719 1.3375 0.35
v -1.048227 1.336634 0.3
v -1.048748 1.337537 0.35
v -1.048846 1.337464 0.3
v -1.059874 1.352257 0.3
v -1.06047 1.352814 0.35
v -1.060505 1.352757 0.3
v -1.060638 1.353033 0.35
v -1.075152 1.364353 0.3
v -1.075697 1.364588 0.35
v -1.07568 1.364581 0.3
v -1.076171 1.364952 0.35
v -1.093031 1.372104 0.3
v -1.09341 1.372092 0.35
v -1.093372 1.372155 0.3
v -1.09426 1.372444 0.35
v -1.112303 1.374987 0.3
v -1.112439 1.374838 0.35
v -1.112417 1.374975 0.3
v -1.113671 1.375 0.35
v -1.131554 1.372822 0.3
v -1.131531 1.372649 0.35
v -1.133083 1.372444 0.35
v -1.131668 1.372809 0.3
v -1.149426 1.365674 0.35
v -1.149496 1.365841 0.3
v -1.149817 1.365715 0.3
v -1.151171 1.364952 0.35
v -1.165064 1.354525 0.3
v -1.16495 1.354379 0.35
v -1.166704 1.353033 0.35
v -1.165527 1.354185 0.3
v -1.17708 1.339511 0.35
v -1.177231 1.339624 0.3
v -1.178623 1.3375 0.35
v -1.177736 1.338997 0.3
v -1.185022 1.322052 0.35
v -1.185201 1.322123 0.3
v -1.185619 1.321176 0.3
v -1.186116 1.319411 0.35
v -1.18845 1.303176 0.3
v -1.188256 1.303154 0.35
v -1.188671 1.3 0.35
v -1.188647 1.301926 0.3
v -1.186573 1.284064 0.35
v -1.186768 1.284033 0.3
v -1.186612 1.282546 0.3
v -1.186116 1.280589 0.35
v -1.18027 1.265956 0.3
v -1.180088 1.266037 0.35
v -1.179654 1.264344 0.3
v -1.178623 1.2625 0.35
v -1.09426 1.1 0.477556
v -1.188671 1.1 0.55
v -1.178623 1.1 0.5875
v -1.186116 1.1 0.569411
v -1.186116 1.1 0.530589
v -1.178623 1.1 0.5125
v -1.166704 1.1 0.496967
v -1.151171 1.1 0.485048
v -1.133083 1.1 0.477556
v -1.113671 1.1 0.475
v -1.060638 1.1 0.496967
v -1.076171 1.1 0.485048
v -1.041227 1.1 0.530589
v -1.048719 1.1 0.5125
v -1.038671 1.1 0.55
v -1.041227 1.1 0.569411
v -1.048719 1.1 0.5875
v -1.060638 1.1 0.603033
v -1.076171 1.1 0.614952
v -1.09426 1.1 0.622444
v -1.113671 1.1 0.625
v -1.133083 1.1 0.622444
v -1.166704 1.1 0.603033
v -1.151171 1.1 0.614952
v -1.076171 1.212288 0.425029
v -1.048719 1.235114 0.44028
v -1.041227 1.277119 0.385231
v -1.041227 1.250154 0.45033
v -1.060638 1.222199 0.43165
v -1.09426 1.206059 0.420866
v -1.113671 1.203934 0.419446
v -1.133083 1.206059 0.420866
v -1.151171 1.212288 0.425029
v -1.166704 1.222199 0.43165
v -1.178623 1.235114 0.44028
v -1.178623 1.259378 0.381702
v -1.186116 1.277119 0.385231
v -1.188671 1.296157 0.389018
v -1.186116 1.315195 0.392805
v -1.178623 1.332936 0.396334
v -1.166704 1.348171 0.399364
v -1.151171 1.359861 0.40169
v -1.133083 1.367209 0.403151
v -1.113671 1.369716 0.40365
v -1.09426 1.367209 0.403151
v -1.076171 1.359861 0.40169
v -1.060638 1.348171 0.399364
v -1.048719 1.332936 0.396334
v -1.041227 1.315195 0.392805
v -1.038671 1.296157 0.389018
v -1.178623 1.25013 0.412186
v -1.186116 1.266842 0.419108
v -1.188671 1.284776 0.426537
v -1.186116 1.30271 0.433965
v -1.178623 1.319421 0.440887
v -1.166704 1.333772 0.446832
v -1.151171 1.344784 0.451393
v -1.133083 1.351706 0.45426
v -1.113671 1.354067 0.455238
v -1.09426 1.351706 0.45426
v -1.076171 1.344784 0.451393
v -1.060638 1.333772 0.446832
v -1.048719 1.319421 0.440887
v -1.041227 1.30271 0.433965
v -1.038671 1.284776 0.426537
v -1.041227 1.266842 0.419108
v -1.186116 1.250154 0.45033
v -1.188671 1.266294 0.461114
v -1.186116 1.282434 0.471898
v -1.178623 1.297474 0.481948
v -1.166704 1.310389 0.490578
v -1.151171 1.3203 0.497199
v -1.133083 1.326529 0.501362
v -1.113671 1.328654 0.502782
v -1.09426 1.326529 0.501362
v -1.076171 1.3203 0.497199
v -1.060638 1.310389 0.490578
v -1.048719 1.297474 0.481948
v -1.041227 1.282434 0.471898
v -1.038671 1.266294 0.461114
v -1.113671 1.188388 0.438388
v -1.133083 1.190195 0.440195
v -1.151171 1.195493 0.445493
v -1.166704 1.203921 0.453921
v -1.178623 1.214905 0.464905
v -1.186116 1.227695 0.477695
v -1.188671 1.241421 0.491421
v -1.186116 1.255147 0.505147
v -1.178623 1.267938 0.517938
v -1.166704 1.278921 0.528921
v -1.151171 1.287349 0.537349
v -1.133083 1.292647 0.542647
v -1.113671 1.294454 0.544454
v -1.09426 1.292647 0.542647
v -1.076171 1.287349 0.537349
v -1.060638 1.278921 0.528921
v -1.048719 1.267938 0.517938
v -1.041227 1.255147 0.505147
v -1.038671 1.241421 0.491421
v -1.041227 1.227695 0.477695
v -1.048719 1.214905 0.464905
v -1.060638 1.203921 0.453921
v -1.076171 1.195493 0.445493
v -1.09426 1.190195 0.440195
v -1.113671 1.169446 0.453934
v -1.133083 1.170866 0.456059
v -1.151171 1.175029 0.462288
v -1.166704 1.18165 0.472199
v -1.178623 1.19028 0.485114
v -1.186116 1.20033 0.500154
v -1.188671 1.211114 0.516294
v -1.186116 1.221898 0.532434
v -1.178623 1.231948 0.547474
v -1.166704 1.240578 0.560389
v -1.151171 1.247199 0.570299
v -1.133083 1.251362 0.576529
v -1.113671 1.252782 0.578654
v -1.09426 1.251362 0.576529
v -1.076171 1.247199 0.570299
v -1.060638 1.240578 0.560389
v -1.048719 1.231948 0.547474
v -1.041227 1.221898 0.532434
v -1.038671 1.211114 0.516294
v -1.041227 1.20033 0.500154
v -1.048719 1.19028 0.485114
v -1.060638 1.18165 0.472199
v -1.076171 1.175029 0.462288
v -1.09426 1.170866 0.456059
v -1.113671 1.147835 0.465485
v -1.133083 1.148813 0.467846
v -1.151171 1.151681 0.474768
v -1.166704 1.156242 0.48578
v -1.178623 1.162186 0.50013
v -1.186116 1.169108 0.516842
v -1.188671 1.176537 0.534776
v -1.186116 1.183965 0.55271
v -1.178623 1.190887 0.569421
v -1.166704 1.196832 0.583772
v -1.151171 1.201393 0.594784
v -1.133083 1.20426 0.601706
v -1.113671 1.205238 0.604067
v -1.09426 1.20426 0.601706
v -1.076171 1.201393 0.594784
v -1.060638 1.196832 0.583772
v -1.048719 1.190887 0.569421
v -1.041227 1.183965 0.55271
v -1.038671 1.176537 0.534776
v -1.041227 1.169108 0.516842
v -1.048719 1.162186 0.50013
v -1.060638 1.156242 0.48578
v -1.076171 1.151681 0.474768
v -1.09426 1.148813 0.467846
v -1.113671 1.124386 0.472598
v -1.133083 1.124885 0.475105
v -1.151171 1.126346 0.482453
v -1.166704 1.128672 0.494143
v -1.178623 1.131702 0.509378
v -1.186116 1.135231 0.527119
v -1.188671 1.139018 0.546157
v -1.186116 1.142805 0.565196
v -1.178623 1.146334 0.582937
v -1.166704 1.149364 0.598171
v -1.151171 1.15169 0.609861
v -1.133083 1.153151 0.617209
v -1.113671 1.15365 0.619716
v -1.09426 1.153151 0.617209
v -1.076171 1.15169 0.609861
v -1.060638 1.149364 0.598171
v -1.048719 1.146334 0.582937
v -1.041227 1.142805 0.565196
v -1.038671 1.139018 0.546157
v -1.041227 1.135231 0.527119
v -1.048719 1.131702 0.509378
v -1.060638 1.128672 0.494143
v -1.076171 1.126346 0.482453
v -1.09426 1.124885 0.475105
v -1.038676 1.270723 0.197381
v -1.093031 1.26871 0.086511
v -1.179654 1.253762 0.241981
v -1.179654 1.240857 0.215333
v -1.188647 1.273068 0.195972
v -1.186612 1.256457 0.205956
v -1.188647 1.251593 0.166607
v -1.185619 1.266045 0.15389
v -1.177736 1.279424 0.142118
v -1.165527 1.2576 0.10057
v -1.177736 1.248183 0.112487
v -1.149817 1.264749 0.091524
v -1.131668 1.269147 0.085958
v -1.112303 1.270498 0.084249
v -1.059874 1.256405 0.102083
v -1.075152 1.263904 0.092593
v -1.048227 1.246718 0.11434
v -1.040998 1.264064 0.155633
v -1.048227 1.27765 0.143679
v -1.040998 1.287305 0.187414
v -1.041416 1.268314 0.23649
v -1.038676 1.286365 0.229679
v -1.179654 1.261677 0.270512
v -1.186612 1.279584 0.267246
v -1.188647 1.298649 0.263769
v -1.185619 1.317587 0.260315
v -1.177736 1.335118 0.257117
v -1.165527 1.35006 0.254392
v -1.149817 1.361403 0.252323
v -1.131668 1.368381 0.25105
v -1.112303 1.370525 0.250659
v -1.093031 1.367688 0.251177
v -1.075152 1.360063 0.252568
v -1.059874 1.348164 0.254738
v -1.165527 1.290826 0.132085
v -1.149817 1.299482 0.124468
v -1.131668 1.304807 0.119782
v -1.112303 1.306443 0.118343
v -1.093031 1.304278 0.120247
v -1.075152 1.298459 0.125368
v -1.059874 1.289379 0.133358
v -1.048227 1.332794 0.257541
v -1.185619 1.289567 0.186055
v -1.177736 1.30484 0.176874
v -1.165527 1.317858 0.169049
v -1.149817 1.32774 0.163109
v -1.131668 1.33382 0.159455
v -1.112303 1.335687 0.158332
v -1.093031 1.333216 0.159818
v -1.075152 1.326572 0.163811
v -1.059874 1.316206 0.170042
v -1.048227 1.302815 0.178091
v -1.040998 1.314991 0.260788
v -1.186612 1.270792 0.235555
v -1.188647 1.288924 0.228713
v -1.185619 1.306935 0.221918
v -1.177736 1.323608 0.215626
v -1.165527 1.337818 0.210264
v -1.149817 1.348606 0.206194
v -1.131668 1.355243 0.20369
v -1.112303 1.357281 0.20292
v -1.093031 1.354583 0.203938
v -1.075152 1.347331 0.206675
v -1.059874 1.336015 0.210945
v -1.048227 1.321398 0.21646
v -1.040998 1.304466 0.222849
v -1.038676 1.295958 0.26426
v -1.041416 1.276978 0.267721
v -0.084407 1.5001 0.30042
v -0.084354 1.5001 0.292867
newmtl 5
Ka 1.0 1.0 1.0
Kd 1.0 1.0 1.0
Ks 0.5019607843137255 0.5019607843137255 0.5019607843137255
d 0.0
endmtl
v -0.058024 1.5001 0.300607
v -0.05844 1.5001 0.359301
v -0.049888 1.5001 0.359362
v -0.049419 1.5001 0.293115
v -0.136683 1.5001 0.295239
v -0.135549 1.5001 0.294684
v -0.118316 1.5001 0.291508
v -0.12842 1.5001 0.292402
v -0.136741 1.5001 0.303436
v -0.131145 1.5001 0.300856
v -0.123815 1.5001 0.299307
v -0.119606 1.5001 0.29912
v -0.113517 1.5001 0.299827
v -0.108709 1.5001 0.301582
v -0.104301 1.5001 0.304585
v -0.102637 1.5001 0.306218
v -0.099498 1.5001 0.310617
v -0.097372 1.5001 0.315951
v -0.096332 1.5001 0.322549
v -0.096268 1.5001 0.325163
v -0.097408 1.5001 0.334197
v -0.099659 1.5001 0.339916
v -0.102886 1.5001 0.344505
v -0.103369 1.5001 0.345028
v -0.107718 1.5001 0.348602
v -0.112921 1.5001 0.351028
v -0.118657 1.5001 0.352145
v -0.121473 1.5001 0.352249
v -0.137059 1.5001 0.34821
v -0.136324 1.5001 0.348613
v -0.129622 1.5001 0.351218
v -0.137122 1.5001 0.357151
v -0.130113 1.5001 0.359229
v -0.121444 1.5001 0.359972
v -0.111899 1.5001 0.358886
v -0.104952 1.5001 0.356257
v -0.098512 1.5001 0.351785
v -0.09704 1.5001 0.35039
v -0.092193 1.5001 0.344151
v -0.088994 1.5001 0.336815
v -0.087431 1.5001 0.328177
v -0.087289 1.5001 0.324718
v -0.088503 1.5001 0.313987
v -0.091142 1.5001 0.307042
v -0.095046 1.5001 0.301351
v -0.095621 1.5001 0.300713
v -0.113399 1.5001 0.291833
v -0.106384 1.5001 0.293525
v -0.100259 1.5001 0.296688
v -0.185607 1.5001 0.299702
v -0.185553 1.5001 0.292149
v -0.158529 1.5001 0.299894
v -0.158687 1.5001 0.32218
v -0.182378 1.5001 0.322012
v -0.182432 1.5001 0.329598
v -0.158741 1.5001 0.329766
v -0.158891 1.5001 0.350968
v -0.184462 1.5001 0.350786
v -0.184516 1.5001 0.358407
v -0.150393 1.5001 0.358649
v -0.149923 1.5001 0.292402
v -0.239367 1.5001 0.310331
v -0.236035 1.5001 0.306254
v -0.242078 1.5001 0.301029
v -0.235217 1.5001 0.305504
v -0.235073 1.5001 0.29609
v -0.230913 1.5001 0.302573
v -0.227489 1.5001 0.293206
v -0.225411 1.5001 0.300499
v -0.216289 1.5001 0.291931
v -0.216291 1.5001 0.299484
v -0.198067 1.5001 0.292061
v -0.206673 1.5001 0.299553
v -0.198537 1.5001 0.358307
v -0.207035 1.5001 0.350626
v -0.217436 1.5001 0.358173
v -0.217043 1.5001 0.350555
v -0.227544 1.5001 0.356984
v -0.225863 1.5001 0.349478
v -0.235518 1.5001 0.354007
v -0.231543 1.5001 0.347313
v -0.242419 1.5001 0.349224
v -0.236118 1.5001 0.344188
v -0.244767 1.5001 0.346892
v -0.237987 1.5001 0.342314
v -0.24882 1.5001 0.341079
v -0.240519 1.5001 0.338573
v -0.251217 1.5001 0.334735
v -0.242344 1.5001 0.333704
v -0.252244 1.5001 0.325648
v -0.24325 1.5001 0.325475
v -0.251855 1.5001 0.320106
v -0.243004 1.5001 0.321302
v -0.249951 1.5001 0.312566
v -0.241679 1.5001 0.315237
v -0.24638 1.5001 0.305883
v -0.217043 1.5 0.350555
v -0.207035 1.5 0.350626
v -0.206673 1.5 0.299553
v -0.216291 1.5 0.299484
v -0.236035 1.5 0.306254
v -0.235217 1.5 0.305504
v -0.230913 1.5 0.302573
v -0.225411 1.5 0.300499
v -0.24325 1.5 0.325475
v -0.243004 1.5 0.321302
v -0.241679 1.5 0.315237
v -0.239367 1.5 0.310331
v -0.236118 1.5 0.344188
v -0.237987 1.5 0.342314
v -0.240519 1.5 0.338573
v -0.242344 1.5 0.333704
v -0.225863 1.5 0.349478
v -0.231543 1.5 0.347313
v -0.274385 1.5001 0.317125
v -0.284487 1.5001 0.34459
v -0.28138 1.5001 0.35772
v -0.255678 1.5001 0.291652
v -0.265127 1.5001 0.291585
v -0.271623 1.5001 0.309659
v -0.285075 1.5001 0.346563
v -0.285604 1.5001 0.349222
v -0.290524 1.5001 0.357655
v -0.285807 1.5001 0.349221
v -0.286323 1.5001 0.346414
v -0.286807 1.5001 0.344574
v -0.29662 1.5001 0.316967
v -0.315286 1.5001 0.291229
v -0.305837 1.5001 0.291296
v -0.299209 1.5001 0.309464
v -0.274385 1.5 0.317125
v -0.29662 1.5 0.316967
v -0.286807 1.5 0.344574
v -0.285807 1.5 0.349221
v -0.286323 1.5 0.346414
v -0.285604 1.5 0.349222
v -0.284487 1.5 0.34459
v -0.285075 1.5 0.346563
v -0.084356 1.5001 0.195321
v -0.084303 1.5001 0.187768
v -0.057279 1.5001 0.195513
v -0.057437 1.5001 0.217798
v -0.081128 1.5001 0.21763
v -0.081181 1.5001 0.225217
v -0.05749 1.5001 0.225385
v -0.057641 1.5001 0.246587
v -0.083211 1.5001 0.246405
v -0.083266 1.5001 0.254026
v -0.049143 1.5001 0.254268
v -0.048673 1.5001 0.188021
v -0.121965 1.5001 0.187501
v -0.130262 1.5001 0.187442
v -0.122016 1.5001 0.194817
v -0.130478 1.5001 0.21789
v -0.122178 1.5001 0.217576
v -0.104059 1.5001 0.207781
v -0.106012 1.5001 0.2087
v -0.121796 1.5001 0.194818
v -0.117428 1.5001 0.196068
v -0.120459 1.5001 0.192819
v -0.115072 1.5001 0.194502
v -0.111047 1.5001 0.209831
v -0.122133 1.5001 0.211243
v -0.122101 1.5001 0.206704
v -0.122089 1.5001 0.206154
v -0.121528 1.5001 0.202455
v -0.12029 1.5001 0.199504
v -0.118476 1.5001 0.197077
v -0.121915 1.5001 0.221247
v -0.129855 1.5001 0.2243
v -0.121078 1.5001 0.224208
v -0.12857 1.5001 0.228048
v -0.120115 1.5001 0.225924
v -0.126883 1.5001 0.230721
v -0.11887 1.5001 0.227267
v -0.124674 1.5001 0.232838
v -0.117404 1.5001 0.228227
v -0.121915 1.5001 0.23442
v -0.115484 1.5001 0.228913
v -0.118401 1.5001 0.235494
v -0.112675 1.5001 0.229227
v -0.113502 1.5001 0.235962
v -0.107504 1.5001 0.228701
v -0.10513 1.5001 0.235012
v -0.10231 1.5001 0.226909
v -0.098937 1.5001 0.232673
v -0.097123 1.5001 0.223614
v -0.09718 1.5001 0.231674
v -0.102421 1.5001 0.196173
v -0.096328 1.5001 0.190291
v -0.103121 1.5001 0.195459
v -0.099108 1.5001 0.188321
v -0.104767 1.5001 0.194318
v -0.102281 1.5001 0.187099
v -0.106639 1.5001 0.193616
v -0.107241 1.5001 0.186488
v -0.10944 1.5001 0.19328
v -0.111539 1.5001 0.186935
v -0.112548 1.5001 0.193605
v -0.114909 1.5001 0.188129
v -0.117814 1.5001 0.190028
v -0.100836 1.5001 0.202313
v -0.092364 1.5001 0.201362
v -0.100756 1.5001 0.200996
v -0.092335 1.5001 0.200379
v -0.100953 1.5001 0.19909
v -0.092718 1.5001 0.19661
v -0.101488 1.5001 0.197578
v -0.093702 1.5001 0.193796
v -0.095409 1.5001 0.191235
v -0.108142 1.5001 0.215711
v -0.101842 1.5001 0.214205
v -0.103 1.5001 0.206975
v -0.098299 1.5001 0.212418
v -0.101998 1.5001 0.205753
v -0.095744 1.5001 0.21023
v -0.101259 1.5001 0.20421
v -0.094072 1.5001 0.207864
v -0.092916 1.5001 0.204944
v -0.103 1.5 0.206975
v -0.104059 1.5 0.207781
v -0.106012 1.5 0.2087
v -0.111047 1.5 0.209831
v -0.100756 1.5 0.200996
v -0.100836 1.5 0.202313
v -0.101259 1.5 0.20421
v -0.101998 1.5 0.205753
v -0.103121 1.5 0.195459
v -0.102421 1.5 0.196173
v -0.101488 1.5 0.197578
v -0.100953 1.5 0.19909
v -0.10944 1.5 0.19328
v -0.106639 1.5 0.193616
v -0.104767 1.5 0.194318
v -0.118476 1.5 0.197077
v -0.117428 1.5 0.196068
v -0.115072 1.5 0.194502
v -0.112548 1.5 0.193605
v -0.122101 1.5 0.206704
v -0.122089 1.5 0.206154
v -0.121528 1.5 0.202455
v -0.12029 1.5 0.199504
v -0.122133 1.5 0.211243
v -0.141579 1.5001 0.197591
v -0.144632 1.5001 0.195656
v -0.155196 1.5001 0.192922
v -0.149812 1.5001 0.193614
v -0.141519 1.5001 0.189022
v -0.154335 1.5001 0.186154
v -0.14686 1.5001 0.187045
v -0.160925 1.5001 0.186777
v -0.165521 1.5001 0.188302
v -0.168146 1.5001 0.189815
v -0.170535 1.5001 0.191875
v -0.172097 1.5001 0.194052
v -0.173135 1.5001 0.196675
v -0.173553 1.5001 0.200006
v -0.173232 1.5001 0.2031
v -0.172364 1.5001 0.205552
v -0.170831 1.5001 0.207849
v -0.168865 1.5001 0.209629
v -0.163376 1.5001 0.212732
v -0.160172 1.5001 0.214055
v -0.155053 1.5001 0.216327
v -0.15214 1.5001 0.218177
v -0.151337 1.5001 0.219073
v -0.150748 1.5001 0.220197
v -0.150427 1.5001 0.221488
v -0.15036 1.5001 0.222592
v -0.150519 1.5001 0.223915
v -0.150937 1.5001 0.225032
v -0.151656 1.5001 0.226083
v -0.152916 1.5001 0.227181
v -0.154783 1.5001 0.228157
v -0.157007 1.5001 0.228729
v -0.159465 1.5001 0.228895
v -0.165058 1.5001 0.2282
v -0.169712 1.5001 0.226418
v -0.171464 1.5001 0.225389
v -0.171521 1.5001 0.23345
v -0.165847 1.5001 0.235127
v -0.160325 1.5001 0.23563
v -0.154214 1.5001 0.235008
v -0.149653 1.5001 0.233411
v -0.147191 1.5001 0.231963
v -0.144716 1.5001 0.229769
v -0.143158 1.5001 0.227537
v -0.142151 1.5001 0.224873
v -0.141803 1.5001 0.221908
v -0.142136 1.5001 0.218684
v -0.143034 1.5001 0.216143
v -0.144103 1.5001 0.214406
v -0.15427 1.5001 0.208068
v -0.14934 1.5001 0.21037
v -0.145451 1.5001 0.212977
v -0.159703 1.5001 0.205748
v -0.162927 1.5001 0.203773
v -0.163954 1.5001 0.202689
v -0.164587 1.5001 0.201585
v -0.164955 1.5001 0.200286
v -0.165029 1.5001 0.199253
v -0.164846 1.5001 0.197672
v -0.164416 1.5001 0.196495
v -0.163684 1.5001 0.195429
v -0.162726 1.5001 0.19459
v -0.161966 1.5001 0.194136
v -0.159819 1.5001 0.193368
v -0.155562 1.5001 0.192921
v -0.214931 1.5001 0.234158
v -0.223533 1.5001 0.234097
v -0.201757 1.5001 0.19862
v -0.201106 1.5001 0.196419
v -0.200714 1.5001 0.1948
v -0.200494 1.5001 0.194802
v -0.199505 1.5001 0.198704
v -0.187395 1.5001 0.234354
v -0.178115 1.5001 0.23442
v -0.196341 1.5001 0.187075
v -0.192639 1.5001 0.178498
v -0.190987 1.5001 0.175522
v -0.18943 1.5001 0.173804
v -0.187931 1.5001 0.172777
v -0.186111 1.5001 0.172102
v -0.18409 1.5001 0.171887
v -0.181083 1.5001 0.1723
v -0.179389 1.5001 0.172868
v -0.179337 1.5001 0.165485
v -0.182852 1.5001 0.164848
v -0.184683 1.5001 0.16477
v -0.188039 1.5001 0.165131
v -0.191322 1.5001 0.166355
v -0.194234 1.5001 0.16836
v -0.194804 1.5001 0.168875
v -0.197866 1.5001 0.1725
v -0.201674 1.5001 0.179789
v -0.267822 1.5001 0.19402
v -0.267769 1.5001 0.186467
v -0.240744 1.5001 0.194212
v -0.240902 1.5001 0.216497
v -0.264593 1.5001 0.216329
v -0.264647 1.5001 0.223916
v -0.240956 1.5001 0.224084
v -0.241106 1.5001 0.245285
v -0.266677 1.5001 0.245104
v -0.266731 1.5001 0.252724
v -0.232609 1.5001 0.252966
v -0.232139 1.5001 0.18672
v -0.321582 1.5001 0.204648
v -0.318251 1.5001 0.200572
v -0.324293 1.5001 0.195347
v -0.317432 1.5001 0.199821
v -0.317288 1.5001 0.190408
v -0.313129 1.5001 0.196891
v -0.309704 1.5001 0.187523
v -0.307626 1.5001 0.194816
v -0.298504 1.5001 0.186249
v -0.298507 1.5001 0.193802
v -0.280283 1.5001 0.186378
v -0.288888 1.5001 0.19387
v -0.280753 1.5001 0.252625
v -0.289251 1.5001 0.244944
v -0.299651 1.5001 0.252491
v -0.299259 1.5001 0.244873
v -0.309759 1.5001 0.251302
v -0.308079 1.5001 0.243796
v -0.317734 1.5001 0.248325
v -0.313758 1.5001 0.241631
v -0.324635 1.5001 0.243541
v -0.318333 1.5001 0.238506
v -0.326982 1.5001 0.241209
v -0.320202 1.5001 0.236632
v -0.331035 1.5001 0.235396
v -0.322735 1.5001 0.232891
v -0.333433 1.5001 0.229053
v -0.324559 1.5001 0.228022
v -0.33446 1.5001 0.219966
v -0.325466 1.5001 0.219792
v -0.33407 1.5001 0.214424
v -0.325219 1.5001 0.21562
v -0.332167 1.5001 0.206884
v -0.323894 1.5001 0.209555
v -0.328596 1.5001 0.200201
v -0.299259 1.5 0.244873
v -0.289251 1.5 0.244944
v -0.288888 1.5 0.19387
v -0.298507 1.5 0.193802
v -0.318251 1.5 0.200572
v -0.317432 1.5 0.199821
v -0.313129 1.5 0.196891
v -0.307626 1.5 0.194816
v -0.325466 1.5 0.219792
v -0.325219 1.5 0.21562
v -0.323894 1.5 0.209555
v -0.321582 1.5 0.204648
v -0.318333 1.5 0.238506
v -0.320202 1.5 0.236632
v -0.322735 1.5 0.232891
v -0.324559 1.5 0.228022
v -0.308079 1.5 0.243796
v -0.313758 1.5 0.241631
v -0.356601 1.5001 0.211443
v -0.366703 1.5001 0.238908
v -0.363595 1.5001 0.252037
v -0.337893 1.5001 0.18597
v -0.347343 1.5001 0.185903
v -0.353838 1.5001 0.203977
v -0.36729 1.5001 0.240881
v -0.36782 1.5001 0.24354
v -0.37274 1.5001 0.251973
v -0.368023 1.5001 0.243539
v -0.368538 1.5001 0.240732
v -0.369023 1.5001 0.238891
v -0.378836 1.5001 0.211285
v -0.397502 1.5001 0.185547
v -0.388053 1.5001 0.185614
v -0.381424 1.5001 0.203781
v -0.356601 1.5 0.211443
v -0.378836 1.5 0.211285
v -0.369023 1.5 0.238891
v -0.368023 1.5 0.243539
v -0.368538 1.5 0.240732
v -0.36782 1.5 0.24354
v -0.366703 1.5 0.238908
v -0.36729 1.5 0.240881
v 0.243959 1.5001 0.180692
v 0.237012 1.5001 0.171999
v 0.247922 1.5001 0.222396
v 0.090442 1.5001 0.244359
v 0.104866 1.5001 0.269426
v 0.168215 1.5001 0.236904
v 0.20019 1.5001 0.223044
v 0.195827 1.5001 0.221448
v 0.255547 1.5001 0.30429
v 0.245014 1.5001 0.309794
v 0.247283 1.5001 0.338799
v 0.217884 1.5001 0.339941
v 0.203527 1.5001 0.305454
v 0.196224 1.5001 0.320305
v 0.258147 1.5001 0.228796
v 0.254559 1.5001 0.192666
v 0.248617 1.5001 0.190842
v 0.228711 1.5001 0.34096
v 0.192056 1.5001 0.218863
v 0.189046 1.5001 0.215455
v 0.15663 1.5001 0.209973
v 0.208719 1.5001 0.22294
v 0.214692 1.5001 0.25186
v 0.212844 1.5001 0.221346
v 0.225124 1.5001 0.247952
v 0.216545 1.5001 0.218753
v 0.2348 1.5001 0.241327
v 0.218421 1.5001 0.216798
v 0.242649 1.5001 0.232478
v 0.220883 1.5001 0.212919
v 0.222302 1.5001 0.208496
v 0.222569 1.5001 0.203907
v 0.186357 1.5001 0.249888
v 0.197708 1.5001 0.252789
v 0.203427 1.5001 0.253168
v 0.074568 1.5001 0.290879
v 0.0708 1.5001 0.290852
v 0.051308 1.5001 0.31615
v 0.061841 1.5001 0.289682
v 0.049006 1.5001 0.315358
v 0.053644 1.5001 0.286455
v 0.035039 1.5001 0.308303
v 0.022339 1.5001 0.297408
v 0.208149 1.5001 0.351118
v 0.185569 1.5001 0.33285
v 0.197013 1.5001 0.360518
v 0.172882 1.5001 0.341983
v 0.184691 1.5001 0.367958
v 0.233368 1.5001 0.312473
v 0.22844 1.5001 0.312696
v 0.223296 1.5001 0.340627
v 0.217376 1.5001 0.311242
v 0.206844 1.5001 0.307299
v 0.187027 1.5001 0.211573
v 0.185983 1.5001 0.207198
v 0.156663 1.5001 0.205263
v 0.186006 1.5001 0.202888
v 0.156956 1.5001 0.200338
v 0.02286 1.5001 0.209495
v 0.044673 1.5001 0.228358
v 0.035751 1.5001 0.198739
v 0.051674 1.5001 0.222716
v 0.050172 1.5001 0.191807
v 0.06001 1.5001 0.21892
v 0.065872 1.5001 0.188603
v 0.068495 1.5001 0.217355
v 0.093662 1.5001 0.188801
v 0.08969 1.5001 0.217505
v 0.096312 1.5001 0.189247
v 0.204108 1.5001 0.223498
v 0.1764 1.5001 0.244462
v 0.046376 1.5001 0.2813
v 0.041008 1.5001 0.275222
v 0.01282 1.5001 0.283941
v 0.03668 1.5001 0.267068
v 0.007163 1.5001 0.269515
v 0.034525 1.5001 0.258008
v 0.005116 1.5001 0.254117
v 0.034321 1.5001 0.253853
v 0.007395 1.5001 0.237326
v 0.035519 1.5001 0.244683
v 0.013417 1.5001 0.222456
v 0.038827 1.5001 0.236312
v 0.044063 1.5001 0.229004
v 0.076478 1.5001 0.35354
v 0.095072 1.5001 0.332031
v 0.060944 1.5001 0.335281
v 0.084533 1.5001 0.319268
v 0.077367 1.5001 0.304043
v 0.274388 1.5001 0.277329
v 0.30539 1.5001 0.269715
v 0.275875 1.5001 0.265929
v 0.305555 1.5001 0.265197
v 0.27536 1.5001 0.258641
v 0.303407 1.5001 0.24673
v 0.272058 1.5001 0.247093
v 0.296782 1.5001 0.229147
v 0.266529 1.5001 0.237533
v 0.286137 1.5001 0.213717
v 0.271523 1.5001 0.201077
v 0.221728 1.5001 0.199484
v 0.219892 1.5001 0.195511
v 0.162861 1.5001 0.375979
v 0.157451 1.5001 0.348111
v 0.140362 1.5001 0.378487
v 0.140091 1.5001 0.350223
v 0.119346 1.5001 0.375941
v 0.124126 1.5001 0.348144
v 0.095918 1.5001 0.367045
v 0.109396 1.5001 0.342378
v 0.096229 1.5001 0.333099
v 0.264779 1.5001 0.332148
v 0.279836 1.5001 0.321723
v 0.263679 1.5001 0.297138
v 0.283037 1.5001 0.318735
v 0.270276 1.5001 0.287804
v 0.294465 1.5001 0.304298
v 0.302102 1.5001 0.287394
v 0.1598 1.5001 0.188732
v 0.187163 1.5001 0.198376
v 0.165452 1.5001 0.178277
v 0.189382 1.5001 0.194346
v 0.172719 1.5001 0.170248
v 0.191959 1.5001 0.191476
v 0.182146 1.5001 0.163784
v 0.195555 1.5001 0.188935
v 0.192679 1.5001 0.159821
v 0.199647 1.5001 0.187334
v 0.204098 1.5001 0.158496
v 0.204369 1.5001 0.18676
v 0.205901 1.5001 0.158542
v 0.205171 1.5001 0.186783
v 0.21701 1.5001 0.160352
v 0.209395 1.5001 0.187502
v 0.227846 1.5001 0.164992
v 0.213639 1.5001 0.189361
v 0.217225 1.5001 0.19215
v 0.092055 1.5001 0.21796
v 0.103545 1.5001 0.193811
v 0.102458 1.5001 0.192689
v 0.090644 1.5001 0.217637
v 0.099419 1.5001 0.190496
v 0.107217 1.5001 0.203499
v 0.106795 1.5001 0.199987
v 0.105577 1.5001 0.196784
v 0.096166 1.5001 0.217554
v 0.099407 1.5001 0.2163
v 0.107085 1.5001 0.205357
v 0.102318 1.5001 0.214268
v 0.104279 1.5001 0.212136
v 0.106113 1.5001 0.208935
v 0.092513 1.5001 0.217996
v 0.204108 1.5 0.223498
v 0.20019 1.5 0.223044
v 0.195827 1.5 0.221448
v 0.192056 1.5 0.218863
v 0.189046 1.5 0.215455
v 0.187027 1.5 0.211573
v 0.185983 1.5 0.207198
v 0.186006 1.5 0.202888
v 0.187163 1.5 0.198376
v 0.189382 1.5 0.194346
v 0.191959 1.5 0.191476
v 0.195555 1.5 0.188935
v 0.199647 1.5 0.187334
v 0.204369 1.5 0.18676
v 0.205171 1.5 0.186783
v 0.209395 1.5 0.187502
v 0.213639 1.5 0.189361
v 0.217225 1.5 0.19215
v 0.219892 1.5 0.195511
v 0.221728 1.5 0.199484
v 0.222569 1.5 0.203907
v 0.222302 1.5 0.208496
v 0.220883 1.5 0.212919
v 0.218421 1.5 0.216798
v 0.216545 1.5 0.218753
v 0.212844 1.5 0.221346
v 0.208719 1.5 0.22294
usemtl 1
f 1// 2// 3//
f 4// 5// 6//
f 7// 8// 9//
f 10// 11// 12//
f 13// 14// 15//
f 16// 17// 18//
f 19// 20// 21//
f 22// 23// 24//
f 25// 26// 27//
f 28// 29// 30//
f 31// 32// 33//
f 34// 35// 36//
f 37// 38// 39//
f 39// 38// 40//
f 39// 40// 41//
f 42// 43// 39//
f 39// 43// 44//
f 39// 44// 37//
f 45// 46// 47//
f 47// 48// 45//
f 45// 48// 49//
f 45// 49// 50//
f 46// 45// 35//
f 35// 45// 51//
f 35// 51// 52//
f 52// 53// 35//
f 35// 53// 54//
f 35// 54// 36//
f 36// 54// 55//
f 36// 55// 56//
f 56// 57// 36//
f 36// 57// 58//
f 36// 58// 59//
f 60// 61// 36//
f 36// 61// 62//
f 36// 62// 34//
f 60// 63// 61//
f 61// 63// 64//
f 61// 64// 65//
f 65// 64// 66//
f 65// 66// 67//
f 68// 69// 60//
f 60// 69// 70//
f 60// 70// 63//
f 71// 72// 73//
f 73// 74// 71//
f 71// 74// 75//
f 71// 75// 60//
f 60// 75// 76//
f 60// 76// 68//
f 77// 78// 79//
f 79// 78// 80//
f 79// 80// 72//
f 72// 80// 81//
f 72// 81// 73//
f 82// 83// 84//
f 85// 86// 87//
f 82// 84// 88//
f 86// 89// 87//
f 87// 89// 90//
f 87// 90// 77//
f 77// 90// 91//
f 77// 91// 78//
f 83// 92// 84//
f 84// 92// 93//
f 84// 93// 94//
f 95// 96// 97//
f 97// 96// 98//
f 97// 98// 99//
f 99// 98// 100//
f 99// 100// 101//
f 102// 87// 103//
f 103// 87// 104//
f 99// 105// 106//
f 102// 107// 87//
f 87// 107// 108//
f 87// 108// 85//
f 109// 110// 84//
f 84// 110// 111//
f 84// 111// 112//
f 101// 113// 99//
f 99// 113// 114//
f 99// 114// 115//
f 116// 117// 118//
f 118// 117// 119//
f 118// 119// 84//
f 84// 119// 120//
f 84// 120// 88//
f 106// 121// 99//
f 99// 121// 122//
f 99// 122// 123//
f 115// 124// 99//
f 99// 124// 125//
f 99// 125// 105//
f 125// 126// 105//
f 105// 126// 127//
f 105// 127// 128//
f 128// 129// 105//
f 105// 129// 130//
f 105// 130// 131//
f 131// 130// 116//
f 131// 116// 132//
f 132// 116// 118//
f 123// 133// 99//
f 99// 133// 134//
f 99// 134// 87//
f 87// 134// 135//
f 87// 135// 104//
f 94// 136// 84//
f 84// 136// 137//
f 84// 137// 138//
f 138// 139// 84//
f 84// 139// 140//
f 84// 140// 109//
f 111// 141// 112//
f 112// 141// 142//
f 112// 142// 143//
f 143// 142// 144//
f 145// 33// 146//
f 146// 33// 147//
f 146// 147// 148//
f 148// 147// 149//
f 144// 150// 143//
f 143// 150// 151//
f 143// 151// 147//
f 147// 151// 152//
f 147// 152// 149//
f 31// 153// 32//
f 32// 153// 154//
f 32// 154// 155//
f 156// 157// 158//
f 158// 157// 159//
f 158// 159// 145//
f 145// 159// 160//
f 145// 160// 33//
f 33// 160// 161//
f 33// 161// 31//
f 162// 163// 158//
f 158// 163// 164//
f 158// 164// 156//
f 162// 165// 163//
f 163// 165// 166//
f 163// 166// 167//
f 168// 169// 170//
f 170// 149// 168//
f 168// 149// 152//
f 168// 152// 171//
f 171// 152// 172//
f 172// 173// 171//
f 171// 173// 174//
f 171// 174// 175//
f 176// 177// 178//
f 177// 179// 178//
f 178// 179// 180//
f 178// 180// 181//
f 182// 178// 183//
f 169// 168// 182//
f 182// 168// 184//
f 182// 184// 178//
f 178// 184// 185//
f 178// 185// 176//
f 183// 186// 182//
f 182// 186// 187//
f 182// 187// 188//
f 181// 180// 189//
f 189// 180// 190//
f 189// 190// 191//
f 191// 190// 192//
f 191// 192// 193//
f 194// 195// 188//
f 188// 195// 196//
f 188// 196// 182//
f 197// 198// 95//
f 95// 198// 199//
f 95// 199// 96//
f 41// 200// 39//
f 39// 200// 201//
f 39// 201// 202//
f 202// 201// 203//
f 202// 203// 28//
f 204// 205// 206//
f 206// 205// 207//
f 208// 209// 210//
f 208// 211// 212//
f 212// 211// 213//
f 210// 214// 208//
f 208// 214// 215//
f 208// 215// 211//
f 204// 216// 205//
f 205// 216// 217//
f 205// 217// 218//
f 218// 219// 205//
f 205// 219// 220//
f 205// 220// 208//
f 208// 220// 221//
f 208// 221// 209//
f 27// 26// 222//
f 26// 223// 222//
f 222// 223// 224//
f 222// 224// 225//
f 225// 224// 207//
f 226// 227// 228//
f 213// 25// 212//
f 212// 25// 27//
f 212// 27// 229//
f 229// 27// 230//
f 228// 227// 231//
f 228// 232// 226//
f 226// 232// 233//
f 226// 233// 234//
f 229// 235// 236//
f 236// 235// 237//
f 236// 237// 238//
f 230// 27// 239//
f 239// 27// 222//
f 239// 222// 240//
f 241// 242// 240//
f 240// 242// 243//
f 240// 243// 239//
f 244// 245// 246//
f 236// 231// 229//
f 229// 231// 227//
f 229// 227// 212//
f 212// 227// 247//
f 212// 247// 248//
f 248// 247// 249//
f 248// 249// 250//
f 250// 249// 251//
f 252// 253// 245//
f 245// 253// 254//
f 245// 254// 246//
f 255// 256// 257//
f 257// 256// 258//
f 257// 258// 251//
f 258// 259// 251//
f 251// 259// 260//
f 251// 260// 250//
f 250// 260// 261//
f 262// 263// 264//
f 265// 266// 267//
f 268// 269// 270//
f 271// 272// 263//
f 263// 272// 273//
f 263// 273// 264//
f 264// 273// 274//
f 264// 274// 275//
f 268// 270// 263//
f 263// 270// 276//
f 263// 276// 271//
f 267// 266// 277//
f 278// 279// 280//
f 281// 282// 283//
f 284// 285// 286//
f 275// 287// 264//
f 264// 287// 288//
f 264// 288// 286//
f 286// 288// 289//
f 286// 289// 284//
f 285// 290// 286//
f 286// 290// 291//
f 286// 291// 292//
f 291// 293// 292//
f 292// 293// 294//
f 292// 294// 280//
f 282// 295// 283//
f 283// 295// 296//
f 283// 296// 297//
f 297// 298// 283//
f 283// 298// 299//
f 283// 299// 266//
f 266// 299// 300//
f 266// 300// 277//
f 301// 302// 303//
f 303// 302// 304//
f 303// 304// 305//
f 303// 306// 301//
f 301// 306// 307//
f 301// 307// 308//
f 308// 309// 301//
f 301// 309// 310//
f 301// 310// 311//
f 311// 310// 312//
f 311// 312// 313//
f 313// 312// 314//
f 313// 314// 280//
f 280// 314// 315//
f 280// 315// 278//
f 316// 317// 305//
f 305// 317// 318//
f 305// 318// 303//
f 319// 320// 269//
f 269// 320// 321//
f 269// 321// 270//
f 319// 322// 320//
f 320// 322// 323//
f 320// 323// 324//
f 324// 323// 325//
f 324// 326// 327//
f 325// 328// 324//
f 324// 328// 329//
f 324// 329// 330//
f 330// 331// 324//
f 324// 331// 332//
f 324// 332// 326//
f 327// 333// 324//
f 324// 333// 334//
f 324// 334// 335//
f 336// 337// 22//
f 22// 337// 338//
f 339// 340// 341//
f 342// 343// 344//
f 344// 343// 345//
f 344// 345// 346//
f 345// 347// 346//
f 346// 347// 348//
f 346// 348// 349//
f 350// 348// 351//
f 351// 348// 347//
f 351// 347// 352//
f 352// 347// 345//
f 352// 345// 353//
f 353// 345// 354//
f 353// 354// 23//
f 355// 356// 357//
f 358// 359// 360//
f 360// 359// 357//
f 360// 357// 361//
f 361// 357// 356//
f 361// 356// 362//
f 363// 364// 365//
f 365// 364// 366//
f 357// 367// 355//
f 355// 367// 368//
f 355// 368// 369//
f 370// 371// 372//
f 363// 365// 362//
f 362// 365// 373//
f 362// 373// 361//
f 361// 373// 374//
f 361// 374// 372//
f 372// 374// 375//
f 372// 375// 370//
f 376// 377// 358//
f 358// 377// 378//
f 358// 378// 359//
f 20// 379// 21//
f 21// 379// 380//
f 21// 380// 381//
f 381// 380// 382//
f 381// 382// 383//
f 19// 384// 385//
f 385// 384// 42//
f 385// 42// 386//
f 386// 42// 39//
f 386// 39// 383//
f 383// 39// 202//
f 383// 202// 381//
f 17// 16// 376//
f 376// 16// 387//
f 376// 387// 388//
f 389// 390// 391//
f 389// 392// 393//
f 389// 394// 395//
f 391// 396// 389//
f 389// 396// 397//
f 389// 397// 398//
f 398// 397// 399//
f 398// 399// 388//
f 388// 399// 371//
f 388// 371// 376//
f 376// 371// 370//
f 376// 370// 377//
f 400// 401// 402//
f 402// 401// 403//
f 402// 403// 404//
f 393// 405// 389//
f 389// 405// 406//
f 389// 406// 394//
f 395// 407// 389//
f 389// 407// 408//
f 389// 408// 409//
f 392// 389// 402//
f 402// 389// 410//
f 402// 410// 400//
f 409// 411// 389//
f 389// 411// 412//
f 389// 412// 390//
f 413// 414// 18//
f 15// 415// 416//
f 416// 417// 15//
f 15// 417// 418//
f 15// 418// 13//
f 12// 11// 381//
f 21// 419// 15//
f 15// 419// 420//
f 15// 420// 415//
f 11// 421// 381//
f 381// 421// 422//
f 381// 422// 21//
f 21// 422// 423//
f 21// 423// 419//
f 424// 425// 12//
f 12// 425// 426//
f 426// 427// 12//
f 12// 427// 428//
f 12// 428// 10//
f 8// 429// 430//
f 430// 429// 431//
f 430// 431// 432//
f 399// 433// 371//
f 371// 433// 434//
f 371// 434// 9//
f 9// 434// 435//
f 9// 435// 7//
f 436// 437// 438//
f 438// 437// 99//
f 99// 437// 439//
f 99// 439// 97//
f 436// 440// 441//
f 441// 440// 442//
f 443// 444// 445//
f 445// 444// 436//
f 445// 436// 446//
f 446// 436// 441//
f 446// 441// 447//
f 447// 441// 448//
f 449// 450// 451//
f 451// 450// 442//
f 449// 452// 453//
f 453// 452// 30//
f 453// 30// 454//
f 439// 455// 97//
f 97// 455// 454//
f 97// 454// 95//
f 95// 454// 30//
f 95// 30// 197//
f 197// 30// 29//
f 246// 256// 244//
f 244// 256// 255//
f 244// 255// 456//
f 456// 255// 457//
f 279// 458// 280//
f 280// 458// 281//
f 280// 281// 292//
f 292// 281// 283//
f 292// 283// 459//
f 459// 283// 460//
f 261// 461// 250//
f 250// 461// 462//
f 250// 462// 463//
f 255// 292// 457//
f 457// 292// 459//
f 457// 459// 6//
f 6// 459// 464//
f 463// 465// 250//
f 250// 465// 466//
f 250// 466// 283//
f 283// 466// 467//
f 283// 467// 460//
f 468// 469// 470//
f 470// 469// 471//
f 470// 471// 464//
f 464// 471// 472//
f 464// 472// 6//
f 6// 472// 473//
f 6// 473// 4//
f 474// 475// 476//
f 476// 475// 477//
f 1// 3// 478//
f 478// 3// 479//
f 478// 479// 480//
f 481// 482// 208//
f 208// 482// 205//
f 205// 482// 483//
f 205// 483// 475//
f 475// 483// 484//
f 475// 484// 477//
f 477// 484// 485//
f 477// 485// 486//
f 487// 488// 486//
f 486// 488// 481//
f 486// 481// 477//
f 477// 481// 208//
f 207// 205// 225//
f 225// 205// 475//
f 225// 475// 489//
f 489// 475// 474//
f 489// 474// 490//
f 23// 354// 24//
f 24// 354// 491//
f 24// 491// 492//
f 492// 491// 493//
f 492// 493// 494//
f 22// 24// 336//
f 336// 24// 492//
f 336// 492// 495//
f 495// 492// 494//
f 495// 494// 496//
f 2// 497// 3//
f 3// 497// 498//
f 3// 498// 499//
f 499// 498// 500//
f 500// 501// 499//
f 499// 501// 502//
f 499// 502// 503//
f 502// 504// 503//
f 503// 504// 505//
f 503// 505// 506//
f 507// 508// 339//
f 509// 510// 511//
f 511// 510// 512//
f 360// 513// 511//
f 511// 513// 514//
f 511// 514// 515//
f 508// 516// 339//
f 339// 516// 517//
f 339// 517// 518//
f 518// 519// 339//
f 339// 519// 520//
f 339// 520// 361//
f 361// 520// 521//
f 361// 521// 360//
f 360// 521// 522//
f 360// 522// 513//
f 515// 523// 511//
f 511// 523// 524//
f 511// 524// 509//
f 338// 337// 341//
f 341// 337// 511//
f 341// 511// 339//
f 339// 511// 512//
f 339// 512// 507//
f 505// 525// 506//
f 506// 525// 526//
f 506// 526// 527//
f 526// 528// 527//
f 527// 528// 529//
f 527// 529// 530//
f 530// 529// 531//
f 530// 531// 532//
f 8// 430// 9//
f 9// 430// 533//
f 9// 533// 371//
f 371// 533// 534//
f 371// 534// 372//
f 372// 534// 535//
f 372// 535// 361//
f 361// 535// 343//
f 361// 343// 339//
f 339// 343// 342//
f 339// 342// 340//
f 18// 17// 413//
f 413// 17// 376//
f 413// 376// 532//
f 532// 376// 358//
f 532// 358// 530//
f 530// 358// 360//
f 530// 360// 527//
f 527// 360// 511//
f 527// 511// 506//
f 506// 511// 337//
f 506// 337// 503//
f 503// 337// 336//
f 503// 336// 499//
f 499// 336// 495//
f 499// 495// 3//
f 3// 495// 496//
f 3// 496// 479//
f 536// 537// 538//
f 539// 540// 541//
f 541// 540// 265//
f 542// 543// 264//
f 264// 543// 544//
f 264// 544// 545//
f 546// 547// 540//
f 540// 547// 548//
f 537// 549// 538//
f 538// 549// 550//
f 538// 550// 551//
f 551// 550// 552//
f 553// 554// 552//
f 552// 554// 555//
f 552// 555// 551//
f 556// 557// 558//
f 558// 557// 559//
f 558// 559// 264//
f 264// 559// 560//
f 264// 560// 542//
f 545// 561// 264//
f 264// 561// 562//
f 264// 562// 563//
f 564// 565// 540//
f 540// 565// 566//
f 540// 566// 546//
f 267// 262// 265//
f 265// 262// 264//
f 265// 264// 541//
f 541// 264// 563//
f 558// 567// 568//
f 539// 569// 570//
f 571// 572// 540//
f 540// 572// 573//
f 540// 573// 564//
f 556// 558// 538//
f 538// 558// 568//
f 538// 568// 536//
f 574// 575// 552//
f 552// 575// 576//
f 552// 576// 577//
f 570// 578// 539//
f 539// 578// 579//
f 539// 579// 540//
f 540// 579// 580//
f 540// 580// 571//
f 577// 581// 552//
f 552// 581// 582//
f 552// 582// 553//
f 436// 438// 440//
f 440// 438// 540//
f 440// 540// 558//
f 558// 540// 548//
f 558// 548// 567//
f 442// 440// 451//
f 451// 440// 558//
f 451// 558// 583//
f 583// 558// 264//
f 583// 264// 584//
f 584// 264// 286//
f 584// 286// 585//
f 585// 286// 292//
f 585// 292// 586//
f 586// 292// 255//
f 586// 255// 241//
f 241// 255// 257//
f 241// 257// 242//
f 449// 451// 452//
f 452// 451// 583//
f 452// 583// 432//
f 432// 583// 584//
f 432// 584// 430//
f 430// 584// 585//
f 430// 585// 533//
f 533// 585// 586//
f 533// 586// 534//
f 534// 586// 241//
f 534// 241// 535//
f 535// 241// 240//
f 535// 240// 343//
f 343// 240// 222//
f 343// 222// 345//
f 345// 222// 225//
f 345// 225// 354//
f 354// 225// 489//
f 354// 489// 491//
f 491// 489// 490//
f 491// 490// 493//
f 19// 21// 384//
f 384// 21// 15//
f 384// 15// 587//
f 587// 15// 14//
f 587// 14// 413//
f 413// 14// 588//
f 413// 588// 414//
f 28// 30// 202//
f 202// 30// 452//
f 202// 452// 381//
f 381// 452// 432//
f 381// 432// 12//
f 12// 432// 431//
f 12// 431// 424//
f 531// 589// 532//
f 532// 589// 590//
f 532// 590// 413//
f 413// 590// 591//
f 413// 591// 587//
f 587// 591// 592//
f 587// 592// 384//
f 384// 592// 50//
f 384// 50// 42//
f 42// 50// 49//
f 42// 49// 43//
usemtl 2
f 593// 594// 595//
f 596// 597// 598//
f 595// 599// 593//
f 593// 599// 600//
f 593// 600// 601//
f 601// 602// 593//
f 593// 602// 603//
f 593// 603// 604//
f 604// 603// 598//
f 604// 598// 605//
f 605// 598// 597//
f 606// 607// 608//
f 608// 607// 609//
f 609// 610// 608//
f 608// 610// 611//
f 608// 611// 598//
f 598// 611// 612//
f 598// 612// 596//
usemtl 1
f 613// 614// 615//
f 616// 610// 617//
f 617// 610// 615//
f 618// 610// 619//
f 619// 610// 609//
f 613// 615// 620//
f 620// 615// 610//
f 620// 610// 621//
f 618// 622// 610//
f 610// 622// 623//
f 610// 623// 621//
f 624// 625// 626//
f 624// 626// 627//
f 627// 626// 628//
f 628// 626// 629//
f 628// 629// 630//
f 631// 632// 633//
f 633// 632// 634//
f 633// 634// 635//
f 635// 636// 633//
f 633// 636// 637//
f 633// 637// 638//
f 638// 639// 633//
f 633// 639// 640//
f 633// 640// 641//
f 641// 640// 642//
f 643// 644// 645//
f 645// 644// 646//
f 643// 647// 644//
f 644// 647// 648//
f 644// 648// 649//
f 649// 650// 644//
f 644// 650// 651//
f 644// 651// 652//
f 630// 631// 628//
f 628// 631// 633//
f 628// 633// 652//
f 652// 633// 653//
f 652// 653// 644//
f 654// 617// 655//
f 655// 617// 615//
f 655// 615// 656//
f 656// 615// 614//
f 657// 658// 659//
f 659// 658// 660//
f 659// 660// 624//
f 624// 660// 661//
f 624// 661// 625//
usemtl 2
f 662// 663// 664//
f 665// 666// 667//
f 667// 666// 668//
f 667// 668// 669//
f 633// 641// 670//
f 670// 641// 642//
f 642// 671// 670//
f 670// 671// 672//
f 670// 672// 665//
f 673// 674// 675//
f 674// 673// 676//
f 676// 673// 677//
f 676// 677// 678//
f 678// 677// 679//
f 679// 677// 680//
f 679// 680// 681//
f 681// 680// 682//
f 682// 680// 683//
f 682// 683// 684//
f 684// 683// 685//
f 685// 683// 667//
f 685// 667// 664//
f 664// 667// 669//
f 664// 669// 662//
f 686// 673// 687//
f 687// 673// 675//
f 687// 675// 688//
f 665// 667// 670//
f 670// 667// 683//
f 670// 683// 689//
f 689// 683// 680//
f 689// 680// 690//
f 690// 680// 677//
f 690// 677// 691//
f 691// 677// 673//
f 691// 673// 692//
f 692// 673// 686//
f 692// 686// 693//
f 693// 694// 692//
f 692// 694// 695//
f 692// 695// 691//
f 691// 695// 696//
f 691// 696// 690//
f 690// 696// 697//
f 690// 697// 689//
f 689// 697// 698//
f 689// 698// 670//
f 670// 698// 653//
f 670// 653// 633//
f 644// 653// 699//
f 699// 653// 698//
f 699// 698// 700//
f 700// 698// 697//
f 700// 697// 701//
f 701// 697// 696//
f 701// 696// 702//
f 702// 696// 695//
f 702// 695// 703//
f 703// 695// 694//
f 703// 694// 704//
f 704// 694// 693//
f 705// 706// 707//
f 708// 709// 710//
f 663// 711// 664//
f 664// 711// 712//
f 713// 714// 715//
f 715// 714// 712//
f 715// 712// 716//
f 716// 712// 711//
f 717// 718// 719//
f 719// 718// 708//
f 706// 720// 707//
f 707// 720// 721//
f 707// 721// 722//
f 722// 721// 723//
f 714// 724// 712//
f 712// 724// 725//
f 712// 725// 726//
f 726// 725// 727//
f 708// 710// 719//
f 719// 710// 688//
f 719// 688// 675//
f 675// 674// 719//
f 719// 674// 722//
f 719// 722// 717//
f 717// 722// 723//
f 679// 707// 678//
f 678// 707// 722//
f 678// 722// 676//
f 676// 722// 674//
f 679// 681// 707//
f 707// 681// 726//
f 707// 726// 705//
f 705// 726// 727//
f 681// 682// 726//
f 726// 682// 684//
f 726// 684// 712//
f 712// 684// 685//
f 712// 685// 664//
f 728// 729// 730//
f 731// 732// 733//
f 729// 728// 734//
f 735// 736// 737//
f 595// 594// 738//
f 739// 740// 741//
f 742// 743// 744//
f 745// 746// 747//
f 748// 749// 750//
f 745// 747// 750//
f 746// 751// 747//
f 747// 751// 752//
f 747// 752// 753//
f 753// 754// 755//
f 756// 757// 758//
f 758// 757// 759//
f 758// 759// 760//
f 756// 758// 761//
f 761// 758// 762//
f 761// 762// 763//
f 764// 765// 748//
f 748// 765// 766//
f 748// 766// 767//
f 767// 768// 748//
f 748// 768// 769//
f 748// 769// 749//
f 763// 762// 770//
f 770// 762// 771//
f 770// 771// 772//
f 773// 774// 775//
f 773// 775// 776//
f 775// 777// 776//
f 776// 777// 778//
f 776// 778// 771//
f 771// 778// 779//
f 771// 779// 772//
f 743// 780// 744//
f 744// 780// 781//
f 744// 781// 782//
f 782// 781// 783//
f 782// 783// 773//
f 773// 783// 784//
f 773// 784// 774//
f 742// 785// 786//
f 786// 785// 787//
f 786// 787// 788//
f 789// 790// 791//
f 791// 790// 792//
f 791// 792// 787//
f 787// 792// 793//
f 787// 793// 788//
f 794// 795// 796//
f 796// 795// 797//
f 796// 797// 798//
f 799// 800// 801//
f 801// 800// 802//
f 802// 803// 801//
f 801// 803// 804//
f 801// 804// 791//
f 791// 804// 805//
f 791// 805// 789//
f 806// 807// 808//
f 808// 807// 809//
f 810// 811// 812//
f 812// 811// 739//
f 754// 813// 755//
f 755// 813// 814//
f 755// 814// 815//
f 815// 814// 810//
f 816// 817// 818//
f 818// 817// 819//
f 818// 819// 820//
f 820// 821// 818//
f 818// 821// 822//
f 818// 822// 823//
f 606// 608// 824//
f 824// 608// 825//
f 714// 713// 826//
f 826// 713// 827//
f 603// 736// 598//
f 598// 736// 735//
f 598// 735// 608//
f 828// 737// 829//
f 829// 737// 736//
f 829// 736// 830//
f 830// 736// 603//
f 830// 603// 602//
f 595// 738// 831//
f 831// 738// 832//
f 831// 832// 833//
f 826// 796// 801//
f 801// 796// 798//
f 801// 798// 799//
f 809// 794// 808//
f 808// 794// 796//
f 808// 796// 834//
f 834// 796// 826//
f 834// 826// 818//
f 818// 826// 827//
f 818// 827// 816//
f 740// 835// 741//
f 741// 835// 806//
f 741// 806// 828//
f 828// 806// 808//
f 828// 808// 737//
f 737// 808// 834//
f 737// 834// 735//
f 735// 834// 818//
f 735// 818// 608//
f 608// 818// 823//
f 608// 823// 825//
f 832// 836// 833//
f 833// 836// 837//
f 833// 837// 838//
f 791// 727// 801//
f 801// 727// 725//
f 801// 725// 826//
f 826// 725// 724//
f 826// 724// 714//
f 739// 741// 812//
f 812// 741// 828//
f 812// 828// 839//
f 839// 828// 829//
f 839// 829// 840//
f 840// 829// 830//
f 840// 830// 841//
f 841// 830// 602//
f 841// 602// 601//
f 810// 812// 815//
f 815// 812// 839//
f 815// 839// 842//
f 842// 839// 840//
f 842// 840// 843//
f 843// 840// 841//
f 843// 841// 844//
f 844// 841// 601//
f 844// 601// 600//
f 837// 845// 838//
f 838// 845// 846//
f 838// 846// 847//
f 753// 755// 747//
f 747// 755// 815//
f 747// 815// 848//
f 848// 815// 842//
f 848// 842// 849//
f 849// 842// 843//
f 849// 843// 850//
f 850// 843// 844//
f 850// 844// 851//
f 851// 844// 600//
f 851// 600// 599//
f 852// 747// 853//
f 853// 747// 848//
f 853// 848// 847//
f 847// 848// 849//
f 847// 849// 838//
f 838// 849// 850//
f 838// 850// 833//
f 833// 850// 851//
f 833// 851// 831//
f 831// 851// 599//
f 831// 599// 595//
f 723// 721// 785//
f 785// 721// 720//
f 785// 720// 787//
f 787// 720// 706//
f 787// 706// 791//
f 791// 706// 705//
f 791// 705// 727//
f 760// 764// 758//
f 758// 764// 748//
f 758// 748// 854//
f 846// 855// 847//
f 847// 855// 856//
f 847// 856// 853//
f 853// 856// 857//
f 853// 857// 852//
f 852// 857// 858//
f 852// 858// 859//
f 750// 747// 748//
f 748// 747// 852//
f 748// 852// 854//
f 854// 852// 859//
f 854// 859// 860//
f 860// 734// 854//
f 854// 734// 728//
f 854// 728// 758//
f 758// 728// 861//
f 758// 861// 762//
f 762// 861// 862//
f 762// 862// 771//
f 771// 862// 732//
f 771// 732// 776//
f 776// 732// 731//
f 776// 731// 773//
f 773// 731// 863//
f 773// 863// 782//
f 782// 863// 864//
f 865// 866// 867//
f 723// 785// 717//
f 717// 785// 868//
f 717// 868// 718//
f 718// 868// 865//
f 718// 865// 708//
f 708// 865// 867//
f 708// 867// 709//
f 742// 744// 785//
f 785// 744// 782//
f 785// 782// 868//
f 868// 782// 864//
f 868// 864// 865//
f 865// 864// 869//
f 865// 869// 866//
f 733// 870// 731//
f 731// 870// 871//
f 731// 871// 863//
f 863// 871// 872//
f 863// 872// 864//
f 864// 872// 873//
f 864// 873// 869//
f 730// 874// 728//
f 728// 874// 875//
f 728// 875// 861//
f 861// 875// 876//
f 861// 876// 862//
f 862// 876// 877//
f 862// 877// 732//
f 732// 877// 878//
f 732// 878// 733//
usemtl 3
f 879// 880// 881//
f 881// 880// 882//
f 881// 882// 883//
f 883// 882// 884//
f 883// 884// 885//
f 885// 884// 886//
f 887// 888// 884//
f 888// 889// 884//
f 884// 889// 890//
f 884// 890// 891//
f 891// 892// 884//
f 884// 892// 893//
f 884// 893// 886//
f 656// 894// 655//
f 655// 894// 895//
f 655// 895// 654//
f 654// 895// 896//
f 654// 896// 884//
f 884// 896// 897//
f 884// 897// 887//
f 658// 657// 898//
f 898// 657// 899//
f 900// 901// 657//
f 657// 901// 902//
f 657// 902// 899//
f 903// 904// 905//
f 905// 904// 906//
f 905// 906// 907//
f 907// 906// 908//
f 907// 908// 909//
f 910// 911// 905//
f 905// 911// 912//
f 905// 912// 903//
f 913// 914// 910//
f 910// 914// 915//
f 910// 915// 911//
f 916// 917// 913//
f 913// 917// 918//
f 913// 918// 914//
f 919// 920// 916//
f 916// 920// 921//
f 921// 922// 916//
f 916// 922// 923//
f 916// 923// 917//
f 924// 919// 925//
f 925// 919// 926//
f 924// 927// 919//
f 919// 927// 928//
f 919// 928// 920//
f 920// 928// 929//
f 929// 930// 920//
f 920// 930// 931//
f 920// 931// 932//
f 932// 933// 920//
f 920// 933// 934//
f 920// 934// 935//
f 935// 934// 936//
f 935// 936// 937//
f 937// 936// 938//
f 938// 936// 939//
f 938// 939// 940//
f 901// 900// 941//
f 941// 900// 942//
f 941// 942// 940//
f 940// 942// 943//
f 940// 943// 938//
f 881// 883// 944//
f 944// 883// 945//
f 945// 946// 944//
f 944// 946// 947//
f 944// 947// 948//
f 948// 947// 949//
f 948// 949// 919//
f 919// 949// 950//
f 919// 950// 926//
f 908// 951// 909//
f 909// 951// 952//
f 909// 952// 953//
f 953// 952// 954//
f 953// 954// 955//
f 955// 954// 956//
f 955// 956// 957//
usemtl 1
f 958// 959// 960//
f 960// 959// 961//
f 960// 961// 962//
f 962// 961// 963//
f 964// 965// 966//
f 966// 965// 967//
f 966// 967// 968//
f 968// 967// 969//
f 968// 969// 970//
usemtl 2
f 971// 972// 973//
f 974// 975// 976//
f 971// 973// 977//
f 978// 979// 980//
f 980// 979// 981//
f 981// 979// 973//
f 973// 979// 982//
f 973// 982// 977//
f 972// 983// 973//
f 973// 983// 984//
f 973// 984// 985//
f 978// 986// 979//
f 979// 986// 987//
f 979// 987// 976//
f 988// 974// 989//
f 989// 974// 976//
f 989// 976// 990//
f 990// 976// 987//
usemtl 1
f 961// 989// 963//
f 963// 989// 991//
f 992// 989// 993//
f 993// 989// 961//
f 993// 961// 959//
f 992// 994// 989//
f 989// 994// 995//
f 989// 995// 996//
f 996// 997// 989//
f 989// 997// 998//
f 989// 998// 988//
f 999// 1000// 1001//
f 1001// 1002// 999//
f 999// 1002// 1003//
f 999// 1003// 1004//
f 1004// 1005// 999//
f 999// 1005// 1006//
f 999// 1006// 1007//
f 1008// 1009// 1010//
f 1010// 1009// 1011//
f 1010// 1011// 999//
f 999// 1011// 1012//
f 999// 1012// 1000//
f 1008// 1013// 1014//
f 1014// 1015// 1008//
f 1008// 1015// 1016//
f 1008// 1016// 1017//
f 1017// 1018// 1008//
f 1008// 1018// 1019//
f 1008// 1019// 1020//
f 1020// 1021// 1008//
f 1008// 1021// 1022//
f 1008// 1022// 1009//
f 1009// 1022// 1023//
f 1009// 1023// 1024//
f 1024// 1025// 1009//
f 1009// 1025// 1026//
f 1009// 1026// 966//
f 966// 1026// 964//
usemtl 2
f 1027// 1028// 1029//
f 1030// 1031// 1032//
f 1033// 1034// 1035//
f 1036// 1037// 1038//
f 1039// 1040// 1029//
f 1041// 1042// 1043//
f 1042// 1044// 1043//
f 1043// 1044// 1045//
f 1043// 1045// 1013//
f 1046// 1047// 1028//
f 1028// 1047// 1048//
f 1028// 1048// 1029//
f 1029// 1048// 1049//
f 1029// 1049// 1039//
f 1050// 1051// 1052//
f 1052// 1051// 1053//
f 1052// 1053// 1054//
f 1055// 1054// 1056//
f 1008// 1010// 1057//
f 1057// 1010// 999//
f 1057// 999// 1058//
f 1013// 1008// 1043//
f 1043// 1008// 1057//
f 1043// 1057// 1059//
f 1059// 1057// 1058//
f 1059// 1058// 1060//
f 1040// 1041// 1029//
f 1029// 1041// 1043//
f 1029// 1043// 1061//
f 1061// 1043// 1059//
f 1061// 1059// 1062//
f 1062// 1059// 1060//
f 1062// 1060// 1055//
f 1063// 1037// 1064//
f 1064// 1037// 1036//
f 1064// 1036// 1065//
f 1063// 1066// 1037//
f 1037// 1066// 1067//
f 1037// 1067// 1038//
f 1038// 1067// 1068//
f 1038// 1068// 1069//
f 1051// 1065// 1053//
f 1053// 1065// 1036//
f 1053// 1036// 1070//
f 1070// 1036// 1038//
f 1070// 1038// 1035//
f 1035// 1038// 1069//
f 1035// 1069// 1033//
f 1054// 1053// 1056//
f 1056// 1053// 1070//
f 1056// 1070// 1071//
f 1071// 1070// 1035//
f 1071// 1035// 1032//
f 1032// 1035// 1034//
f 1032// 1034// 1030//
f 1055// 1056// 1062//
f 1062// 1056// 1071//
f 1062// 1071// 1061//
f 1061// 1071// 1032//
f 1061// 1032// 1029//
f 1029// 1032// 1031//
f 1029// 1031// 1027//
f 1072// 1073// 1074//
f 1067// 1066// 1074//
f 1075// 1046// 1028//
f 1076// 1077// 1078//
f 1079// 1080// 1076//
f 1028// 1079// 1075//
f 1075// 1079// 1076//
f 1075// 1076// 1081//
f 1081// 1076// 1078//
f 1066// 1063// 1082//
f 1067// 1074// 1068//
f 1034// 1033// 1083//
f 1083// 1033// 1069//
f 1083// 1069// 1084//
f 1028// 1027// 1079//
f 1079// 1027// 1031//
f 1079// 1031// 1085//
f 1085// 1031// 1030//
f 1066// 1082// 1074//
f 1074// 1082// 1086//
f 1074// 1086// 1072//
f 1073// 1087// 1074//
f 1074// 1087// 1084//
f 1074// 1084// 1068//
f 1068// 1084// 1069//
f 1088// 1083// 1089//
f 1089// 1083// 1084//
f 1089// 1084// 1090//
f 1090// 1084// 1087//
f 1088// 1091// 1083//
f 1083// 1091// 1085//
f 1083// 1085// 1034//
f 1034// 1085// 1030//
f 1091// 1092// 1085//
f 1085// 1092// 1093//
f 1085// 1093// 1079//
f 1079// 1093// 1094//
f 1079// 1094// 1080//
f 1095// 1096// 1097//
f 984// 983// 1098//
f 1099// 1100// 1101//
f 1102// 1103// 1104//
f 1105// 1106// 1107//
f 1108// 1109// 1110//
f 1110// 1109// 1111//
f 1110// 1111// 1112//
f 1113// 1114// 1115//
f 1115// 1114// 1108//
f 1112// 1116// 1110//
f 1110// 1116// 1117//
f 1110// 1117// 1118//
f 1118// 1117// 1119//
f 1118// 1119// 1120//
f 1113// 1115// 1121//
f 1121// 1115// 1122//
f 1121// 1122// 1106//
f 1105// 1107// 1103//
f 1123// 1124// 1125//
f 1124// 1126// 1125//
f 1125// 1126// 1127//
f 1125// 1127// 1128//
f 1129// 1130// 1131//
f 1131// 1130// 1132//
f 1131// 1132// 1133//
f 1133// 1134// 1135//
f 1135// 1134// 1136//
f 1135// 1136// 1123//
f 1137// 1138// 1139//
f 1139// 1138// 1140//
f 1139// 1140// 1131//
f 1131// 1140// 1141//
f 1131// 1141// 1129//
f 1142// 1143// 1144//
f 1144// 1143// 1145//
f 1144// 1145// 1139//
f 1139// 1145// 1146//
f 1139// 1146// 1137//
f 1142// 1144// 1147//
f 1147// 1144// 1148//
f 1147// 1148// 1149//
f 1149// 1150// 1151//
f 1151// 1150// 1152//
f 1152// 1150// 1153//
f 1153// 1150// 1154//
f 1153// 1154// 1155//
f 1155// 1154// 1156//
f 1155// 1156// 1157//
f 1158// 1159// 1156//
f 1156// 1159// 1160//
f 1156// 1160// 1157//
f 1161// 1162// 1158//
f 1158// 1162// 1163//
f 1158// 1163// 1159//
f 1100// 1164// 1161//
f 1161// 1164// 1165//
f 1161// 1165// 1162//
f 1120// 1166// 1118//
f 1118// 1166// 1167//
f 1118// 1167// 1168//
f 1168// 1169// 1118//
f 1118// 1169// 1170//
f 1118// 1170// 1171//
f 1171// 1170// 1172//
f 1171// 1172// 1173//
f 1173// 1174// 1171//
f 1171// 1174// 1175//
f 1171// 1175// 1176//
f 1099// 1101// 1176//
f 1177// 976// 1178//
f 1178// 976// 975//
f 1179// 1180// 1181//
f 1181// 1180// 976//
f 1181// 976// 1182//
f 1182// 976// 1177//
f 1179// 1183// 1180//
f 1180// 1183// 1184//
f 1180// 1184// 1185//
f 1077// 1186// 1187//
f 1187// 1186// 1180//
f 1187// 1180// 1188//
f 1188// 1180// 1185//
f 984// 1189// 985//
f 985// 1189// 1190//
f 1190// 1189// 1191//
f 1191// 1189// 1192//
f 1191// 1192// 1193//
f 1193// 1192// 1194//
f 1194// 1192// 1195//
f 1194// 1195// 1196//
f 1102// 1104// 1128//
f 1128// 1104// 1197//
f 1128// 1197// 1125//
f 1125// 1197// 1198//
f 1125// 1198// 1199//
f 1199// 1198// 1200//
f 1199// 1200// 1201//
f 1201// 1200// 977//
f 1201// 977// 982//
f 1123// 1125// 1135//
f 1135// 1125// 1199//
f 1135// 1199// 1202//
f 1202// 1199// 1201//
f 1202// 1201// 1203//
f 1203// 1201// 982//
f 1203// 982// 979//
f 1133// 1135// 1131//
f 1131// 1135// 1202//
f 1131// 1202// 1186//
f 1186// 1202// 1203//
f 1186// 1203// 1180//
f 1180// 1203// 979//
f 1180// 979// 976//
f 1106// 1122// 1107//
f 1107// 1122// 1204//
f 1107// 1204// 1205//
f 1205// 1204// 1206//
f 1205// 1206// 1207//
f 1207// 1206// 1208//
f 1207// 1208// 1209//
f 1209// 1208// 972//
f 1209// 972// 971//
f 1103// 1107// 1104//
f 1104// 1107// 1205//
f 1104// 1205// 1197//
f 1197// 1205// 1207//
f 1197// 1207// 1198//
f 1198// 1207// 1209//
f 1198// 1209// 1200//
f 1200// 1209// 971//
f 1200// 971// 977//
f 1077// 1076// 1186//
f 1186// 1076// 1080//
f 1186// 1080// 1131//
f 1131// 1080// 1094//
f 1131// 1094// 1139//
f 1196// 1195// 1210//
f 1210// 1195// 1211//
f 1210// 1211// 1212//
f 1212// 1211// 1213//
f 1212// 1213// 1214//
f 1108// 1110// 1115//
f 1115// 1110// 1215//
f 1115// 1215// 1122//
f 1122// 1215// 1216//
f 1122// 1216// 1204//
f 1204// 1216// 1217//
f 1204// 1217// 1206//
f 1206// 1217// 1098//
f 1206// 1098// 1208//
f 1208// 1098// 983//
f 1208// 983// 972//
f 1094// 1093// 1139//
f 1139// 1093// 1092//
f 1139// 1092// 1144//
f 1144// 1092// 1091//
f 1214// 1213// 1218//
f 1218// 1213// 1219//
f 1218// 1219// 1220//
f 1220// 1219// 1221//
f 1221// 1219// 1222//
f 1221// 1222// 1223//
f 1154// 1096// 1156//
f 1156// 1096// 1095//
f 1156// 1095// 1158//
f 1158// 1095// 1224//
f 1158// 1224// 1161//
f 1161// 1224// 1225//
f 1091// 1088// 1144//
f 1144// 1088// 1089//
f 1144// 1089// 1148//
f 1148// 1089// 1090//
f 1148// 1090// 1226//
f 1226// 1090// 1087//
f 1226// 1087// 1227//
f 1227// 1087// 1073//
f 1227// 1073// 1072//
f 1223// 1222// 1228//
f 1228// 1222// 1229//
f 1228// 1229// 1230//
f 1230// 1229// 1231//
f 1230// 1231// 1232//
f 1233// 1234// 1235//
f 984// 1098// 1189//
f 1189// 1098// 1217//
f 1189// 1217// 1192//
f 1192// 1217// 1216//
f 1192// 1216// 1195//
f 1195// 1216// 1215//
f 1195// 1215// 1211//
f 1211// 1215// 1110//
f 1211// 1110// 1213//
f 1213// 1110// 1118//
f 1213// 1118// 1219//
f 1219// 1118// 1171//
f 1219// 1171// 1222//
f 1222// 1171// 1233//
f 1222// 1233// 1229//
f 1229// 1233// 1235//
f 1229// 1235// 1231//
f 1176// 1101// 1171//
f 1171// 1101// 1236//
f 1171// 1236// 1233//
f 1233// 1236// 1237//
f 1233// 1237// 1234//
f 1100// 1161// 1101//
f 1101// 1161// 1225//
f 1101// 1225// 1236//
f 1236// 1225// 1238//
f 1236// 1238// 1237//
f 1097// 1239// 1095//
f 1095// 1239// 1240//
f 1095// 1240// 1224//
f 1224// 1240// 1241//
f 1224// 1241// 1225//
f 1225// 1241// 1242//
f 1225// 1242// 1238//
f 1227// 1243// 1244//
f 1149// 1148// 1150//
f 1150// 1148// 1226//
f 1150// 1226// 1154//
f 1154// 1226// 1227//
f 1154// 1227// 1096//
f 1096// 1227// 1244//
f 1096// 1244// 1097//
f 1243// 1227// 1245//
f 1245// 1227// 1072//
f 1245// 1072// 1086//
usemtl 3
f 1246// 1247// 1248//
f 1249// 958// 960//
f 1250// 1251// 1252//
f 1252// 1251// 1253//
f 1253// 1251// 1248//
f 1248// 1251// 1254//
f 1248// 1254// 1246//
f 1250// 1255// 1251//
f 1251// 1255// 1256//
f 1251// 1256// 1257//
f 1257// 1258// 1251//
f 1251// 1258// 1259//
f 1251// 1259// 1260//
f 1260// 1261// 1251//
f 1251// 1261// 1262//
f 1251// 1262// 962//
f 962// 1262// 1263//
f 962// 1263// 960//
f 960// 1263// 1264//
f 960// 1264// 1249//
f 970// 969// 1265//
f 1266// 1267// 1268//
f 1268// 1267// 970//
f 1268// 970// 1269//
f 1269// 970// 1265//
f 1270// 1271// 1272//
f 1273// 1274// 1275//
f 1267// 1266// 1275//
f 1275// 1266// 1276//
f 1275// 1276// 1273//
f 1274// 1273// 1277//
f 1277// 1273// 1278//
f 1277// 1278// 1279//
f 1279// 1278// 1280//
f 1279// 1280// 1281//
f 1281// 1280// 1282//
f 1282// 1280// 1283//
f 1282// 1283// 1284//
f 1284// 1285// 1282//
f 1282// 1285// 1286//
f 1282// 1286// 1287//
f 1288// 1289// 1290//
f 1290// 1289// 1291//
f 1292// 1293// 1294//
f 1294// 1293// 1290//
f 1294// 1290// 1295//
f 1295// 1290// 1291//
f 1296// 1297// 1298//
f 1287// 1288// 1282//
f 1282// 1288// 1290//
f 1282// 1290// 1299//
f 1299// 1290// 1298//
f 1299// 1298// 1300//
f 1300// 1298// 1297//
f 1301// 1302// 1298//
f 1298// 1302// 1303//
f 1298// 1303// 1296//
f 1272// 1271// 1298//
f 1298// 1271// 1304//
f 1298// 1304// 1301//
f 1305// 1306// 1307//
f 1253// 1248// 1308//
f 1308// 1248// 1293//
f 1308// 1293// 1309//
f 1309// 1293// 1292//
f 1270// 1272// 1307//
f 1307// 1272// 1310//
f 1307// 1310// 1305//
f 1305// 1310// 1311//
f 1305// 1311// 1312//
usemtl 1
f 1313// 1314// 1315//
f 1316// 1317// 1313//
f 1313// 1317// 1318//
f 1313// 1318// 1319//
f 1320// 1321// 1322//
f 1322// 1321// 1323//
f 1322// 1323// 1324//
f 1325// 1326// 1306//
f 1315// 1327// 1313//
f 1313// 1327// 1328//
f 1313// 1328// 1316//
f 1322// 1329// 1330//
f 1324// 1331// 1322//
f 1322// 1331// 1332//
f 1322// 1332// 1333//
f 1325// 1306// 1334//
f 951// 1335// 1336//
f 1319// 1337// 1313//
f 1313// 1337// 1338//
f 1313// 1338// 1339//
f 1330// 1340// 1322//
f 1322// 1340// 1341//
f 1322// 1341// 1320//
f 1326// 1342// 1306//
f 1306// 1342// 1343//
f 1306// 1343// 1344//
f 1344// 1345// 1306//
f 1306// 1345// 1346//
f 1306// 1346// 1307//
f 1339// 1329// 1313//
f 1313// 1329// 1322//
f 1313// 1322// 1306//
f 1306// 1322// 951//
f 951// 1347// 1348//
f 951// 1336// 1306//
f 1306// 1336// 1349//
f 1306// 1349// 1334//
f 908// 1350// 951//
f 951// 1350// 1351//
f 951// 1351// 1352//
f 1352// 1353// 951//
f 951// 1353// 1354//
f 951// 1354// 1347//
f 1348// 1355// 951//
f 951// 1355// 1356//
f 951// 1356// 1335//
f 1357// 1358// 973//
f 973// 1358// 1359//
f 973// 1359// 981//
f 991// 989// 1360//
f 1360// 989// 990//
f 1360// 990// 1361//
f 1362// 1363// 990//
f 1364// 1365// 1363//
f 1363// 1365// 1366//
f 1363// 1366// 990//
f 990// 1366// 1367//
f 990// 1367// 1361//
f 990// 987// 1362//
f 1362// 987// 986//
f 1362// 986// 1368//
f 1368// 986// 978//
f 1368// 978// 1369//
f 1369// 978// 980//
f 1359// 1370// 981//
f 981// 1370// 1371//
f 981// 1371// 1372//
f 1373// 1374// 1375//
f 1372// 1373// 981//
f 981// 1373// 1375//
f 981// 1375// 980//
f 980// 1375// 1376//
f 980// 1376// 1369//
f 1377// 1378// 1379//
f 1379// 1378// 1380//
f 1379// 1380// 1381//
f 1382// 1383// 1384//
f 1384// 1383// 1385//
f 1384// 1385// 1386//
f 1386// 1385// 1387//
f 1388// 1389// 1385//
f 1389// 1390// 1391//
f 1391// 1392// 1389//
f 1389// 1392// 1393//
f 1389// 1393// 1385//
f 1385// 1393// 1394//
f 1385// 1394// 1387//
f 1385// 1395// 1388//
f 1388// 1395// 1396//
f 1388// 1396// 1397//
f 1397// 1396// 1398//
f 1397// 1398// 1399//
f 1399// 1398// 1400//
f 1401// 1402// 1403//
f 1403// 1402// 1404//
f 1403// 1404// 1405//
f 1377// 1401// 1378//
f 1378// 1401// 1403//
f 1378// 1403// 1400//
f 1400// 1403// 1406//
f 1400// 1406// 1399//
f 1407// 1391// 1390//
f 1408// 1382// 1409//
f 1409// 1382// 1384//
f 1409// 1384// 1410//
f 1384// 1386// 1410//
f 1410// 1386// 1387//
f 1410// 1387// 1411//
f 1411// 1387// 1394//
f 1411// 1394// 1412//
f 1412// 1394// 1393//
f 1412// 1393// 1407//
f 1407// 1393// 1413//
f 1407// 1413// 1391//
f 1414// 1357// 1408//
f 1408// 1357// 1382//
f 1415// 1374// 1373//
f 1414// 1416// 1357//
f 1357// 1416// 1358//
f 1358// 1416// 1359//
f 1359// 1416// 1417//
f 1359// 1417// 1370//
f 1370// 1417// 1371//
f 1371// 1417// 1418//
f 1371// 1418// 1419//
f 1415// 1373// 1419//
f 1419// 1373// 1372//
f 1419// 1372// 1371//
f 1360// 1246// 991//
f 991// 1246// 1254//
f 991// 1254// 1251//
f 1367// 1366// 1420//
f 1420// 1366// 1421//
f 1420// 1421// 1364//
f 1360// 1361// 1246//
f 1246// 1361// 1367//
f 1246// 1367// 1247//
f 1247// 1367// 1420//
f 962// 963// 1251//
f 1251// 963// 991//
f 1270// 1307// 1346//
f 1344// 1343// 1422//
f 1422// 1343// 1342//
f 1422// 1297// 1344//
f 1344// 1297// 1296//
f 1344// 1296// 1303//
f 1303// 1302// 1344//
f 1344// 1302// 1301//
f 1344// 1301// 1345//
f 1345// 1301// 1304//
f 1345// 1304// 1346//
f 1346// 1304// 1271//
f 1346// 1271// 1270//
f 1423// 1279// 1281//
f 1281// 1282// 1423//
f 1423// 1282// 1299//
f 1423// 1299// 1422//
f 1422// 1299// 1300//
f 1422// 1300// 1297//
f 1279// 1423// 1277//
f 1277// 1423// 1424//
f 1277// 1424// 1274//
f 1274// 1424// 1425//
f 1274// 1425// 1275//
f 1275// 1425// 1426//
f 1275// 1426// 1267//
f 1267// 1426// 1427//
f 1267// 1427// 970//
f 1342// 1428// 1422//
f 1422// 1428// 1429//
f 1422// 1429// 1430//
f 1430// 1431// 1422//
f 1422// 1431// 1432//
f 1422// 1432// 1423//
f 1423// 1432// 1433//
f 1423// 1433// 1424//
f 1427// 1011// 1009//
f 970// 1427// 968//
f 968// 1427// 1009//
f 968// 1009// 966//
f 1011// 1427// 1012//
f 1012// 1427// 1426//
f 1012// 1426// 1000//
f 1000// 1426// 1425//
f 1000// 1425// 1001//
f 1001// 1425// 1424//
f 1001// 1424// 1002//
f 1002// 1424// 1433//
f 1002// 1433// 1003//
f 1003// 1433// 1432//
f 1003// 1432// 1004//
f 1004// 1432// 1431//
f 1004// 1431// 1005//
f 1005// 1431// 1430//
f 1005// 1430// 1006//
f 1428// 1342// 1326//
f 1007// 1006// 1430//
f 1007// 1430// 1326//
f 1326// 1430// 1429//
f 1326// 1429// 1428//
f 1325// 1434// 1326//
f 1326// 1434// 1007//
f 1435// 611// 1436//
f 1436// 611// 610//
f 1436// 610// 616//
f 1437// 593// 1438//
f 1438// 593// 604//
f 1438// 604// 1439//
f 1439// 604// 1440//
f 1441// 1442// 604//
f 1442// 1443// 1444//
f 1444// 1445// 1442//
f 1442// 1445// 1446//
f 1442// 1446// 604//
f 604// 1446// 1447//
f 604// 1447// 1440//
f 604// 605// 1441//
f 1441// 605// 597//
f 1441// 597// 1448//
f 1448// 597// 596//
f 1448// 596// 1449//
f 1449// 596// 612//
f 1450// 1451// 1452//
f 1452// 1451// 1453//
f 1452// 1453// 1454//
f 1435// 1450// 611//
f 611// 1450// 1452//
f 611// 1452// 612//
f 612// 1452// 1455//
f 612// 1455// 1449//
f 1456// 1457// 1458//
f 1458// 1457// 1459//
f 1458// 1459// 1460//
f 1461// 1462// 1463//
f 1463// 1462// 1464//
f 1463// 1464// 1465//
f 1466// 1467// 1464//
f 1468// 1469// 1467//
f 1467// 1469// 1470//
f 1467// 1470// 1464//
f 1464// 1470// 1471//
f 1464// 1471// 1465//
f 1464// 1472// 1466//
f 1466// 1472// 1473//
f 1466// 1473// 1474//
f 1474// 1473// 1475//
f 1474// 1475// 1476//
f 1476// 1475// 1477//
f 1459// 1478// 1460//
f 1460// 1478// 1479//
f 1460// 1479// 1480//
f 1481// 1482// 1483//
f 1480// 1481// 1460//
f 1460// 1481// 1483//
f 1460// 1483// 1477//
f 1477// 1483// 1484//
f 1477// 1484// 1476//
f 1341// 1485// 1320//
f 1320// 1485// 1486//
f 1487// 1321// 1320//
f 1487// 1320// 1488//
f 1488// 1320// 1489//
f 1489// 1320// 1486//
f 1489// 1486// 1490//
f 1491// 1333// 1332//
f 1324// 1323// 1492//
f 1492// 1323// 1321//
f 1492// 1493// 1324//
f 1324// 1493// 1494//
f 1324// 1494// 1495//
f 1495// 1496// 1324//
f 1324// 1496// 1497//
f 1324// 1497// 1331//
f 1331// 1497// 1498//
f 1331// 1498// 1332//
f 1332// 1498// 1499//
f 1332// 1499// 1491//
f 1500// 1501// 1502//
f 1502// 1501// 1503//
f 1502// 1503// 1492//
f 1492// 1503// 1504//
f 1492// 1504// 1493//
f 1505// 1506// 1507//
f 1507// 1506// 1508//
f 1507// 1508// 1509//
f 1509// 1508// 1510//
f 1509// 1510// 1511//
f 1511// 1510// 1512//
f 1511// 1512// 1513//
f 1513// 1512// 1514//
f 1513// 1514// 1502//
f 1502// 1514// 1515//
f 1502// 1515// 1500//
f 1321// 1487// 1492//
f 1492// 1487// 1488//
f 1492// 1488// 1489//
f 1489// 1516// 1492//
f 1492// 1516// 1517//
f 1492// 1517// 1502//
f 1502// 1517// 1518//
f 1502// 1518// 1513//
f 1519// 1505// 1520//
f 1520// 1505// 1507//
f 1520// 1507// 1521//
f 1521// 1507// 1509//
f 1521// 1509// 1522//
f 1522// 1509// 1511//
f 1522// 1511// 1523//
f 1523// 1511// 1513//
f 1523// 1513// 1524//
f 1524// 1513// 1518//
f 1524// 1518// 1525//
f 1525// 1518// 1517//
f 1525// 1517// 1526//
f 1526// 1517// 1516//
f 1526// 1516// 1527//
f 1527// 1516// 1489//
f 1527// 1489// 1490//
f 1528// 1529// 1530//
f 1530// 1529// 1531//
f 1506// 1505// 1531//
f 1531// 1505// 1519//
f 1531// 1519// 1530//
f 1529// 1528// 1532//
f 1532// 1528// 1533//
f 1532// 1533// 1534//
f 1534// 1533// 1535//
f 1534// 1535// 1536//
f 1537// 1538// 1539//
f 1539// 1538// 1540//
f 1539// 1540// 1541//
f 1541// 1540// 1542//
f 1541// 1542// 1543//
f 1543// 1542// 1536//
f 1543// 1536// 1544//
f 1544// 1536// 1535//
f 1545// 1546// 1547//
f 1547// 1546// 1548//
f 1547// 1548// 1537//
f 1537// 1548// 1549//
f 1537// 1549// 1538//
f 1546// 1545// 1550//
f 1550// 1545// 1551//
f 1550// 1551// 1552//
f 1552// 1551// 1553//
f 1552// 1553// 1554//
f 1554// 1553// 1555//
f 1554// 1555// 1556//
f 1556// 1555// 1461//
f 1463// 1557// 1461//
f 1461// 1557// 1558//
f 1461// 1558// 1556//
f 1471// 1470// 1559//
f 1559// 1470// 1560//
f 1559// 1560// 1468//
f 1463// 1465// 1557//
f 1557// 1465// 1471//
f 1557// 1471// 1561//
f 1561// 1471// 1559//
f 1562// 1482// 1481//
f 1563// 1564// 1456//
f 1456// 1564// 1457//
f 1457// 1564// 1459//
f 1459// 1564// 1565//
f 1459// 1565// 1478//
f 1478// 1565// 1479//
f 1479// 1565// 1566//
f 1479// 1566// 1567//
f 1562// 1481// 1567//
f 1567// 1481// 1480//
f 1567// 1480// 1479//
f 1563// 1456// 1568//
f 1568// 1456// 1437//
f 1569// 1444// 1443//
f 1568// 1437// 1570//
f 1570// 1437// 1438//
f 1570// 1438// 1571//
f 1438// 1439// 1571//
f 1571// 1439// 1440//
f 1571// 1440// 1572//
f 1572// 1440// 1447//
f 1572// 1447// 1573//
f 1573// 1447// 1446//
f 1573// 1446// 1569//
f 1569// 1446// 1574//
f 1569// 1574// 1444//
usemtl 2
f 1575// 1576// 1462//
f 1462// 1576// 1464//
f 1577// 1578// 1458//
f 1577// 1458// 1579//
f 1578// 1580// 1458//
f 1458// 1580// 1581//
f 1458// 1581// 1582//
f 1464// 1576// 1472//
f 1472// 1576// 1583//
f 1472// 1583// 1473//
f 1460// 1477// 1583//
f 1583// 1477// 1475//
f 1583// 1475// 1473//
f 1460// 1583// 1458//
f 1458// 1583// 1584//
f 1458// 1584// 1579//
f 1383// 1585// 1586//
f 1586// 1587// 1383//
f 1383// 1587// 1588//
f 1383// 1588// 1589//
f 1398// 1396// 1590//
f 1589// 1591// 1383//
f 1383// 1591// 1592//
f 1383// 1592// 1385//
f 1385// 1592// 1590//
f 1385// 1590// 1395//
f 1395// 1590// 1396//
f 1593// 1380// 1594//
f 1594// 1380// 1378//
f 1594// 1378// 1590//
f 1590// 1378// 1400//
f 1590// 1400// 1398//
usemtl 1
f 1485// 1595// 1596//
f 1597// 1486// 1598//
f 1598// 1486// 1485//
f 1598// 1485// 1599//
f 1599// 1485// 1596//
f 1600// 1601// 1602//
f 644// 1603// 646//
f 646// 1603// 1604//
f 646// 1604// 1602//
f 1602// 1604// 1605//
f 1602// 1605// 1600//
f 1357// 973// 985//
f 1357// 985// 1382//
f 1382// 985// 1585//
f 1382// 1585// 1383//
f 1456// 1458// 1582//
f 1456// 1582// 1437//
f 1437// 1582// 594//
f 1437// 594// 593//
f 1606// 1607// 1608//
f 1608// 1609// 1606//
f 1606// 1609// 1610//
f 1606// 1610// 1611//
f 1611// 1612// 1606//
f 1606// 1612// 1613//
f 1606// 1613// 1614//
f 1614// 1615// 1606//
f 1606// 1615// 1616//
f 1606// 1616// 1617//
f 1617// 1616// 1618//
f 1618// 1619// 1617//
f 1617// 1619// 1620//
f 1617// 1620// 1621//
f 1621// 1622// 1617//
f 1617// 1622// 1623//
f 1617// 1623// 1624//
f 1624// 1625// 1617//
f 1617// 1625// 1626//
f 1617// 1626// 1627//
usemtl 2
f 1628// 1629// 1630//
f 1630// 1629// 1631//
f 1632// 1633// 730//
f 730// 1633// 1634//
f 1635// 1636// 1637//
f 1637// 1636// 1638//
f 1232// 1639// 1640//
f 1640// 1639// 1641//
usemtl 1
f 1642// 1643// 1644//
f 1645// 1646// 1647//
f 1648// 1649// 1650//
f 1651// 1652// 1643//
f 1643// 1652// 1653//
f 1654// 1655// 1643//
f 1643// 1655// 1656//
f 1643// 1656// 1657//
f 1657// 1658// 1643//
f 1643// 1658// 1659//
f 1643// 1659// 1644//
f 1660// 1661// 1645//
f 1645// 1661// 1662//
f 1645// 1662// 1663//
f 1663// 1664// 1645//
f 1645// 1664// 1665//
f 1645// 1665// 1648//
f 1650// 1666// 1648//
f 1648// 1666// 1667//
f 1648// 1667// 1645//
f 1653// 1668// 1643//
f 1643// 1668// 1669//
f 1643// 1669// 1670//
f 1651// 1643// 1645//
f 1645// 1643// 1671//
f 1645// 1671// 1672//
f 1672// 1673// 1645//
f 1645// 1673// 1674//
f 1645// 1674// 1646//
f 1647// 1675// 1645//
f 1645// 1675// 1676//
f 1645// 1676// 1660//
f 1642// 1644// 1677//
f 1677// 1644// 1678//
f 1677// 1678// 1679//
f 1670// 1680// 1643//
f 1643// 1680// 1681//
f 1643// 1681// 1654//
f 1682// 1683// 1684//
f 1684// 1685// 1682//
f 1682// 1685// 1686//
f 1682// 1686// 1687//
f 1687// 1688// 1682//
f 1682// 1688// 1689//
f 1682// 1689// 1690//
f 1689// 1691// 1690//
f 1690// 1691// 1692//
f 1690// 1692// 1693//
f 1693// 1694// 1690//
f 1690// 1694// 1695//
f 1690// 1695// 1696//
f 1697// 1698// 1699//
f 1699// 1700// 1697//
f 1697// 1700// 1701//
f 1697// 1701// 1702//
f 1702// 1703// 1697//
f 1697// 1703// 1704//
f 1697// 1704// 1705//
f 1704// 1706// 1705//
f 1705// 1706// 1707//
f 1705// 1707// 1708//
f 1708// 1709// 1705//
f 1705// 1709// 1710//
f 1705// 1710// 1711//
f 1712// 1713// 1714//
f 1714// 1715// 1712//
f 1712// 1715// 1716//
f 1712// 1716// 1717//
f 1717// 1718// 1712//
f 1712// 1718// 1719//
f 1712// 1719// 1720//
f 1719// 1721// 1720//
f 1720// 1721// 1722//
f 1720// 1722// 1723//
f 1723// 1724// 1720//
f 1720// 1724// 1725//
f 1720// 1725// 1726//
f 1727// 1728// 1729//
f 1729// 1730// 1727//
f 1727// 1730// 1731//
f 1727// 1731// 1732//
f 1732// 1733// 1727//
f 1727// 1733// 1734//
f 1727// 1734// 1735//
f 1734// 1736// 1735//
f 1735// 1736// 1737//
f 1735// 1737// 1738//
f 1738// 1739// 1735//
f 1735// 1739// 1740//
f 1735// 1740// 1741//
usemtl 2
f 1629// 1628// 1742//
f 1742// 1628// 1743//
f 1742// 1743// 1744//
f 1744// 1743// 1745//
f 1744// 1745// 1746//
f 1746// 1745// 1747//
f 1746// 1747// 1748//
f 1748// 1747// 1749//
f 1748// 1749// 1750//
f 1750// 1749// 1751//
f 1750// 1751// 1752//
f 1752// 1751// 1753//
f 1752// 1753// 1754//
f 1754// 1753// 1755//
f 1755// 1753// 1756//
f 1755// 1756// 1757//
f 1757// 1756// 1758//
f 1757// 1758// 1759//
f 1759// 1758// 1760//
f 1759// 1760// 1761//
f 1760// 1762// 1761//
f 1761// 1762// 1763//
f 1761// 1763// 1764//
f 1764// 1763// 1765//
f 1764// 1765// 1766//
f 1766// 1765// 1767//
f 1766// 1767// 1768//
f 1768// 1767// 1769//
f 1768// 1769// 1770//
f 1770// 1769// 1771//
f 1770// 1771// 1772//
f 1772// 1771// 1773//
f 1772// 1773// 1774//
f 1774// 1773// 1775//
f 1774// 1775// 1776//
f 1776// 1775// 1777//
f 1776// 1777// 1778//
f 1778// 1777// 1779//
f 1778// 1779// 1780//
f 1780// 1779// 1781//
f 1780// 1781// 1782//
f 1782// 1781// 1783//
f 1782// 1783// 1784//
f 1784// 1783// 1785//
f 1784// 1785// 1786//
f 1786// 1785// 704//
f 704// 693// 1786//
f 1786// 693// 686//
f 1786// 686// 1787//
f 686// 687// 1787//
f 1787// 687// 688//
f 1787// 688// 1788//
f 1788// 688// 710//
f 1788// 710// 1789//
f 710// 709// 1789//
f 1789// 709// 867//
f 1789// 867// 1790//
f 1790// 867// 866//
f 1790// 866// 1791//
f 1791// 866// 1792//
f 1792// 866// 869//
f 1792// 869// 1793//
f 871// 1794// 872//
f 872// 1794// 1795//
f 872// 1795// 873//
f 1795// 1796// 873//
f 873// 1796// 1797//
f 873// 1797// 869//
f 869// 1797// 1798//
f 869// 1798// 1793//
f 878// 1799// 733//
f 733// 1799// 1800//
f 733// 1800// 870//
f 1800// 1801// 870//
f 870// 1801// 1802//
f 870// 1802// 871//
f 871// 1802// 1803//
f 871// 1803// 1794//
f 877// 1804// 878//
f 878// 1804// 1805//
f 878// 1805// 1799//
f 874// 1806// 875//
f 875// 1806// 1807//
f 875// 1807// 876//
f 876// 1807// 1808//
f 876// 1808// 877//
f 877// 1808// 1809//
f 877// 1809// 1804//
f 1634// 1810// 730//
f 730// 1810// 1811//
f 730// 1811// 874//
f 874// 1811// 1812//
f 874// 1812// 1806//
f 1639// 1232// 1813//
f 1813// 1232// 1231//
f 1237// 1238// 1814//
f 1814// 1815// 1237//
f 1237// 1815// 1816//
f 1237// 1816// 1234//
f 1234// 1816// 1817//
f 1234// 1817// 1235//
f 1235// 1817// 1818//
f 1235// 1818// 1231//
f 1231// 1818// 1819//
f 1231// 1819// 1813//
f 1240// 1820// 1241//
f 1241// 1820// 1821//
f 1241// 1821// 1242//
f 1821// 1822// 1242//
f 1242// 1822// 1823//
f 1242// 1823// 1238//
f 1238// 1823// 1824//
f 1238// 1824// 1814//
f 1244// 1825// 1826//
f 1244// 1826// 1097//
f 1097// 1826// 1827//
f 1097// 1827// 1239//
f 1827// 1828// 1239//
f 1239// 1828// 1829//
f 1239// 1829// 1240//
f 1240// 1829// 1830//
f 1240// 1830// 1820//
f 1825// 1244// 1831//
f 1831// 1244// 1243//
f 1831// 1243// 1832//
f 1832// 1243// 1833//
f 1833// 1243// 1245//
f 1833// 1245// 1834//
f 1834// 1245// 1835//
f 1835// 1245// 1086//
f 1835// 1086// 1836//
f 1086// 1082// 1836//
f 1836// 1082// 1063//
f 1836// 1063// 1837//
f 1837// 1063// 1064//
f 1064// 1065// 1837//
f 1837// 1065// 1051//
f 1837// 1051// 1838//
f 1051// 1050// 1838//
f 1838// 1050// 1839//
f 1838// 1839// 1840//
f 1840// 1839// 1841//
f 1840// 1841// 1842//
f 1842// 1841// 1843//
f 1843// 1841// 1844//
f 1843// 1844// 1845//
f 1846// 1847// 1848//
f 1848// 1847// 1849//
f 1848// 1849// 1850//
f 1844// 1851// 1845//
f 1845// 1851// 1852//
f 1845// 1852// 1853//
f 1853// 1852// 1847//
f 1853// 1847// 1854//
f 1854// 1847// 1846//
f 1849// 1855// 1850//
f 1850// 1855// 1856//
f 1850// 1856// 1857//
f 1857// 1856// 1858//
f 1857// 1858// 1859//
f 1859// 1858// 1860//
f 1859// 1860// 1861//
f 1861// 1860// 1862//
f 1861// 1862// 1863//
f 1863// 1862// 1864//
f 1863// 1864// 1865//
f 1865// 1864// 1866//
f 1865// 1866// 1867//
f 1867// 1866// 1868//
f 1867// 1868// 1869//
f 1869// 1868// 1870//
f 1871// 1630// 1631//
f 1631// 1872// 1871//
f 1871// 1872// 1873//
f 1871// 1873// 1874//
f 1874// 1873// 1875//
f 1874// 1875// 1876//
f 1876// 1875// 1877//
f 1876// 1877// 1878//
f 1878// 1877// 1879//
f 1878// 1879// 1880//
f 1880// 1879// 1881//
f 1880// 1881// 1870//
f 1870// 1881// 1882//
f 1870// 1882// 1869//
f 1636// 1635// 1883//
f 1883// 1635// 1884//
f 1883// 1884// 1885//
f 1885// 1884// 1886//
f 1885// 1886// 1887//
f 1887// 1886// 1888//
f 1887// 1888// 1889//
f 1889// 1888// 1890//
f 1889// 1890// 1891//
f 1891// 1890// 1892//
f 1891// 1892// 1893//
f 1893// 1892// 1894//
f 1893// 1894// 1895//
f 1895// 1894// 1896//
f 1896// 1894// 1897//
f 1896// 1897// 1898//
f 1898// 1897// 1899//
f 1898// 1899// 1900//
f 1900// 1899// 1901//
f 1900// 1901// 1902//
f 1901// 1903// 1902//
f 1902// 1903// 1904//
f 1902// 1904// 1905//
f 1905// 1904// 1906//
f 1905// 1906// 1907//
f 1907// 1906// 1908//
f 1907// 1908// 1909//
f 1909// 1908// 1910//
f 1909// 1910// 1911//
f 1911// 1910// 1912//
f 1911// 1912// 1913//
f 1913// 1912// 1914//
f 1913// 1914// 1915//
f 1915// 1914// 1916//
f 1915// 1916// 1917//
f 1917// 1916// 1918//
f 1917// 1918// 1919//
f 1919// 1918// 1920//
f 1919// 1920// 1921//
f 1921// 1920// 1922//
f 1921// 1922// 1923//
f 1923// 1922// 1924//
f 1923// 1924// 1925//
f 1925// 1924// 1926//
f 1925// 1926// 1927//
f 1927// 1926// 1928//
f 1928// 1929// 1927//
f 1927// 1929// 1930//
f 1927// 1930// 1931//
f 1930// 1932// 1931//
f 1931// 1932// 1933//
f 1931// 1933// 1934//
f 1934// 1933// 1935//
f 1934// 1935// 1936//
f 1935// 1937// 1936//
f 1936// 1937// 1938//
f 1936// 1938// 1939//
f 1939// 1938// 1940//
f 1939// 1940// 1941//
f 1941// 1940// 1942//
f 1942// 1940// 1943//
f 1942// 1943// 1944//
f 1945// 1946// 1947//
f 1947// 1946// 1948//
f 1947// 1948// 1949//
f 1948// 1950// 1949//
f 1949// 1950// 1951//
f 1949// 1951// 1943//
f 1943// 1951// 1952//
f 1943// 1952// 1944//
f 1953// 1954// 1955//
f 1955// 1954// 1956//
f 1955// 1956// 1957//
f 1956// 1958// 1957//
f 1957// 1958// 1959//
f 1957// 1959// 1945//
f 1945// 1959// 1960//
f 1945// 1960// 1946//
f 1961// 1962// 1953//
f 1953// 1962// 1963//
f 1953// 1963// 1954//
f 1964// 1965// 1966//
f 1966// 1965// 1967//
f 1966// 1967// 1968//
f 1968// 1967// 1969//
f 1968// 1969// 1961//
f 1961// 1969// 1970//
f 1961// 1970// 1962//
f 1641// 1971// 1640//
f 1640// 1971// 1972//
f 1640// 1972// 1964//
f 1964// 1972// 1973//
f 1964// 1973// 1965//
f 1633// 1632// 1974//
f 1974// 1632// 1975//
f 1976// 1977// 1978//
f 1978// 1979// 1976//
f 1976// 1979// 1980//
f 1976// 1980// 1981//
f 1981// 1980// 1982//
f 1981// 1982// 1983//
f 1983// 1982// 1984//
f 1983// 1984// 1975//
f 1975// 1984// 1985//
f 1975// 1985// 1974//
f 1986// 1987// 1988//
f 1988// 1987// 1989//
f 1988// 1989// 1990//
f 1989// 1991// 1990//
f 1990// 1991// 1992//
f 1990// 1992// 1977//
f 1977// 1992// 1993//
f 1977// 1993// 1978//
f 1994// 1995// 1996//
f 1994// 1996// 1997//
f 1997// 1996// 1998//
f 1997// 1998// 1999//
f 1998// 2000// 1999//
f 1999// 2000// 2001//
f 1999// 2001// 1986//
f 1986// 2001// 2002//
f 1986// 2002// 1987//
f 1995// 1994// 2003//
f 2003// 1994// 2004//
f 2003// 2004// 2005//
f 2005// 2004// 2006//
f 2006// 2004// 2007//
f 2006// 2007// 2008//
f 2008// 2007// 2009//
f 2009// 2007// 2010//
f 2009// 2010// 2011//
f 2010// 2012// 2011//
f 2011// 2012// 2013//
f 2011// 2013// 2014//
f 2014// 2013// 2015//
f 2015// 2016// 2014//
f 2014// 2016// 2017//
f 2014// 2017// 2018//
f 2017// 2019// 2018//
f 2018// 2019// 2020//
f 2018// 2020// 2021//
f 2021// 2020// 2022//
f 2021// 2022// 2023//
f 2023// 2022// 2024//
f 2024// 2022// 2025//
f 2024// 2025// 2026//
f 2027// 2028// 2029//
f 2029// 2028// 2030//
f 2029// 2030// 2031//
f 2025// 2032// 2026//
f 2026// 2032// 2033//
f 2026// 2033// 2034//
f 2034// 2033// 2028//
f 2034// 2028// 2035//
f 2035// 2028// 2027//
f 2030// 2036// 2031//
f 2031// 2036// 2037//
f 2031// 2037// 2038//
f 2038// 2037// 2039//
f 2038// 2039// 2040//
f 2040// 2039// 2041//
f 2040// 2041// 2042//
f 2042// 2041// 2043//
f 2042// 2043// 2044//
f 2044// 2043// 2045//
f 2044// 2045// 2046//
f 2046// 2045// 2047//
f 2046// 2047// 2048//
f 2048// 2047// 2049//
f 2048// 2049// 2050//
f 2050// 2049// 2051//
f 2052// 1637// 1638//
f 1638// 2053// 2052//
f 2052// 2053// 2054//
f 2052// 2054// 2055//
f 2055// 2054// 2056//
f 2055// 2056// 2057//
f 2057// 2056// 2058//
f 2057// 2058// 2059//
f 2059// 2058// 2060//
f 2059// 2060// 2061//
f 2061// 2060// 2062//
f 2061// 2062// 2051//
f 2051// 2062// 2063//
f 2051// 2063// 2050//
usemtl 1
f 1434// 2064// 2065//
f 999// 1007// 2066//
f 2066// 1007// 1434//
f 2066// 1434// 2067//
f 2067// 1434// 2065//
f 2068// 2069// 2070//
f 2071// 2072// 2073//
f 2073// 2072// 2074//
f 2073// 2074// 2070//
f 2070// 2074// 2075//
f 2070// 2075// 2068//
f 2076// 1381// 1380//
f 2077// 2078// 2079//
f 2079// 2078// 2080//
f 2079// 2080// 1593//
f 1593// 2080// 1380//
f 1380// 2080// 2081//
f 1380// 2081// 2076//
f 1461// 1555// 1462//
f 1462// 1555// 1553//
f 1462// 1553// 1575//
f 1575// 1553// 1551//
f 1575// 1551// 2082//
f 2082// 1551// 1545//
f 2082// 1545// 2083//
f 2084// 2085// 2086//
f 2086// 2087// 2084//
f 2084// 2087// 2088//
f 2084// 2088// 2089//
f 2089// 2090// 2084//
f 2084// 2090// 2091//
f 2084// 2091// 2092//
f 2092// 2091// 2093//
f 2093// 2094// 2092//
f 2092// 2094// 2095//
f 2092// 2095// 2096//
f 2096// 2097// 2092//
f 2092// 2097// 2098//
f 2092// 2098// 2099//
f 2100// 2101// 2102//
f 2102// 2103// 2100//
f 2100// 2103// 2104//
f 2100// 2104// 2105//
f 2105// 2106// 2100//
f 2100// 2106// 2107//
f 2100// 2107// 2108//
f 2108// 2107// 2109//
f 2109// 2110// 2108//
f 2108// 2110// 2111//
f 2108// 2111// 2112//
f 2112// 2113// 2108//
f 2108// 2113// 2114//
f 2108// 2114// 2115//
f 2116// 2117// 2118//
f 2118// 2119// 2116//
f 2116// 2119// 2120//
f 2116// 2120// 2121//
f 2121// 2122// 2116//
f 2116// 2122// 2123//
f 2116// 2123// 2124//
f 2124// 2123// 2125//
f 2125// 2126// 2124//
f 2124// 2126// 2127//
f 2124// 2127// 2128//
f 2128// 2129// 2124//
f 2124// 2129// 2130//
f 2124// 2130// 2131//
f 2132// 2133// 2134//
f 2134// 2135// 2132//
f 2132// 2135// 2136//
f 2132// 2136// 2137//
f 2137// 2138// 2132//
f 2132// 2138// 2139//
f 2132// 2139// 2140//
f 2140// 2139// 2141//
f 2141// 2142// 2140//
f 2140// 2142// 2143//
f 2140// 2143// 2144//
f 2144// 2145// 2140//
f 2140// 2145// 2146//
f 2140// 2146// 2147//
f 2101// 2100// 2148//
f 2148// 2100// 2149//
f 2148// 2149// 2150//
f 2150// 2149// 2151//
f 2151// 2149// 2152//
f 2152// 2149// 2153//
f 2152// 2153// 2154//
f 2155// 2156// 2157//
f 2157// 2156// 2158//
f 2157// 2158// 2153//
f 2153// 2158// 2159//
f 2153// 2159// 2154//
f 2155// 2157// 2160//
f 2160// 2157// 1705//
f 2160// 1705// 1711//
f 2161// 2162// 2163//
f 2163// 2162// 2108//
f 2163// 2108// 2115//
f 2164// 2165// 2166//
f 2166// 2165// 2162//
f 2166// 2162// 2167//
f 2167// 2162// 2161//
f 2164// 2168// 2165//
f 2165// 2168// 2169//
f 2165// 2169// 2170//
f 1683// 1682// 2171//
f 2171// 1682// 2170//
f 2171// 2170// 2172//
f 2172// 2170// 2169//
f 2117// 2116// 2173//
f 2173// 2116// 2174//
f 2173// 2174// 2175//
f 2175// 2174// 2176//
f 2176// 2174// 2177//
f 2177// 2174// 2178//
f 2177// 2178// 2179//
f 2180// 2181// 2182//
f 2182// 2181// 2183//
f 2182// 2183// 2178//
f 2178// 2183// 2184//
f 2178// 2184// 2179//
f 2180// 2182// 2185//
f 2185// 2182// 1690//
f 2185// 1690// 1696//
f 2186// 2187// 2188//
f 2188// 2187// 2124//
f 2188// 2124// 2131//
f 2189// 2190// 2191//
f 2191// 2190// 2187//
f 2191// 2187// 2192//
f 2192// 2187// 2186//
f 2189// 2193// 2190//
f 2190// 2193// 2194//
f 2190// 2194// 2195//
f 1728// 1727// 2196//
f 2196// 1727// 2195//
f 2196// 2195// 2197//
f 2197// 2195// 2194//
f 2198// 2199// 2200//
f 2200// 2199// 2140//
f 2200// 2140// 2147//
f 2201// 2202// 2203//
f 2203// 2202// 2199//
f 2203// 2199// 2204//
f 2204// 2199// 2198//
f 2201// 2205// 2202//
f 2202// 2205// 2206//
f 2202// 2206// 2207//
f 1713// 1712// 2208//
f 2208// 1712// 2207//
f 2208// 2207// 2209//
f 2209// 2207// 2206//
f 2085// 2084// 2210//
f 2210// 2084// 2211//
f 2210// 2211// 2212//
f 2212// 2211// 2213//
f 2213// 2211// 2214//
f 2214// 2211// 2215//
f 2214// 2215// 2216//
f 2217// 2218// 2219//
f 2219// 2218// 2220//
f 2219// 2220// 2215//
f 2215// 2220// 2221//
f 2215// 2221// 2216//
f 2217// 2219// 2222//
f 2222// 2219// 1720//
f 2222// 1720// 1726//
f 2223// 2224// 2225//
f 2225// 2224// 2092//
f 2225// 2092// 2099//
f 2226// 2227// 2228//
f 2228// 2227// 2224//
f 2228// 2224// 2229//
f 2229// 2224// 2223//
f 2226// 2230// 2227//
f 2227// 2230// 2231//
f 2227// 2231// 2232//
f 1698// 1697// 2233//
f 2233// 1697// 2232//
f 2233// 2232// 2234//
f 2234// 2232// 2231//
f 2133// 2132// 2235//
f 2235// 2132// 2236//
f 2235// 2236// 2237//
f 2237// 2236// 2238//
f 2238// 2236// 2239//
f 2239// 2236// 2240//
f 2239// 2240// 2241//
f 2242// 2243// 2244//
f 2244// 2243// 2245//
f 2244// 2245// 2240//
f 2240// 2245// 2246//
f 2240// 2246// 2241//
f 2242// 2244// 2247//
f 2247// 2244// 1735//
f 2247// 1735// 1741//
f 1645// 2124// 2187//
f 1645// 2187// 1651//
f 1651// 2187// 2190//
f 1651// 2190// 1652//
f 1652// 2190// 2195//
f 1652// 2195// 1653//
f 1653// 2195// 1727//
f 1653// 1727// 1668//
f 1735// 1669// 1727//
f 1727// 1669// 1668//
f 1667// 2116// 1645//
f 1645// 2116// 2124//
f 1669// 1735// 2244//
f 1669// 2244// 1670//
f 1670// 2244// 2240//
f 1670// 2240// 1680//
f 1680// 2240// 2236//
f 1680// 2236// 1681//
f 1681// 2236// 2132//
f 1681// 2132// 1654//
f 1648// 1690// 2182//
f 1648// 2182// 1649//
f 1649// 2182// 2178//
f 1649// 2178// 1650//
f 1650// 2178// 2174//
f 1650// 2174// 1666//
f 1666// 2174// 2116//
f 1666// 2116// 1667//
f 2140// 1655// 2132//
f 2132// 1655// 1654//
f 1665// 1682// 1648//
f 1648// 1682// 1690//
f 1655// 2140// 2199//
f 1655// 2199// 1656//
f 1656// 2199// 2202//
f 1656// 2202// 1657//
f 1657// 2202// 2207//
f 1657// 2207// 1658//
f 1658// 2207// 1712//
f 1658// 1712// 1659//
f 1661// 2108// 2162//
f 1661// 2162// 1662//
f 1662// 2162// 2165//
f 1662// 2165// 1663//
f 1663// 2165// 2170//
f 1663// 2170// 1664//
f 1664// 2170// 1682//
f 1664// 1682// 1665//
f 1720// 1644// 1712//
f 1712// 1644// 1659//
f 1660// 2100// 1661//
f 1661// 2100// 2108//
f 1644// 1720// 2219//
f 1644// 2219// 1678//
f 1678// 2219// 2215//
f 1678// 2215// 1679//
f 1679// 2215// 2211//
f 1679// 2211// 1677//
f 1677// 2211// 2084//
f 1677// 2084// 1642//
f 1646// 1705// 2157//
f 1646// 2157// 1647//
f 1647// 2157// 2153//
f 1647// 2153// 1675//
f 1675// 2153// 2149//
f 1675// 2149// 1676//
f 1676// 2149// 2100//
f 1676// 2100// 1660//
f 2092// 1643// 2084//
f 2084// 1643// 1642//
f 1674// 1697// 1646//
f 1646// 1697// 1705//
f 1643// 2092// 2224//
f 1643// 2224// 1671//
f 1671// 2224// 2227//
f 1671// 2227// 1672//
f 1672// 2227// 2232//
f 1672// 2232// 1673//
f 1673// 2232// 1697//
f 1673// 1697// 1674//
f 2248// 2249// 2250//
f 2250// 480// 479//
f 479// 496// 2250//
f 2250// 496// 494//
f 2250// 494// 2248//
f 2248// 494// 493//
f 493// 490// 2248//
f 2248// 490// 474//
f 2248// 474// 476//
f 2249// 2248// 2251//
f 2251// 2248// 2252//
f 2251// 2252// 2253//
f 2253// 2252// 2254//
f 2254// 2252// 1602//
f 2254// 1602// 1601//
f 2064// 1434// 2255//
f 2255// 1434// 2256//
f 2255// 2256// 2257//
f 87// 77// 2258//
f 2258// 77// 79//
f 2257// 2256// 2259//
f 2259// 2256// 2258//
f 2259// 2258// 2260//
f 2260// 2258// 79//
f 2260// 79// 2261//
f 2261// 79// 72//
f 2261// 72// 71//
f 71// 60// 2261//
f 2261// 60// 36//
f 2261// 36// 59//
f 2073// 2262// 2071//
f 2071// 2262// 2263//
f 2071// 2263// 2264//
f 2264// 2265// 2071//
f 2071// 2265// 2266//
f 2071// 2266// 2267//
f 2267// 2268// 2071//
f 2071// 2268// 2269//
f 2071// 2269// 2270//
f 2271// 2272// 2273//
f 2273// 2272// 2270//
f 2273// 2270// 2274//
f 2274// 2270// 2269//
f 2275// 2276// 2277//
f 2277// 2276// 2278//
f 2275// 2279// 2276//
f 2276// 2279// 2280//
f 2276// 2280// 2281//
f 2281// 2280// 2078//
f 2281// 2078// 2077//
f 2271// 2282// 2272//
f 2272// 2282// 2283//
f 2272// 2283// 2284//
f 2278// 2276// 2284//
f 2284// 2276// 2285//
f 2284// 2285// 2272//
f 1607// 1606// 2286//
f 2286// 1606// 2287//
f 2286// 2287// 2288//
f 2288// 2287// 2289//
f 2289// 2287// 2290//
f 2289// 2290// 2291//
f 2291// 2290// 2292//
f 2292// 2290// 2070//
f 2292// 2070// 2069//
f 1520// 1597// 2293//
f 1520// 1521// 1597//
f 1597// 1521// 1522//
f 1597// 1522// 1523//
f 1523// 1524// 1597//
f 1597// 1524// 1525//
f 1597// 1525// 1526//
f 1526// 1527// 1597//
f 1597// 1527// 1490//
f 1597// 1490// 1486//
f 1543// 1544// 2294//
f 2294// 1544// 2295//
f 2295// 1544// 1535//
f 2295// 1535// 1533//
f 1533// 1528// 2295//
f 2295// 1528// 1530//
f 2295// 1530// 2293//
f 2293// 1530// 1519//
f 2293// 1519// 1520//
f 2296// 2083// 1545//
f 1545// 1547// 2296//
f 2296// 1547// 1537//
f 2296// 1537// 1539//
f 2294// 2297// 1543//
f 1543// 2297// 2296//
f 1543// 2296// 1541//
f 1541// 2296// 1539//
f 1595// 1485// 2298//
f 2298// 1485// 2299//
f 2298// 2299// 2300//
f 2300// 2299// 2301//
f 2301// 2299// 2302//
f 2301// 2302// 2303//
f 2303// 2302// 2304//
f 2304// 2302// 1617//
f 2304// 1617// 1627//
f 1339// 1606// 1329//
f 1329// 1606// 1617//
f 1319// 2070// 2290//
f 1319// 2290// 1337//
f 1337// 2290// 2287//
f 1337// 2287// 1338//
f 1338// 2287// 1606//
f 1338// 1606// 1339//
f 1329// 1617// 2302//
f 1329// 2302// 1330//
f 1330// 2302// 2299//
f 1330// 2299// 1340//
f 1340// 2299// 1485//
f 1340// 1485// 1341//
f 2073// 2070// 1318//
f 1318// 2070// 1319//
f 1318// 1317// 2305//
f 2305// 2306// 1318//
f 1318// 2306// 2307//
f 1318// 2307// 2073//
f 2073// 2307// 2262//
f 1316// 1328// 2308//
f 2309// 2310// 2311//
f 2311// 2310// 2312//
f 2311// 2312// 2313//
f 2313// 2312// 2314//
f 2314// 2312// 2315//
f 2314// 2315// 2316//
f 2316// 2315// 2317//
f 2316// 2317// 2318//
f 2318// 2317// 2319//
f 2318// 2319// 2320//
f 2321// 2322// 2323//
f 2323// 2322// 2324//
f 2323// 2324// 2320//
f 2325// 2326// 1328//
f 1328// 2326// 2327//
f 1328// 2327// 2328//
f 2328// 2329// 1328//
f 1328// 2329// 2330//
f 1328// 2330// 2308//
f 2330// 2331// 2308//
f 2308// 2331// 2332//
f 2308// 2332// 2323//
f 2323// 2332// 2333//
f 2323// 2333// 2321//
f 1328// 1327// 2325//
f 2325// 1327// 1315//
f 2325// 1315// 2334//
f 2334// 1315// 1314//
f 2320// 2319// 2323//
f 2323// 2319// 2335//
f 2323// 2335// 2308//
f 2308// 2335// 2336//
f 2308// 2336// 2337//
f 1317// 1316// 2305//
f 2305// 1316// 2308//
f 2305// 2308// 2306//
f 2306// 2308// 2337//
f 2306// 2337// 2307//
f 2262// 2307// 2263//
f 2263// 2307// 2337//
f 2263// 2337// 2264//
f 2264// 2337// 2336//
f 2264// 2336// 2265//
f 2265// 2336// 2335//
f 2265// 2335// 2266//
f 2266// 2335// 2319//
f 2266// 2319// 2267//
f 2267// 2319// 2317//
f 2267// 2317// 2268//
f 2268// 2317// 2315//
f 2268// 2315// 2269//
f 2269// 2315// 2312//
f 2269// 2312// 2274//
f 2274// 2312// 2310//
f 2274// 2310// 2273//
f 2309// 2338// 2310//
f 2310// 2338// 2273//
f 2273// 2338// 2271//
f 2271// 2338// 2339//
f 2271// 2339// 2282//
f 2279// 2340// 2341//
f 2279// 2341// 2280//
f 2280// 2341// 2342//
f 2280// 2342// 2078//
f 2340// 2279// 2343//
f 2343// 2279// 2275//
f 2343// 2275// 2344//
f 2344// 2275// 2277//
f 2344// 2277// 2345//
f 2345// 2277// 2278//
f 2345// 2278// 2346//
f 2346// 2278// 2284//
f 2346// 2284// 2347//
f 2347// 2284// 2283//
f 2347// 2283// 2348//
f 2348// 2283// 2282//
f 2348// 2282// 2339//
f 2349// 2076// 2350//
f 2350// 2076// 2081//
f 2350// 2081// 2351//
f 2351// 2081// 2080//
f 2351// 2080// 2342//
f 2342// 2080// 2078//
f 1381// 2076// 2352//
f 2352// 2076// 2349//
f 2353// 1405// 1404//
f 2354// 1379// 2355//
f 2355// 1379// 1381//
f 2355// 1381// 2352//
f 2353// 1404// 2356//
f 1404// 1402// 2356//
f 2356// 1402// 1401//
f 2356// 1401// 2354//
f 2354// 1401// 1377//
f 2354// 1377// 1379//
f 2357// 1454// 1453//
f 880// 1436// 882//
f 882// 1436// 616//
f 882// 616// 884//
f 2357// 1453// 879//
f 1453// 1451// 879//
f 879// 1451// 1450//
f 879// 1450// 880//
f 880// 1450// 1435//
f 880// 1435// 1436//
f 616// 617// 884//
f 884// 617// 654//
f 1353// 1352// 2358//
f 657// 659// 900//
f 900// 659// 2359//
f 900// 2359// 942//
f 942// 2359// 943//
f 943// 2359// 2360//
f 943// 2360// 938//
f 938// 2360// 2361//
f 938// 2361// 937//
f 937// 2361// 2362//
f 937// 2362// 935//
f 922// 921// 2363//
f 2363// 921// 920//
f 2363// 920// 935//
f 904// 903// 1352//
f 1352// 903// 912//
f 1352// 912// 911//
f 911// 915// 1352//
f 1352// 915// 914//
f 1352// 914// 2358//
f 914// 918// 2358//
f 2358// 918// 917//
f 2358// 917// 2363//
f 2363// 917// 923//
f 2363// 923// 922//
f 1352// 1351// 904//
f 904// 1351// 1350//
f 904// 1350// 906//
f 906// 1350// 908//
f 935// 2362// 2363//
f 2363// 2362// 2364//
f 2363// 2364// 2358//
f 2358// 2364// 2365//
f 2358// 2365// 2366//
f 1354// 1353// 2367//
f 2367// 1353// 2358//
f 2367// 2358// 2368//
f 2368// 2358// 2366//
f 2368// 2366// 2369//
f 645// 2369// 643//
f 643// 2369// 2366//
f 643// 2366// 647//
f 647// 2366// 2365//
f 647// 2365// 648//
f 648// 2365// 2364//
f 648// 2364// 649//
f 649// 2364// 2362//
f 649// 2362// 650//
f 650// 2362// 2361//
f 650// 2361// 651//
f 651// 2361// 2360//
f 651// 2360// 652//
f 652// 2360// 2359//
f 652// 2359// 628//
f 628// 2359// 659//
f 628// 659// 627//
f 627// 659// 624//
f 1347// 1354// 2367//
f 2367// 2368// 1347//
f 1347// 2368// 2369//
f 1347// 2369// 646//
f 646// 2369// 645//
f 646// 1602// 1347//
f 1347// 1602// 1348//
f 1336// 87// 2258//
f 1336// 2258// 1349//
f 1349// 2258// 2256//
f 1349// 2256// 1334//
f 1334// 2256// 1434//
f 1334// 1434// 1325//
f 1348// 1602// 2252//
f 1348// 2252// 1355//
f 1355// 2252// 2248//
f 1355// 2248// 1356//
f 1356// 2248// 476//
f 1356// 476// 1335//
f 476// 477// 1335//
f 1335// 477// 208//
f 208// 212// 1335//
f 1335// 212// 248//
f 1335// 248// 250//
f 250// 283// 1335//
f 1335// 283// 266//
f 1335// 266// 265//
f 265// 540// 1335//
f 1335// 540// 438//
f 1335// 438// 1336//
f 1336// 438// 99//
f 1336// 99// 87//
usemtl 2
f 45// 50// 2370//
f 2370// 50// 592//
f 2370// 592// 591//
f 591// 590// 2370//
f 2370// 590// 589//
f 2370// 589// 531//
f 1628// 1630// 2371//
f 2371// 1630// 2372//
f 2371// 2372// 2373//
f 2373// 2372// 2374//
f 2373// 2374// 2375//
f 2375// 2374// 2376//
f 2375// 2376// 2377//
f 2377// 2376// 2378//
f 2377// 2378// 2379//
f 2379// 2378// 2380//
f 2379// 2380// 2381//
f 2381// 2380// 2382//
f 2381// 2382// 2370//
f 2370// 2382// 2383//
f 2370// 2383// 45//
f 2374// 2372// 2384//
f 2378// 2376// 2385//
f 2386// 59// 58//
f 2387// 2386// 2388//
f 1860// 2389// 1862//
f 1862// 2389// 2390//
f 1862// 2390// 1864//
f 1864// 2390// 2391//
f 1864// 2391// 1866//
f 1866// 2391// 1868//
f 1868// 2391// 2392//
f 1868// 2392// 1870//
f 1870// 2392// 2393//
f 1870// 2393// 1880//
f 2386// 58// 2388//
f 2388// 58// 57//
f 2388// 57// 2394//
f 2394// 57// 56//
f 2394// 56// 2395//
f 2395// 56// 55//
f 2395// 55// 2396//
f 2396// 55// 54//
f 2396// 54// 2397//
f 2397// 54// 53//
f 2397// 53// 2398//
f 2398// 53// 52//
f 2398// 52// 2399//
f 2399// 52// 51//
f 2399// 51// 2400//
f 2400// 51// 45//
f 2400// 45// 2383//
f 2383// 2382// 2400//
f 2400// 2382// 2401//
f 2400// 2401// 2399//
f 2399// 2401// 2402//
f 2399// 2402// 2398//
f 2398// 2402// 2403//
f 2398// 2403// 2397//
f 2397// 2403// 2404//
f 2397// 2404// 2396//
f 2396// 2404// 2405//
f 2396// 2405// 2395//
f 2395// 2405// 2406//
f 2395// 2406// 2394//
f 2394// 2406// 2407//
f 2394// 2407// 2388//
f 2388// 2407// 2408//
f 2388// 2408// 2387//
f 2387// 2408// 2409//
f 2382// 2380// 2401//
f 2401// 2380// 2410//
f 2401// 2410// 2402//
f 2402// 2410// 2411//
f 2402// 2411// 2403//
f 2403// 2411// 2412//
f 2403// 2412// 2404//
f 2404// 2412// 2413//
f 2404// 2413// 2405//
f 2405// 2413// 2414//
f 2405// 2414// 2406//
f 2406// 2414// 2415//
f 2406// 2415// 2407//
f 2407// 2415// 2416//
f 2407// 2416// 2408//
f 2408// 2416// 2417//
f 2408// 2417// 2409//
f 2409// 2417// 2418//
f 2380// 2378// 2410//
f 2410// 2378// 2385//
f 2410// 2385// 2411//
f 2411// 2385// 2419//
f 2411// 2419// 2412//
f 2412// 2419// 2420//
f 2412// 2420// 2413//
f 2413// 2420// 2421//
f 2413// 2421// 2414//
f 2414// 2421// 2422//
f 2414// 2422// 2415//
f 2415// 2422// 2423//
f 2415// 2423// 2416//
f 2416// 2423// 2424//
f 2416// 2424// 2417//
f 2417// 2424// 2425//
f 2417// 2425// 2418//
f 2418// 2425// 2426//
f 2376// 2374// 2385//
f 2385// 2374// 2384//
f 2385// 2384// 2419//
f 2419// 2384// 2427//
f 2419// 2427// 2420//
f 2420// 2427// 2428//
f 2420// 2428// 2421//
f 2421// 2428// 2393//
f 2421// 2393// 2422//
f 2422// 2393// 2392//
f 2422// 2392// 2423//
f 2423// 2392// 2391//
f 2423// 2391// 2424//
f 2424// 2391// 2390//
f 2424// 2390// 2425//
f 2425// 2390// 2389//
f 2425// 2389// 2426//
f 2426// 2389// 1860//
f 1880// 2393// 1878//
f 1878// 2393// 2428//
f 1878// 2428// 1876//
f 1876// 2428// 2427//
f 1876// 2427// 1874//
f 1874// 2427// 2384//
f 1874// 2384// 1871//
f 1871// 2384// 2372//
f 1871// 2372// 1630//
f 2429// 2430// 2431//
f 1745// 2432// 2433//
f 2434// 1763// 1762//
f 2435// 2434// 2436//
f 480// 2437// 478//
f 478// 2437// 2438//
f 478// 2438// 1//
f 2434// 1762// 2436//
f 2436// 1762// 1760//
f 2436// 1760// 2439//
f 2439// 1760// 1758//
f 2439// 1758// 2440//
f 2440// 1758// 1756//
f 2440// 1756// 2441//
f 1// 2438// 2//
f 2// 2438// 2442//
f 2// 2442// 497//
f 497// 2442// 2443//
f 497// 2443// 498//
f 498// 2443// 2444//
f 498// 2444// 500//
f 500// 2444// 501//
f 501// 2444// 2445//
f 501// 2445// 502//
f 1756// 1753// 2441//
f 2441// 1753// 1751//
f 2441// 1751// 2446//
f 2446// 1751// 1749//
f 2446// 1749// 2433//
f 2433// 1749// 1747//
f 2433// 1747// 1745//
f 2429// 2447// 2448//
f 2448// 2447// 2445//
f 2448// 2445// 2449//
f 2449// 2445// 2444//
f 2449// 2444// 2450//
f 2450// 2444// 2443//
f 2450// 2443// 2451//
f 2451// 2443// 2442//
f 2451// 2442// 2452//
f 2452// 2442// 2438//
f 2452// 2438// 2453//
f 2453// 2438// 2437//
f 2453// 2437// 2454//
f 2454// 2437// 480//
f 502// 2445// 504//
f 504// 2445// 2447//
f 504// 2447// 505//
f 2455// 2435// 2456//
f 2456// 2435// 2436//
f 2456// 2436// 2457//
f 2457// 2436// 2439//
f 2457// 2439// 2458//
f 2458// 2439// 2440//
f 2458// 2440// 2459//
f 2459// 2440// 2441//
f 2459// 2441// 2460//
f 2460// 2441// 2446//
f 2460// 2446// 2461//
f 2461// 2446// 2433//
f 2461// 2433// 2462//
f 2462// 2433// 2432//
f 2462// 2432// 2463//
f 2429// 2431// 2447//
f 2447// 2431// 525//
f 2447// 525// 505//
f 2371// 2464// 1628//
f 1628// 2464// 1743//
f 1745// 1743// 2432//
f 2432// 1743// 2464//
f 2432// 2464// 2463//
f 2463// 2464// 2371//
f 2463// 2371// 2373//
f 2373// 2375// 2463//
f 2463// 2375// 2465//
f 2463// 2465// 2462//
f 2462// 2465// 2466//
f 2462// 2466// 2461//
f 2461// 2466// 2467//
f 2461// 2467// 2460//
f 2460// 2467// 2468//
f 2460// 2468// 2459//
f 2459// 2468// 2469//
f 2459// 2469// 2458//
f 2458// 2469// 2470//
f 2458// 2470// 2457//
f 2457// 2470// 2471//
f 2457// 2471// 2456//
f 2456// 2471// 2472//
f 2456// 2472// 2455//
f 2455// 2472// 2473//
f 2375// 2377// 2465//
f 2465// 2377// 2430//
f 2465// 2430// 2466//
f 2466// 2430// 2429//
f 2466// 2429// 2467//
f 2467// 2429// 2448//
f 2467// 2448// 2468//
f 2468// 2448// 2449//
f 2468// 2449// 2469//
f 2469// 2449// 2450//
f 2469// 2450// 2470//
f 2470// 2450// 2451//
f 2470// 2451// 2471//
f 2471// 2451// 2452//
f 2471// 2452// 2472//
f 2472// 2452// 2453//
f 2472// 2453// 2473//
f 2473// 2453// 2454//
f 529// 528// 2431//
f 2431// 528// 526//
f 2431// 526// 525//
f 531// 529// 2370//
f 2370// 529// 2431//
f 2370// 2431// 2381//
f 2381// 2431// 2430//
f 2381// 2430// 2379//
f 2379// 2430// 2377//
f 2474// 2475// 2476//
f 2426// 1860// 1858//
f 2261// 59// 2477//
f 2477// 59// 2386//
f 2477// 2386// 2478//
f 2478// 2386// 2387//
f 2478// 2387// 2479//
f 2479// 2387// 2409//
f 2479// 2409// 2480//
f 2480// 2409// 2418//
f 2480// 2418// 2474//
f 2474// 2418// 2426//
f 2481// 2259// 2260//
f 2474// 2476// 2480//
f 2480// 2476// 2482//
f 2480// 2482// 2479//
f 2479// 2482// 2483//
f 2479// 2483// 2478//
f 2478// 2483// 2481//
f 2478// 2481// 2477//
f 2477// 2481// 2260//
f 2477// 2260// 2261//
f 2426// 1858// 2474//
f 2474// 1858// 1856//
f 2474// 1856// 2475//
f 2475// 1856// 1855//
f 2475// 1855// 1849//
f 2484// 2255// 2257//
f 1849// 2485// 2475//
f 2475// 2485// 2486//
f 2475// 2486// 2476//
f 2476// 2486// 2487//
f 2476// 2487// 2482//
f 2482// 2487// 2488//
f 2482// 2488// 2483//
f 2483// 2488// 2484//
f 2483// 2484// 2481//
f 2481// 2484// 2257//
f 2481// 2257// 2259//
f 2064// 2255// 2489//
f 2489// 2255// 2484//
f 2489// 2484// 2490//
f 2490// 2484// 2488//
f 2490// 2488// 2491//
f 2491// 2488// 2487//
f 2491// 2487// 2492//
f 2492// 2487// 2486//
f 2492// 2486// 2493//
f 2493// 2486// 2485//
f 2493// 2485// 1847//
f 1847// 2485// 1849//
f 1765// 1763// 2434//
f 2253// 2254// 2494//
f 2254// 1601// 2494//
f 2494// 1601// 2495//
f 2494// 2495// 2496//
f 2496// 2495// 2497//
f 2496// 2497// 2498//
f 2498// 2497// 2499//
f 2498// 2499// 2500//
f 2500// 2499// 2501//
f 2500// 2501// 2502//
f 2502// 2501// 2503//
f 1769// 2502// 1771//
f 1771// 2502// 2503//
f 1771// 2503// 1773//
f 2504// 2251// 2253//
f 2253// 2494// 2504//
f 2504// 2494// 2496//
f 2504// 2496// 2505//
f 2505// 2496// 2498//
f 2505// 2498// 2506//
f 2506// 2498// 2500//
f 2506// 2500// 2507//
f 2507// 2500// 2502//
f 2507// 2502// 2508//
f 2508// 2502// 1769//
f 2508// 1769// 1767//
f 2509// 2250// 2249//
f 1767// 2510// 2508//
f 2508// 2510// 2511//
f 2508// 2511// 2507//
f 2507// 2511// 2512//
f 2507// 2512// 2506//
f 2506// 2512// 2513//
f 2506// 2513// 2505//
f 2505// 2513// 2509//
f 2505// 2509// 2504//
f 2504// 2509// 2249//
f 2504// 2249// 2251//
f 480// 2250// 2454//
f 2454// 2250// 2509//
f 2454// 2509// 2473//
f 2473// 2509// 2513//
f 2473// 2513// 2455//
f 2455// 2513// 2512//
f 2455// 2512// 2435//
f 2435// 2512// 2511//
f 2435// 2511// 2434//
f 2434// 2511// 2510//
f 2434// 2510// 1765//
f 1765// 2510// 1767//
f 1839// 1050// 1052//
f 2514// 2066// 2067//
f 2493// 1847// 1852//
f 2065// 2064// 2515//
f 2515// 2064// 2489//
f 2515// 2489// 2516//
f 2516// 2489// 2490//
f 2516// 2490// 2517//
f 2517// 2490// 2491//
f 2517// 2491// 2518//
f 2518// 2491// 2492//
f 2518// 2492// 2519//
f 2519// 2492// 2493//
f 2493// 1852// 2519//
f 2519// 1852// 1851//
f 2519// 1851// 1844//
f 2065// 2515// 2520//
f 2520// 2515// 2516//
f 2520// 2516// 2521//
f 2521// 2516// 2517//
f 2521// 2517// 2522//
f 2522// 2517// 2518//
f 2522// 2518// 2523//
f 2523// 2518// 2519//
f 2523// 2519// 2524//
f 2524// 2519// 1844//
f 2524// 1844// 1841//
f 1841// 2525// 2524//
f 2524// 2525// 2526//
f 2524// 2526// 2523//
f 2523// 2526// 2527//
f 2523// 2527// 2522//
f 2522// 2527// 2528//
f 2522// 2528// 2521//
f 2521// 2528// 2514//
f 2521// 2514// 2520//
f 2520// 2514// 2067//
f 2520// 2067// 2065//
f 999// 2066// 1058//
f 1058// 2066// 2514//
f 1058// 2514// 1060//
f 1060// 2514// 2528//
f 1060// 2528// 1055//
f 1055// 2528// 2527//
f 1055// 2527// 1054//
f 1054// 2527// 2526//
f 1054// 2526// 1052//
f 1052// 2526// 2525//
f 1052// 2525// 1839//
f 1839// 2525// 1841//
f 2529// 1600// 1605//
f 1777// 1775// 2530//
f 2531// 1604// 1603//
f 703// 704// 1785//
f 1603// 644// 2532//
f 2532// 644// 699//
f 2532// 699// 2533//
f 2533// 699// 700//
f 2533// 700// 2534//
f 2534// 700// 701//
f 2534// 701// 2535//
f 2535// 701// 702//
f 2535// 702// 2536//
f 2536// 702// 703//
f 703// 1785// 2536//
f 2536// 1785// 1783//
f 2536// 1783// 1781//
f 1603// 2532// 2531//
f 2531// 2532// 2533//
f 2531// 2533// 2537//
f 2537// 2533// 2534//
f 2537// 2534// 2538//
f 2538// 2534// 2535//
f 2538// 2535// 2539//
f 2539// 2535// 2536//
f 2539// 2536// 2540//
f 2540// 2536// 1781//
f 2540// 1781// 1779//
f 1604// 2531// 2541//
f 2541// 2531// 2537//
f 2541// 2537// 2542//
f 2542// 2537// 2538//
f 2542// 2538// 2543//
f 2543// 2538// 2539//
f 2543// 2539// 2544//
f 2544// 2539// 2540//
f 2544// 2540// 2545//
f 2545// 2540// 1779//
f 2545// 1779// 1777//
f 1777// 2530// 2545//
f 2545// 2530// 2546//
f 2545// 2546// 2544//
f 2544// 2546// 2547//
f 2544// 2547// 2543//
f 2543// 2547// 2548//
f 2543// 2548// 2542//
f 2542// 2548// 2529//
f 2542// 2529// 2541//
f 2541// 2529// 1605//
f 2541// 1605// 1604//
f 1601// 1600// 2495//
f 2495// 1600// 2529//
f 2495// 2529// 2497//
f 2497// 2529// 2548//
f 2497// 2548// 2499//
f 2499// 2548// 2547//
f 2499// 2547// 2501//
f 2501// 2547// 2546//
f 2501// 2546// 2503//
f 2503// 2546// 2530//
f 2503// 2530// 1773//
f 1773// 2530// 1775//
f 1232// 1640// 1230//
f 1230// 1640// 2549//
f 1230// 2549// 1228//
f 1228// 2549// 2550//
f 1228// 2550// 1223//
f 1223// 2550// 2551//
f 1223// 2551// 1221//
f 1221// 2551// 2552//
f 1221// 2552// 1220//
f 1220// 2552// 2553//
f 1220// 2553// 1218//
f 1218// 2553// 2554//
f 1218// 2554// 1214//
f 1214// 2554// 2555//
f 1214// 2555// 1212//
f 1212// 2555// 2556//
f 1212// 2556// 1210//
f 1210// 2556// 2557//
f 1210// 2557// 1196//
f 1196// 2557// 2558//
f 1196// 2558// 1194//
f 1194// 2558// 2559//
f 1194// 2559// 1193//
f 1193// 2559// 2560//
f 1193// 2560// 1191//
f 1191// 2560// 2561//
f 1191// 2561// 1190//
f 1190// 2561// 2562//
f 1190// 2562// 985//
f 985// 2562// 1585//
f 1632// 730// 2563//
f 2563// 730// 729//
f 2563// 729// 2564//
f 2564// 729// 734//
f 2564// 734// 2565//
f 2565// 734// 860//
f 2565// 860// 2566//
f 2566// 860// 859//
f 2566// 859// 2567//
f 2567// 859// 858//
f 2567// 858// 2568//
f 2568// 858// 857//
f 2568// 857// 2569//
f 2569// 857// 856//
f 2569// 856// 2570//
f 2570// 856// 855//
f 2570// 855// 2571//
f 2571// 855// 846//
f 2571// 846// 2572//
f 2572// 846// 845//
f 2572// 845// 2573//
f 2573// 845// 837//
f 2573// 837// 2574//
f 2574// 837// 836//
f 2574// 836// 2575//
f 2575// 836// 832//
f 2575// 832// 2576//
f 2576// 832// 738//
f 2576// 738// 1582//
f 1582// 738// 594//
f 2577// 2549// 1640//
f 2549// 2577// 2550//
f 2578// 2579// 2580//
f 1586// 1585// 2562//
f 1589// 1588// 2581//
f 1591// 1589// 2582//
f 1592// 1591// 2583//
f 1590// 1592// 2584//
f 1594// 1590// 2585//
f 2586// 2587// 2588//
f 2588// 2587// 1593//
f 2588// 1593// 1594//
f 1586// 2562// 2589//
f 2589// 2562// 2561//
f 2589// 2561// 2590//
f 2586// 2588// 2591//
f 2591// 2588// 2592//
f 2591// 2592// 2593//
f 2593// 2592// 2594//
f 2593// 2594// 2595//
f 2561// 2560// 2590//
f 2590// 2560// 2559//
f 2590// 2559// 2596//
f 1589// 2581// 2582//
f 2582// 2581// 2597//
f 2582// 2597// 2598//
f 2598// 2597// 2599//
f 2598// 2599// 2600//
f 2600// 2599// 2601//
f 2600// 2601// 2602//
f 2603// 2601// 2604//
f 2604// 2601// 2599//
f 2604// 2599// 2605//
f 2605// 2599// 2597//
f 2605// 2597// 2606//
f 2606// 2597// 2581//
f 2606// 2581// 2607//
f 2607// 2581// 1588//
f 2607// 1588// 1587//
f 2559// 2558// 2596//
f 2596// 2558// 2557//
f 2596// 2557// 2608//
f 2595// 2594// 2609//
f 2609// 2594// 2610//
f 2609// 2610// 2611//
f 2611// 2610// 2612//
f 2611// 2612// 2613//
f 2614// 2615// 2602//
f 2616// 2603// 2617//
f 2617// 2603// 2604//
f 2617// 2604// 2608//
f 2608// 2604// 2605//
f 2608// 2605// 2596//
f 2596// 2605// 2606//
f 2596// 2606// 2590//
f 2590// 2606// 2607//
f 2590// 2607// 2589//
f 2589// 2607// 1587//
f 2589// 1587// 1586//
f 2580// 2579// 2612//
f 2612// 2579// 2618//
f 2612// 2618// 2613//
f 2619// 2615// 2620//
f 2620// 2615// 2614//
f 2620// 2614// 2621//
f 2622// 2619// 2623//
f 2623// 2619// 2620//
f 2623// 2620// 2624//
f 2624// 2620// 2621//
f 2624// 2621// 2625//
f 2557// 2556// 2608//
f 2608// 2556// 2555//
f 2608// 2555// 2617//
f 2617// 2555// 2554//
f 2617// 2554// 2616//
f 2616// 2554// 2553//
f 2616// 2553// 2552//
f 2602// 2601// 2614//
f 2614// 2601// 2603//
f 2614// 2603// 2621//
f 2621// 2603// 2616//
f 2621// 2616// 2625//
f 2625// 2616// 2552//
f 2625// 2552// 2551//
f 2551// 2550// 2625//
f 2625// 2550// 2577//
f 2625// 2577// 2624//
f 2624// 2577// 2626//
f 2624// 2626// 2623//
f 2623// 2626// 2627//
f 2623// 2627// 2622//
f 2622// 2627// 2628//
f 2629// 1940// 1938//
f 2578// 2580// 2630//
f 2630// 2580// 2631//
f 2630// 2631// 2632//
f 2632// 2631// 2629//
f 2632// 2629// 2633//
f 2633// 2629// 1938//
f 2633// 1938// 1937//
f 2634// 1949// 1943//
f 1594// 2585// 2588//
f 2588// 2585// 2635//
f 2588// 2635// 2592//
f 2592// 2635// 2636//
f 2592// 2636// 2594//
f 2594// 2636// 2637//
f 2594// 2637// 2610//
f 2610// 2637// 2638//
f 2610// 2638// 2612//
f 2612// 2638// 2639//
f 2612// 2639// 2580//
f 2580// 2639// 2640//
f 2580// 2640// 2631//
f 2631// 2640// 2634//
f 2631// 2634// 2629//
f 2629// 2634// 1943//
f 2629// 1943// 1940//
f 1590// 2584// 2585//
f 2585// 2584// 2641//
f 2585// 2641// 2635//
f 2635// 2641// 2642//
f 2635// 2642// 2636//
f 2636// 2642// 2643//
f 2636// 2643// 2637//
f 2637// 2643// 2644//
f 2637// 2644// 2638//
f 2638// 2644// 2645//
f 2638// 2645// 2639//
f 2639// 2645// 2646//
f 2639// 2646// 2640//
f 2640// 2646// 2647//
f 2640// 2647// 2634//
f 2634// 2647// 1947//
f 2634// 1947// 1949//
f 2648// 1957// 1945//
f 1592// 2583// 2584//
f 2584// 2583// 2649//
f 2584// 2649// 2641//
f 2641// 2649// 2650//
f 2641// 2650// 2642//
f 2642// 2650// 2651//
f 2642// 2651// 2643//
f 2643// 2651// 2652//
f 2643// 2652// 2644//
f 2644// 2652// 2653//
f 2644// 2653// 2645//
f 2645// 2653// 2654//
f 2645// 2654// 2646//
f 2646// 2654// 2648//
f 2646// 2648// 2647//
f 2647// 2648// 1945//
f 2647// 1945// 1947//
f 1591// 2582// 2583//
f 2583// 2582// 2598//
f 2583// 2598// 2649//
f 2649// 2598// 2600//
f 2649// 2600// 2650//
f 2650// 2600// 2602//
f 2650// 2602// 2651//
f 2651// 2602// 2615//
f 2651// 2615// 2652//
f 2652// 2615// 2619//
f 2652// 2619// 2653//
f 2653// 2619// 2622//
f 2653// 2622// 2654//
f 2654// 2622// 2628//
f 2654// 2628// 2648//
f 2648// 2628// 1955//
f 2648// 1955// 1957//
f 1640// 1964// 2577//
f 2577// 1964// 1966//
f 2577// 1966// 2626//
f 2626// 1966// 1968//
f 2626// 1968// 2627//
f 2627// 1968// 1961//
f 2627// 1961// 2628//
f 2628// 1961// 1953//
f 2628// 1953// 1955//
f 1576// 1575// 2655//
f 1583// 1576// 2656//
f 1584// 1583// 2657//
f 1579// 1584// 2658//
f 1577// 1579// 2659//
f 1578// 1577// 2660//
f 1580// 1578// 2661//
f 1581// 1580// 2662//
f 1581// 2663// 1582//
f 1582// 2663// 2576//
f 2576// 2663// 2575//
f 2575// 2663// 2664//
f 2575// 2664// 2574//
f 2574// 2664// 2573//
f 2573// 2664// 2665//
f 2573// 2665// 2572//
f 1576// 2655// 2656//
f 2656// 2655// 2666//
f 2656// 2666// 2667//
f 2667// 2666// 2668//
f 2667// 2668// 2669//
f 2668// 2670// 2669//
f 2669// 2670// 2671//
f 2669// 2671// 2672//
f 2672// 2671// 2673//
f 2572// 2665// 2571//
f 2571// 2665// 2674//
f 2571// 2674// 2570//
f 2570// 2674// 2675//
f 2570// 2675// 2569//
f 2569// 2675// 2568//
f 2568// 2675// 2676//
f 2568// 2676// 2567//
f 2673// 2677// 2672//
f 2672// 2677// 2678//
f 2672// 2678// 2679//
f 2679// 2678// 2680//
f 2679// 2680// 2681//
f 2567// 2676// 2566//
f 2566// 2676// 2682//
f 2566// 2682// 2565//
f 2680// 2683// 2681//
f 2681// 2683// 2684//
f 2681// 2684// 2685//
f 2685// 2684// 2686//
f 2685// 2686// 2687//
f 2687// 2686// 2688//
f 2687// 2688// 2689//
f 2565// 2682// 2564//
f 2564// 2682// 2690//
f 2564// 2690// 2563//
f 2563// 2690// 1975//
f 2563// 1975// 1632//
f 2691// 1981// 1983//
f 1581// 2662// 2663//
f 2663// 2662// 2692//
f 2663// 2692// 2664//
f 2664// 2692// 2693//
f 2664// 2693// 2665//
f 2665// 2693// 2694//
f 2665// 2694// 2674//
f 2674// 2694// 2695//
f 2674// 2695// 2675//
f 2675// 2695// 2696//
f 2675// 2696// 2676//
f 2676// 2696// 2697//
f 2676// 2697// 2682//
f 2682// 2697// 2691//
f 2682// 2691// 2690//
f 2690// 2691// 1983//
f 2690// 1983// 1975//
f 1580// 2661// 2662//
f 2662// 2661// 2698//
f 2662// 2698// 2692//
f 2692// 2698// 2699//
f 2692// 2699// 2693//
f 2693// 2699// 2700//
f 2693// 2700// 2694//
f 2694// 2700// 2701//
f 2694// 2701// 2695//
f 2695// 2701// 2702//
f 2695// 2702// 2696//
f 2696// 2702// 2703//
f 2696// 2703// 2697//
f 2697// 2703// 2704//
f 2697// 2704// 2691//
f 2691// 2704// 1976//
f 2691// 1976// 1981//
f 2705// 1990// 1977//
f 1578// 2660// 2661//
f 2661// 2660// 2706//
f 2661// 2706// 2698//
f 2698// 2706// 2707//
f 2698// 2707// 2699//
f 2699// 2707// 2708//
f 2699// 2708// 2700//
f 2700// 2708// 2709//
f 2700// 2709// 2701//
f 2701// 2709// 2710//
f 2701// 2710// 2702//
f 2702// 2710// 2711//
f 2702// 2711// 2703//
f 2703// 2711// 2705//
f 2703// 2705// 2704//
f 2704// 2705// 1977//
f 2704// 1977// 1976//
f 1577// 2659// 2660//
f 2660// 2659// 2712//
f 2660// 2712// 2706//
f 2706// 2712// 2713//
f 2706// 2713// 2707//
f 2707// 2713// 2714//
f 2707// 2714// 2708//
f 2708// 2714// 2715//
f 2708// 2715// 2709//
f 2709// 2715// 2716//
f 2709// 2716// 2710//
f 2710// 2716// 2717//
f 2710// 2717// 2711//
f 2711// 2717// 2718//
f 2711// 2718// 2705//
f 2705// 2718// 1988//
f 2705// 1988// 1990//
f 2719// 1999// 1986//
f 1579// 2658// 2659//
f 2659// 2658// 2720//
f 2659// 2720// 2712//
f 2712// 2720// 2721//
f 2712// 2721// 2713//
f 2713// 2721// 2722//
f 2713// 2722// 2714//
f 2714// 2722// 2723//
f 2714// 2723// 2715//
f 2715// 2723// 2724//
f 2715// 2724// 2716//
f 2716// 2724// 2725//
f 2716// 2725// 2717//
f 2717// 2725// 2719//
f 2717// 2719// 2718//
f 2718// 2719// 1986//
f 2718// 1986// 1988//
f 1584// 2657// 2658//
f 2658// 2657// 2726//
f 2658// 2726// 2720//
f 2720// 2726// 2727//
f 2720// 2727// 2721//
f 2721// 2727// 2728//
f 2721// 2728// 2722//
f 2722// 2728// 2729//
f 2722// 2729// 2723//
f 2723// 2729// 2730//
f 2723// 2730// 2724//
f 2724// 2730// 2731//
f 2724// 2731// 2725//
f 2725// 2731// 2732//
f 2725// 2732// 2719//
f 2719// 2732// 1997//
f 2719// 1997// 1999//
f 2687// 2004// 1994//
f 1583// 2656// 2657//
f 2657// 2656// 2667//
f 2657// 2667// 2726//
f 2726// 2667// 2669//
f 2726// 2669// 2727//
f 2727// 2669// 2672//
f 2727// 2672// 2728//
f 2728// 2672// 2679//
f 2728// 2679// 2729//
f 2729// 2679// 2681//
f 2729// 2681// 2730//
f 2730// 2681// 2685//
f 2730// 2685// 2731//
f 2731// 2685// 2687//
f 2731// 2687// 2732//
f 2732// 2687// 1994//
f 2732// 1994// 1997//
f 2004// 2687// 2007//
f 2007// 2687// 2689//
f 2007// 2689// 2010//
f 2633// 1937// 1935//
f 2630// 2632// 2733//
f 2733// 2632// 2633//
f 2578// 2734// 2579//
f 2579// 2734// 2735//
f 2611// 2613// 2735//
f 2735// 2613// 2618//
f 2735// 2618// 2579//
f 2609// 2736// 2595//
f 2595// 2736// 2737//
f 2595// 2737// 2593//
f 2593// 2737// 2591//
f 2591// 2737// 2738//
f 2591// 2738// 2586//
f 2586// 2738// 2587//
f 2587// 2738// 2079//
f 2587// 2079// 1593//
f 2633// 1935// 2733//
f 2733// 1935// 1933//
f 2733// 1933// 2739//
f 2739// 2740// 2733//
f 2733// 2740// 2734//
f 2733// 2734// 2630//
f 2630// 2734// 2578//
f 2741// 2735// 2742//
f 2742// 2735// 2734//
f 2742// 2734// 2743//
f 2743// 2734// 2740//
f 2741// 2744// 2735//
f 2735// 2744// 2736//
f 2735// 2736// 2611//
f 2611// 2736// 2609//
f 2744// 2745// 2736//
f 2736// 2745// 2746//
f 2736// 2746// 2737//
f 2737// 2746// 2747//
f 2737// 2747// 2738//
f 2077// 2079// 2748//
f 2748// 2079// 2738//
f 2748// 2738// 2749//
f 2749// 2738// 2747//
f 2750// 2082// 2083//
f 2751// 2752// 2753//
f 2753// 2752// 2754//
f 2754// 2752// 2755//
f 2754// 2755// 2756//
f 2757// 2758// 2759//
f 2759// 2758// 2760//
f 2759// 2760// 2761//
f 2761// 2760// 2762//
f 2763// 2764// 2765//
f 2765// 2764// 2750//
f 2765// 2750// 2766//
f 2766// 2750// 2083//
f 2010// 2754// 2012//
f 2012// 2754// 2756//
f 2012// 2756// 2013//
f 2010// 2689// 2754//
f 2754// 2689// 2688//
f 2754// 2688// 2753//
f 2753// 2688// 2686//
f 2753// 2686// 2684//
f 2684// 2683// 2753//
f 2753// 2683// 2761//
f 2753// 2761// 2751//
f 2751// 2761// 2762//
f 2677// 2759// 2678//
f 2678// 2759// 2761//
f 2678// 2761// 2680//
f 2680// 2761// 2683//
f 2677// 2673// 2759//
f 2759// 2673// 2764//
f 2759// 2764// 2757//
f 2757// 2764// 2763//
f 2673// 2671// 2764//
f 2764// 2671// 2670//
f 2764// 2670// 2750//
f 2750// 2670// 2668//
f 1575// 2082// 2655//
f 2655// 2082// 2750//
f 2655// 2750// 2666//
f 2666// 2750// 2668//
f 2272// 2285// 2767//
f 2768// 2743// 2769//
f 2769// 2743// 2740//
f 2769// 2740// 2739//
f 2770// 2741// 2768//
f 2768// 2741// 2742//
f 2768// 2742// 2743//
f 2771// 2745// 2770//
f 2770// 2745// 2744//
f 2770// 2744// 2741//
f 2772// 2747// 2771//
f 2771// 2747// 2746//
f 2771// 2746// 2745//
f 2077// 2748// 2772//
f 2772// 2748// 2749//
f 2772// 2749// 2747//
f 1930// 2769// 1932//
f 1932// 2769// 2739//
f 1932// 2739// 1933//
f 2285// 2276// 2772//
f 2772// 2276// 2281//
f 2772// 2281// 2077//
f 2285// 2772// 2767//
f 2767// 2772// 2771//
f 2767// 2771// 2773//
f 2773// 2771// 2770//
f 2773// 2770// 2774//
f 2774// 2770// 2768//
f 2774// 2768// 2775//
f 2775// 2768// 2769//
f 2775// 2769// 2776//
f 2776// 2769// 1930//
f 2776// 1930// 1929//
f 1929// 2777// 2776//
f 2776// 2777// 2778//
f 2776// 2778// 2775//
f 2775// 2778// 2779//
f 2775// 2779// 2774//
f 2774// 2779// 2780//
f 2774// 2780// 2773//
f 2773// 2780// 2781//
f 2773// 2781// 2767//
f 2767// 2781// 2270//
f 2767// 2270// 2272//
f 2071// 2270// 2782//
f 2782// 2270// 2781//
f 2782// 2781// 2783//
f 2783// 2781// 2780//
f 2783// 2780// 2784//
f 2784// 2780// 2779//
f 2784// 2779// 2785//
f 2785// 2779// 2778//
f 2785// 2778// 2786//
f 2786// 2778// 2777//
f 2786// 2777// 1928//
f 1928// 2777// 1929//
f 2762// 2760// 2787//
f 2788// 2789// 2790//
f 2019// 2017// 2791//
f 2791// 2017// 2792//
f 2791// 2792// 2793//
f 2794// 2793// 2795//
f 2796// 2794// 2797//
f 2797// 2794// 2795//
f 2797// 2795// 2798//
f 2799// 2796// 2800//
f 2800// 2796// 2797//
f 2800// 2797// 2801//
f 2801// 2797// 2798//
f 2801// 2798// 2802//
f 2296// 2297// 2803//
f 2803// 2297// 2294//
f 2803// 2294// 2804//
f 2804// 2294// 2295//
f 2804// 2295// 2805//
f 2805// 2295// 2293//
f 2805// 2293// 1597//
f 2013// 2789// 2015//
f 2015// 2789// 2788//
f 2015// 2788// 2016//
f 2013// 2756// 2789//
f 2789// 2756// 2755//
f 2789// 2755// 2790//
f 2790// 2755// 2752//
f 2790// 2752// 2751//
f 2017// 2016// 2792//
f 2792// 2016// 2788//
f 2792// 2788// 2806//
f 2806// 2788// 2790//
f 2806// 2790// 2787//
f 2787// 2790// 2751//
f 2787// 2751// 2762//
f 2793// 2792// 2795//
f 2795// 2792// 2806//
f 2795// 2806// 2798//
f 2798// 2806// 2787//
f 2798// 2787// 2802//
f 2802// 2787// 2760//
f 2802// 2760// 2758//
f 2758// 2757// 2802//
f 2802// 2757// 2803//
f 2802// 2803// 2801//
f 2801// 2803// 2804//
f 2801// 2804// 2800//
f 2800// 2804// 2805//
f 2800// 2805// 2799//
f 2799// 2805// 1597//
f 2757// 2763// 2803//
f 2803// 2763// 2765//
f 2803// 2765// 2296//
f 2296// 2765// 2766//
f 2296// 2766// 2083//
f 2807// 2068// 2075//
f 1918// 1916// 2808//
f 2809// 2074// 2072//
f 2786// 1928// 1926//
f 2072// 2071// 2810//
f 2810// 2071// 2782//
f 2810// 2782// 2811//
f 2811// 2782// 2783//
f 2811// 2783// 2812//
f 2812// 2783// 2784//
f 2812// 2784// 2813//
f 2813// 2784// 2785//
f 2813// 2785// 2814//
f 2814// 2785// 2786//
f 2786// 1926// 2814//
f 2814// 1926// 1924//
f 2814// 1924// 1922//
f 2072// 2810// 2809//
f 2809// 2810// 2811//
f 2809// 2811// 2815//
f 2815// 2811// 2812//
f 2815// 2812// 2816//
f 2816// 2812// 2813//
f 2816// 2813// 2817//
f 2817// 2813// 2814//
f 2817// 2814// 2818//
f 2818// 2814// 1922//
f 2818// 1922// 1920//
f 2074// 2809// 2819//
f 2819// 2809// 2815//
f 2819// 2815// 2820//
f 2820// 2815// 2816//
f 2820// 2816// 2821//
f 2821// 2816// 2817//
f 2821// 2817// 2822//
f 2822// 2817// 2818//
f 2822// 2818// 2823//
f 2823// 2818// 1920//
f 2823// 1920// 1918//
f 1918// 2808// 2823//
f 2823// 2808// 2824//
f 2823// 2824// 2822//
f 2822// 2824// 2825//
f 2822// 2825// 2821//
f 2821// 2825// 2826//
f 2821// 2826// 2820//
f 2820// 2826// 2807//
f 2820// 2807// 2819//
f 2819// 2807// 2075//
f 2819// 2075// 2074//
f 2069// 2068// 2827//
f 2827// 2068// 2807//
f 2827// 2807// 2828//
f 2828// 2807// 2826//
f 2828// 2826// 2829//
f 2829// 2826// 2825//
f 2829// 2825// 2830//
f 2830// 2825// 2824//
f 2830// 2824// 2831//
f 2831// 2824// 2808//
f 2831// 2808// 1914//
f 1914// 2808// 1916//
f 2020// 2019// 2791//
f 2832// 1598// 1599//
f 2833// 2028// 2033//
f 1596// 1595// 2834//
f 2834// 1595// 2835//
f 2834// 2835// 2836//
f 2836// 2835// 2837//
f 2836// 2837// 2838//
f 2838// 2837// 2839//
f 2838// 2839// 2840//
f 2840// 2839// 2841//
f 2840// 2841// 2842//
f 2842// 2841// 2833//
f 2833// 2033// 2842//
f 2842// 2033// 2032//
f 2842// 2032// 2025//
f 1596// 2834// 2843//
f 2843// 2834// 2836//
f 2843// 2836// 2844//
f 2844// 2836// 2838//
f 2844// 2838// 2845//
f 2845// 2838// 2840//
f 2845// 2840// 2846//
f 2846// 2840// 2842//
f 2846// 2842// 2847//
f 2847// 2842// 2025//
f 2847// 2025// 2022//
f 2022// 2848// 2847//
f 2847// 2848// 2849//
f 2847// 2849// 2846//
f 2846// 2849// 2850//
f 2846// 2850// 2845//
f 2845// 2850// 2851//
f 2845// 2851// 2844//
f 2844// 2851// 2832//
f 2844// 2832// 2843//
f 2843// 2832// 1599//
f 2843// 1599// 1596//
f 1597// 1598// 2799//
f 2799// 1598// 2832//
f 2799// 2832// 2796//
f 2796// 2832// 2851//
f 2796// 2851// 2794//
f 2794// 2851// 2850//
f 2794// 2850// 2793//
f 2793// 2850// 2849//
f 2793// 2849// 2791//
f 2791// 2849// 2848//
f 2791// 2848// 2020//
f 2020// 2848// 2022//
f 1906// 1904// 2852//
f 2291// 2292// 2853//
f 2292// 2069// 2853//
f 2853// 2069// 2827//
f 2853// 2827// 2854//
f 2854// 2827// 2828//
f 2854// 2828// 2855//
f 2855// 2828// 2829//
f 2855// 2829// 2856//
f 2856// 2829// 2830//
f 2856// 2830// 2857//
f 2857// 2830// 2831//
f 1910// 2857// 1912//
f 1912// 2857// 2831//
f 1912// 2831// 1914//
f 2858// 2289// 2291//
f 2291// 2853// 2858//
f 2858// 2853// 2854//
f 2858// 2854// 2859//
f 2859// 2854// 2855//
f 2859// 2855// 2860//
f 2860// 2855// 2856//
f 2860// 2856// 2861//
f 2861// 2856// 2857//
f 2861// 2857// 2862//
f 2862// 2857// 1910//
f 2862// 1910// 1908//
f 2863// 2286// 2288//
f 1908// 2864// 2862//
f 2862// 2864// 2865//
f 2862// 2865// 2861//
f 2861// 2865// 2866//
f 2861// 2866// 2860//
f 2860// 2866// 2867//
f 2860// 2867// 2859//
f 2859// 2867// 2863//
f 2859// 2863// 2858//
f 2858// 2863// 2288//
f 2858// 2288// 2289//
f 1607// 2286// 2868//
f 2868// 2286// 2863//
f 2868// 2863// 2869//
f 2869// 2863// 2867//
f 2869// 2867// 2870//
f 2870// 2867// 2866//
f 2870// 2866// 2871//
f 2871// 2866// 2865//
f 2871// 2865// 2852//
f 2852// 2865// 2864//
f 2852// 2864// 1906//
f 1906// 2864// 1908//
f 2872// 2873// 2874//
f 2875// 2041// 2039//
f 2304// 1627// 2876//
f 2876// 1627// 2877//
f 2876// 2877// 2878//
f 2878// 2877// 2879//
f 2878// 2879// 2880//
f 2880// 2879// 2881//
f 2880// 2881// 2882//
f 2882// 2881// 2883//
f 2882// 2883// 2872//
f 2872// 2883// 2875//
f 2884// 2301// 2303//
f 2872// 2874// 2882//
f 2882// 2874// 2885//
f 2882// 2885// 2880//
f 2880// 2885// 2886//
f 2880// 2886// 2878//
f 2878// 2886// 2884//
f 2878// 2884// 2876//
f 2876// 2884// 2303//
f 2876// 2303// 2304//
f 2875// 2039// 2872//
f 2872// 2039// 2037//
f 2872// 2037// 2873//
f 2873// 2037// 2036//
f 2873// 2036// 2030//
f 2887// 2298// 2300//
f 2030// 2888// 2873//
f 2873// 2888// 2889//
f 2873// 2889// 2874//
f 2874// 2889// 2890//
f 2874// 2890// 2885//
f 2885// 2890// 2891//
f 2885// 2891// 2886//
f 2886// 2891// 2887//
f 2886// 2887// 2884//
f 2884// 2887// 2300//
f 2884// 2300// 2301//
f 1595// 2298// 2835//
f 2835// 2298// 2887//
f 2835// 2887// 2837//
f 2837// 2887// 2891//
f 2837// 2891// 2839//
f 2839// 2891// 2890//
f 2839// 2890// 2841//
f 2841// 2890// 2889//
f 2841// 2889// 2833//
f 2833// 2889// 2888//
f 2833// 2888// 2028//
f 2028// 2888// 2030//
f 2892// 2893// 2894//
f 2895// 2896// 2897//
f 1886// 2898// 2899//
f 2852// 1904// 1903//
f 2871// 2852// 2900//
f 2852// 1903// 2900//
f 2900// 1903// 1901//
f 2900// 1901// 2901//
f 2901// 1901// 1899//
f 2901// 1899// 2902//
f 2902// 1899// 1897//
f 2902// 1897// 2903//
f 1897// 1894// 2903//
f 2903// 1894// 1892//
f 2903// 1892// 2904//
f 2904// 1892// 1890//
f 2904// 1890// 2899//
f 2899// 1890// 1888//
f 2899// 1888// 1886//
f 2870// 2871// 2905//
f 2905// 2871// 2900//
f 2905// 2900// 2906//
f 2906// 2900// 2901//
f 2906// 2901// 2907//
f 2907// 2901// 2902//
f 2907// 2902// 2908//
f 2908// 2902// 2903//
f 2908// 2903// 2909//
f 2909// 2903// 2904//
f 2909// 2904// 2910//
f 2910// 2904// 2899//
f 2910// 2899// 2911//
f 2911// 2899// 2898//
f 2911// 2898// 2912//
f 2913// 2914// 1635//
f 1635// 2914// 1884//
f 1886// 1884// 2898//
f 2898// 1884// 2914//
f 2898// 2914// 2912//
f 2912// 2914// 2913//
f 2912// 2913// 2915//
f 2915// 2916// 2912//
f 2912// 2916// 2917//
f 2912// 2917// 2911//
f 2911// 2917// 2918//
f 2911// 2918// 2910//
f 2910// 2918// 2919//
f 2910// 2919// 2909//
f 2909// 2919// 2920//
f 2909// 2920// 2908//
f 2908// 2920// 2921//
f 2908// 2921// 2907//
f 2907// 2921// 2922//
f 2907// 2922// 2906//
f 2906// 2922// 2923//
f 2906// 2923// 2905//
f 2905// 2923// 2924//
f 2905// 2924// 2870//
f 2870// 2924// 2869//
f 2916// 2895// 2917//
f 2917// 2895// 2897//
f 2917// 2897// 2918//
f 2918// 2897// 2925//
f 2918// 2925// 2919//
f 2919// 2925// 2926//
f 2919// 2926// 2920//
f 2920// 2926// 2927//
f 2920// 2927// 2921//
f 2921// 2927// 2928//
f 2921// 2928// 2922//
f 2922// 2928// 2929//
f 2922// 2929// 2923//
f 2923// 2929// 2930//
f 2923// 2930// 2924//
f 2924// 2930// 2931//
f 2924// 2931// 2869//
f 2869// 2931// 2868//
f 2896// 2892// 2897//
f 2897// 2892// 2894//
f 2897// 2894// 2925//
f 2925// 2894// 2932//
f 2925// 2932// 2926//
f 2926// 2932// 2933//
f 2926// 2933// 2927//
f 2927// 2933// 2934//
f 2927// 2934// 2928//
f 2928// 2934// 2935//
f 2928// 2935// 2929//
f 2929// 2935// 2936//
f 2929// 2936// 2930//
f 2930// 2936// 2937//
f 2930// 2937// 2931//
f 2931// 2937// 2938//
f 2931// 2938// 2868//
f 2868// 2938// 1607//
f 1607// 2938// 1608//
f 1608// 2938// 2937//
f 1608// 2937// 1609//
f 1609// 2937// 2936//
f 1609// 2936// 1610//
f 1610// 2936// 2935//
f 1610// 2935// 1611//
f 1611// 2935// 2934//
f 1611// 2934// 1612//
f 1612// 2934// 2933//
f 1612// 2933// 1613//
f 1613// 2933// 2932//
f 1613// 2932// 1614//
f 1614// 2932// 2894//
f 1614// 2894// 1615//
f 1615// 2894// 2893//
f 1615// 2893// 1616//
f 2939// 2940// 2941//
f 2942// 2943// 2944//
f 2877// 1627// 1626//
f 2879// 2877// 2945//
f 2041// 2946// 2043//
f 2043// 2946// 2947//
f 2043// 2947// 2045//
f 2045// 2947// 2948//
f 2045// 2948// 2047//
f 2047// 2948// 2049//
f 2049// 2948// 2949//
f 2049// 2949// 2051//
f 2051// 2949// 2950//
f 2051// 2950// 2061//
f 2877// 1626// 2945//
f 2945// 1626// 1625//
f 2945// 1625// 2951//
f 2951// 1625// 1624//
f 2951// 1624// 2952//
f 2952// 1624// 1623//
f 2952// 1623// 2953//
f 2953// 1623// 1622//
f 2953// 1622// 2954//
f 2954// 1622// 1621//
f 2954// 1621// 2955//
f 2955// 1621// 1620//
f 2955// 1620// 2956//
f 2956// 1620// 1619//
f 2956// 1619// 2957//
f 2957// 1619// 1618//
f 2957// 1618// 2958//
f 2958// 2959// 2957//
f 2957// 2959// 2960//
f 2957// 2960// 2956//
f 2956// 2960// 2961//
f 2956// 2961// 2955//
f 2955// 2961// 2962//
f 2955// 2962// 2954//
f 2954// 2962// 2963//
f 2954// 2963// 2953//
f 2953// 2963// 2964//
f 2953// 2964// 2952//
f 2952// 2964// 2965//
f 2952// 2965// 2951//
f 2951// 2965// 2966//
f 2951// 2966// 2945//
f 2945// 2966// 2967//
f 2945// 2967// 2879//
f 2879// 2967// 2881//
f 2959// 2968// 2960//
f 2960// 2968// 2969//
f 2960// 2969// 2961//
f 2961// 2969// 2970//
f 2961// 2970// 2962//
f 2962// 2970// 2971//
f 2962// 2971// 2963//
f 2963// 2971// 2972//
f 2963// 2972// 2964//
f 2964// 2972// 2973//
f 2964// 2973// 2965//
f 2965// 2973// 2974//
f 2965// 2974// 2966//
f 2966// 2974// 2975//
f 2966// 2975// 2967//
f 2967// 2975// 2976//
f 2967// 2976// 2881//
f 2881// 2976// 2883//
f 2968// 2942// 2969//
f 2969// 2942// 2944//
f 2969// 2944// 2970//
f 2970// 2944// 2977//
f 2970// 2977// 2971//
f 2971// 2977// 2978//
f 2971// 2978// 2972//
f 2972// 2978// 2979//
f 2972// 2979// 2973//
f 2973// 2979// 2980//
f 2973// 2980// 2974//
f 2974// 2980// 2981//
f 2974// 2981// 2975//
f 2975// 2981// 2982//
f 2975// 2982// 2976//
f 2976// 2982// 2983//
f 2976// 2983// 2883//
f 2883// 2983// 2875//
f 2943// 2939// 2944//
f 2944// 2939// 2941//
f 2944// 2941// 2977//
f 2977// 2941// 2984//
f 2977// 2984// 2978//
f 2978// 2984// 2985//
f 2978// 2985// 2979//
f 2979// 2985// 2950//
f 2979// 2950// 2980//
f 2980// 2950// 2949//
f 2980// 2949// 2981//
f 2981// 2949// 2948//
f 2981// 2948// 2982//
f 2982// 2948// 2947//
f 2982// 2947// 2983//
f 2983// 2947// 2946//
f 2983// 2946// 2875//
f 2875// 2946// 2041//
f 2061// 2950// 2059//
f 2059// 2950// 2985//
f 2059// 2985// 2057//
f 2057// 2985// 2984//
f 2057// 2984// 2055//
f 2055// 2984// 2941//
f 2055// 2941// 2052//
f 2052// 2941// 2940//
f 2052// 2940// 1637//
f 1635// 1637// 2913//
f 2913// 1637// 2940//
f 2913// 2940// 2915//
f 2915// 2940// 2939//
f 2915// 2939// 2916//
f 2916// 2939// 2943//
f 2916// 2943// 2895//
f 2895// 2943// 2942//
f 2895// 2942// 2896//
f 2896// 2942// 2968//
f 2896// 2968// 2892//
f 2892// 2968// 2959//
f 2892// 2959// 2893//
f 2893// 2959// 2958//
f 2893// 2958// 1616//
f 1616// 2958// 1618//
f 1721// 1719// 2986//
f 2986// 1719// 2987//
f 2986// 2987// 2988//
f 2988// 2987// 2989//
f 2988// 2989// 2990//
f 2990// 2989// 2991//
f 2990// 2991// 2992//
f 2992// 2991// 2993//
f 2992// 2993// 2994//
f 2994// 2993// 2995//
f 2994// 2995// 2996//
f 2996// 2995// 2997//
f 2996// 2997// 2998//
f 2998// 2997// 2999//
f 2998// 2999// 1629//
f 1629// 2999// 1631//
f 1879// 1877// 3000//
f 2993// 2991// 3001//
f 1719// 1718// 2987//
f 2987// 1718// 3002//
f 2987// 3002// 2989//
f 1872// 1631// 3003//
f 3003// 1631// 2999//
f 3003// 2999// 2997//
f 1873// 1872// 3004//
f 3004// 1872// 3003//
f 3004// 3003// 3005//
f 3005// 3003// 2997//
f 3005// 2997// 2995//
f 1875// 1873// 3006//
f 3006// 1873// 3004//
f 3006// 3004// 3007//
f 3007// 3004// 3005//
f 3007// 3005// 3001//
f 3001// 3005// 2995//
f 3001// 2995// 2993//
f 1877// 1875// 3000//
f 3000// 1875// 3006//
f 3000// 3006// 3008//
f 3008// 3006// 3007//
f 3008// 3007// 3009//
f 3009// 3007// 3001//
f 3009// 3001// 3002//
f 3002// 3001// 2991//
f 3002// 2991// 2989//
f 1715// 1714// 3010//
f 3010// 1714// 3011//
f 3010// 3011// 3012//
f 1716// 1715// 3013//
f 3013// 1715// 3010//
f 3013// 3010// 3014//
f 3014// 3010// 3012//
f 3014// 3012// 3015//
f 1717// 1716// 3016//
f 3016// 1716// 3013//
f 3016// 3013// 3017//
f 3017// 3013// 3014//
f 3017// 3014// 3018//
f 3018// 3014// 3015//
f 3018// 3015// 3019//
f 1881// 1879// 3019//
f 3019// 1879// 3000//
f 3019// 3000// 3018//
f 3018// 3000// 3008//
f 3018// 3008// 3017//
f 3017// 3008// 3009//
f 3017// 3009// 3016//
f 3016// 3009// 3002//
f 3016// 3002// 1717//
f 1717// 3002// 1718//
f 1882// 1881// 3020//
f 3020// 1881// 3019//
f 3020// 3019// 3021//
f 3021// 3019// 3015//
f 3021// 3015// 3022//
f 3022// 3015// 3012//
f 3022// 3012// 3023//
f 3023// 3012// 3011//
f 3023// 3011// 1713//
f 1713// 3011// 1714//
f 2996// 2998// 3024//
f 2992// 2994// 3025//
f 2988// 2990// 3026//
f 3027// 1750// 1752//
f 3028// 1726// 1725//
f 3029// 3028// 3030//
f 3028// 1725// 3030//
f 3030// 1725// 1724//
f 3030// 1724// 3031//
f 3031// 1724// 1723//
f 3031// 1723// 3032//
f 3032// 1723// 1722//
f 3032// 1722// 3033//
f 3033// 1722// 1721//
f 3033// 1721// 2986//
f 2986// 2988// 3033//
f 3033// 2988// 3026//
f 3033// 3026// 3032//
f 3032// 3026// 3034//
f 3032// 3034// 3031//
f 3031// 3034// 3035//
f 3031// 3035// 3030//
f 3030// 3035// 3036//
f 3030// 3036// 3029//
f 3029// 3036// 3037//
f 2990// 2992// 3026//
f 3026// 2992// 3025//
f 3026// 3025// 3034//
f 3034// 3025// 3038//
f 3034// 3038// 3035//
f 3035// 3038// 3039//
f 3035// 3039// 3036//
f 3036// 3039// 3040//
f 3036// 3040// 3037//
f 3037// 3040// 3041//
f 2994// 2996// 3025//
f 3025// 2996// 3024//
f 3025// 3024// 3038//
f 3038// 3024// 3042//
f 3038// 3042// 3039//
f 3039// 3042// 3043//
f 3039// 3043// 3040//
f 3040// 3043// 3027//
f 3040// 3027// 3041//
f 3041// 3027// 1752//
f 1750// 3027// 1748//
f 1748// 3027// 3043//
f 1748// 3043// 1746//
f 1746// 3043// 3042//
f 1746// 3042// 1744//
f 1744// 3042// 3024//
f 1744// 3024// 1742//
f 1742// 3024// 2998//
f 1742// 2998// 1629//
f 3044// 3045// 3046//
f 3023// 1713// 2208//
f 3022// 3023// 3047//
f 3023// 2208// 3047//
f 3047// 2208// 2209//
f 3047// 2209// 3048//
f 3021// 3022// 3049//
f 3049// 3022// 3047//
f 3049// 3047// 3050//
f 3050// 3047// 3048//
f 3050// 3048// 3051//
f 3020// 3021// 3052//
f 3052// 3021// 3049//
f 3052// 3049// 3053//
f 3053// 3049// 3050//
f 3053// 3050// 3054//
f 3054// 3050// 3051//
f 3054// 3051// 3055//
f 1882// 3020// 3056//
f 3056// 3020// 3052//
f 3056// 3052// 3057//
f 3057// 3052// 3053//
f 3057// 3053// 3058//
f 3058// 3053// 3054//
f 3058// 3054// 3059//
f 3059// 3054// 3055//
f 3059// 3055// 3060//
f 1857// 1859// 3060//
f 3060// 1859// 1861//
f 3060// 1861// 3059//
f 3059// 1861// 1863//
f 3059// 1863// 3058//
f 3058// 1863// 1865//
f 3058// 1865// 3057//
f 3057// 1865// 1867//
f 3057// 1867// 3056//
f 3056// 1867// 1869//
f 3056// 1869// 1882//
f 3061// 3045// 3062//
f 3062// 3045// 3044//
f 3062// 3044// 3063//
f 1850// 1857// 3064//
f 3064// 1857// 3060//
f 3064// 3060// 3065//
f 3065// 3060// 3055//
f 3065// 3055// 3066//
f 3066// 3055// 3051//
f 3066// 3051// 3067//
f 3067// 3051// 3048//
f 3067// 3048// 2206//
f 2206// 3048// 2209//
f 2205// 2201// 3063//
f 3063// 2201// 2203//
f 3063// 2203// 3062//
f 3062// 2203// 2204//
f 3062// 2204// 3061//
f 3061// 2204// 2198//
f 3068// 3046// 3069//
f 3069// 3046// 3045//
f 3069// 3045// 3070//
f 3070// 3045// 3061//
f 3070// 3061// 3071//
f 3071// 3061// 2198//
f 3071// 2198// 2200//
f 1848// 1850// 3068//
f 3068// 1850// 3064//
f 3068// 3064// 3046//
f 3046// 3064// 3065//
f 3046// 3065// 3044//
f 3044// 3065// 3066//
f 3044// 3066// 3063//
f 3063// 3066// 3067//
f 3063// 3067// 2205//
f 2205// 3067// 2206//
f 1846// 1848// 3072//
f 3072// 1848// 3068//
f 3072// 3068// 3073//
f 3073// 3068// 3069//
f 3073// 3069// 3074//
f 3074// 3069// 3070//
f 3074// 3070// 3075//
f 3075// 3070// 3071//
f 3075// 3071// 2147//
f 2147// 3071// 2200//
f 2217// 2222// 3076//
f 3077// 1757// 1759//
f 3078// 3079// 3080//
f 1766// 1768// 3081//
f 3082// 3083// 2210//
f 2210// 3083// 2085//
f 1770// 1772// 3084//
f 3084// 1772// 3085//
f 1768// 1770// 3081//
f 3081// 1770// 3084//
f 3081// 3084// 3086//
f 3086// 3084// 3085//
f 3086// 3085// 3087//
f 1764// 1766// 3088//
f 3088// 1766// 3081//
f 3088// 3081// 3089//
f 3089// 3081// 3086//
f 3089// 3086// 3090//
f 3090// 3086// 3087//
f 3090// 3087// 3091//
f 1761// 1764// 3092//
f 3092// 1764// 3088//
f 3092// 3088// 3093//
f 3093// 3088// 3089//
f 3093// 3089// 3094//
f 3094// 3089// 3090//
f 3094// 3090// 3082//
f 3082// 3090// 3091//
f 3082// 3091// 3083//
f 3095// 3079// 3096//
f 3096// 3079// 3078//
f 3096// 3078// 3097//
f 2212// 2213// 3098//
f 3098// 2213// 3097//
f 3098// 3097// 3099//
f 3099// 3097// 3078//
f 3099// 3078// 3100//
f 3100// 3078// 3080//
f 3100// 3080// 3101//
f 1759// 1761// 3101//
f 3101// 1761// 3092//
f 3101// 3092// 3100//
f 3100// 3092// 3093//
f 3100// 3093// 3099//
f 3099// 3093// 3094//
f 3099// 3094// 3098//
f 3098// 3094// 3082//
f 3098// 3082// 2212//
f 2212// 3082// 2210//
f 2213// 2214// 3097//
f 3097// 2214// 2216//
f 3097// 2216// 3096//
f 3096// 2216// 2221//
f 3096// 2221// 3095//
f 3095// 2221// 2220//
f 3095// 2220// 2218//
f 1759// 3101// 3077//
f 3077// 3101// 3080//
f 3077// 3080// 3102//
f 3102// 3080// 3079//
f 3102// 3079// 3103//
f 3103// 3079// 3095//
f 3103// 3095// 3104//
f 3104// 3095// 2218//
f 3104// 2218// 2217//
f 3105// 1754// 1755//
f 2217// 3076// 3104//
f 3104// 3076// 3106//
f 3104// 3106// 3103//
f 3103// 3106// 3107//
f 3103// 3107// 3102//
f 3102// 3107// 3105//
f 3102// 3105// 3077//
f 3077// 3105// 1755//
f 3077// 1755// 1757//
f 1752// 1754// 3041//
f 3041// 1754// 3105//
f 3041// 3105// 3037//
f 3037// 3105// 3107//
f 3037// 3107// 3029//
f 3029// 3107// 3106//
f 3029// 3106// 3028//
f 3028// 3106// 3076//
f 3028// 3076// 1726//
f 1726// 3076// 2222//
f 1825// 1831// 3108//
f 1834// 1835// 3109//
f 1838// 1840// 3110//
f 1845// 1853// 3111//
f 3112// 3075// 2146//
f 2146// 3075// 2147//
f 1854// 1846// 3113//
f 3113// 1846// 3072//
f 1853// 1854// 3111//
f 3111// 1854// 3113//
f 3111// 3113// 3114//
f 3114// 3113// 3072//
f 3114// 3072// 3073//
f 1843// 1845// 3115//
f 3115// 1845// 3111//
f 3115// 3111// 3116//
f 3116// 3111// 3114//
f 3116// 3114// 3117//
f 3117// 3114// 3073//
f 3117// 3073// 3074//
f 1842// 1843// 3118//
f 3118// 1843// 3115//
f 3118// 3115// 3119//
f 3119// 3115// 3116//
f 3119// 3116// 3120//
f 3120// 3116// 3117//
f 3120// 3117// 3112//
f 3112// 3117// 3074//
f 3112// 3074// 3075//
f 1840// 1842// 3110//
f 3110// 1842// 3118//
f 3110// 3118// 3121//
f 3121// 3118// 3119//
f 3121// 3119// 3122//
f 3122// 3119// 3120//
f 3122// 3120// 3123//
f 3123// 3120// 3112//
f 3123// 3112// 2145//
f 2145// 3112// 2146//
f 1837// 1838// 3124//
f 3124// 1838// 3110//
f 3124// 3110// 3125//
f 3125// 3110// 3121//
f 3125// 3121// 3126//
f 3126// 3121// 3122//
f 3126// 3122// 3127//
f 3127// 3122// 3123//
f 3127// 3123// 2144//
f 2144// 3123// 2145//
f 1836// 1837// 3128//
f 3128// 1837// 3124//
f 3128// 3124// 3129//
f 3129// 3124// 3125//
f 3129// 3125// 3130//
f 3130// 3125// 3126//
f 3130// 3126// 3131//
f 3131// 3126// 3127//
f 3131// 3127// 2143//
f 2143// 3127// 2144//
f 1835// 1836// 3109//
f 3109// 1836// 3128//
f 3109// 3128// 3132//
f 3132// 3128// 3129//
f 3132// 3129// 3133//
f 3133// 3129// 3130//
f 3133// 3130// 3134//
f 3134// 3130// 3131//
f 3134// 3131// 2142//
f 2142// 3131// 2143//
f 1833// 1834// 3135//
f 3135// 1834// 3109//
f 3135// 3109// 3136//
f 3136// 3109// 3132//
f 3136// 3132// 3137//
f 3137// 3132// 3133//
f 3137// 3133// 3138//
f 3138// 3133// 3134//
f 3138// 3134// 2141//
f 2141// 3134// 2142//
f 1832// 1833// 3139//
f 3139// 1833// 3135//
f 3139// 3135// 3140//
f 3140// 3135// 3136//
f 3140// 3136// 3141//
f 3141// 3136// 3137//
f 3141// 3137// 3142//
f 3142// 3137// 3138//
f 3142// 3138// 2139//
f 2139// 3138// 2141//
f 1831// 1832// 3108//
f 3108// 1832// 3139//
f 3108// 3139// 3143//
f 3143// 3139// 3140//
f 3143// 3140// 3144//
f 3144// 3140// 3141//
f 3144// 3141// 3145//
f 3145// 3141// 3142//
f 3145// 3142// 2138//
f 2138// 3142// 2139//
f 2135// 2134// 3146//
f 3146// 2134// 3147//
f 3146// 3147// 3148//
f 2136// 2135// 3149//
f 3149// 2135// 3146//
f 3149// 3146// 3150//
f 3150// 3146// 3148//
f 3150// 3148// 3151//
f 2137// 2136// 3152//
f 3152// 2136// 3149//
f 3152// 3149// 3153//
f 3153// 3149// 3150//
f 3153// 3150// 3154//
f 3154// 3150// 3151//
f 3154// 3151// 3155//
f 1826// 1825// 3155//
f 3155// 1825// 3108//
f 3155// 3108// 3154//
f 3154// 3108// 3143//
f 3154// 3143// 3153//
f 3153// 3143// 3144//
f 3153// 3144// 3152//
f 3152// 3144// 3145//
f 3152// 3145// 2137//
f 2137// 3145// 2138//
f 1827// 1826// 3156//
f 3156// 1826// 3155//
f 3156// 3155// 3157//
f 3157// 3155// 3151//
f 3157// 3151// 3158//
f 3158// 3151// 3148//
f 3158// 3148// 3159//
f 3159// 3148// 3147//
f 3159// 3147// 2133//
f 2133// 3147// 2134//
f 1776// 1778// 3160//
f 1784// 1786// 3161//
f 1789// 1790// 3162//
f 1793// 1798// 3163//
f 3164// 3165// 2098//
f 2098// 3165// 2099//
f 1797// 1796// 3166//
f 3166// 1796// 3167//
f 1798// 1797// 3163//
f 3163// 1797// 3166//
f 3163// 3166// 3168//
f 3168// 3166// 3167//
f 3168// 3167// 3169//
f 1792// 1793// 3170//
f 3170// 1793// 3163//
f 3170// 3163// 3171//
f 3171// 3163// 3168//
f 3171// 3168// 3172//
f 3172// 3168// 3169//
f 3172// 3169// 3173//
f 1791// 1792// 3174//
f 3174// 1792// 3170//
f 3174// 3170// 3175//
f 3175// 3170// 3171//
f 3175// 3171// 3176//
f 3176// 3171// 3172//
f 3176// 3172// 3164//
f 3164// 3172// 3173//
f 3164// 3173// 3165//
f 1790// 1791// 3162//
f 3162// 1791// 3174//
f 3162// 3174// 3177//
f 3177// 3174// 3175//
f 3177// 3175// 3178//
f 3178// 3175// 3176//
f 3178// 3176// 3179//
f 3179// 3176// 3164//
f 3179// 3164// 2097//
f 2097// 3164// 2098//
f 1788// 1789// 3180//
f 3180// 1789// 3162//
f 3180// 3162// 3181//
f 3181// 3162// 3177//
f 3181// 3177// 3182//
f 3182// 3177// 3178//
f 3182// 3178// 3183//
f 3183// 3178// 3179//
f 3183// 3179// 2096//
f 2096// 3179// 2097//
f 1787// 1788// 3184//
f 3184// 1788// 3180//
f 3184// 3180// 3185//
f 3185// 3180// 3181//
f 3185// 3181// 3186//
f 3186// 3181// 3182//
f 3186// 3182// 3187//
f 3187// 3182// 3183//
f 3187// 3183// 2095//
f 2095// 3183// 2096//
f 1786// 1787// 3161//
f 3161// 1787// 3184//
f 3161// 3184// 3188//
f 3188// 3184// 3185//
f 3188// 3185// 3189//
f 3189// 3185// 3186//
f 3189// 3186// 3190//
f 3190// 3186// 3187//
f 3190// 3187// 2094//
f 2094// 3187// 2095//
f 1782// 1784// 3191//
f 3191// 1784// 3161//
f 3191// 3161// 3192//
f 3192// 3161// 3188//
f 3192// 3188// 3193//
f 3193// 3188// 3189//
f 3193// 3189// 3194//
f 3194// 3189// 3190//
f 3194// 3190// 2093//
f 2093// 3190// 2094//
f 1780// 1782// 3195//
f 3195// 1782// 3191//
f 3195// 3191// 3196//
f 3196// 3191// 3192//
f 3196// 3192// 3197//
f 3197// 3192// 3193//
f 3197// 3193// 3198//
f 3198// 3193// 3194//
f 3198// 3194// 2091//
f 2091// 3194// 2093//
f 1778// 1780// 3160//
f 3160// 1780// 3195//
f 3160// 3195// 3199//
f 3199// 3195// 3196//
f 3199// 3196// 3200//
f 3200// 3196// 3197//
f 3200// 3197// 3201//
f 3201// 3197// 3198//
f 3201// 3198// 2090//
f 2090// 3198// 2091//
f 2087// 2086// 3202//
f 3202// 2086// 3203//
f 3202// 3203// 3204//
f 2088// 2087// 3205//
f 3205// 2087// 3202//
f 3205// 3202// 3206//
f 3206// 3202// 3204//
f 3206// 3204// 3207//
f 2089// 2088// 3208//
f 3208// 2088// 3205//
f 3208// 3205// 3209//
f 3209// 3205// 3206//
f 3209// 3206// 3210//
f 3210// 3206// 3207//
f 3210// 3207// 3211//
f 1774// 1776// 3211//
f 3211// 1776// 3160//
f 3211// 3160// 3210//
f 3210// 3160// 3199//
f 3210// 3199// 3209//
f 3209// 3199// 3200//
f 3209// 3200// 3208//
f 3208// 3200// 3201//
f 3208// 3201// 2089//
f 2089// 3201// 2090//
f 1772// 1774// 3085//
f 3085// 1774// 3211//
f 3085// 3211// 3087//
f 3087// 3211// 3207//
f 3087// 3207// 3091//
f 3091// 3207// 3204//
f 3091// 3204// 3083//
f 3083// 3204// 3203//
f 3083// 3203// 2085//
f 2085// 3203// 2086//
f 2242// 2247// 3212//
f 3213// 1823// 1822//
f 3214// 3215// 3216//
f 1830// 1829// 3217//
f 3218// 3159// 2235//
f 2235// 3159// 2133//
f 1828// 1827// 3219//
f 3219// 1827// 3156//
f 1829// 1828// 3217//
f 3217// 1828// 3219//
f 3217// 3219// 3220//
f 3220// 3219// 3156//
f 3220// 3156// 3157//
f 1820// 1830// 3221//
f 3221// 1830// 3217//
f 3221// 3217// 3222//
f 3222// 3217// 3220//
f 3222// 3220// 3223//
f 3223// 3220// 3157//
f 3223// 3157// 3158//
f 1821// 1820// 3224//
f 3224// 1820// 3221//
f 3224// 3221// 3225//
f 3225// 3221// 3222//
f 3225// 3222// 3226//
f 3226// 3222// 3223//
f 3226// 3223// 3218//
f 3218// 3223// 3158//
f 3218// 3158// 3159//
f 3227// 3215// 3228//
f 3228// 3215// 3214//
f 3228// 3214// 3229//
f 2237// 2238// 3230//
f 3230// 2238// 3229//
f 3230// 3229// 3231//
f 3231// 3229// 3214//
f 3231// 3214// 3232//
f 3232// 3214// 3216//
f 3232// 3216// 3233//
f 1822// 1821// 3233//
f 3233// 1821// 3224//
f 3233// 3224// 3232//
f 3232// 3224// 3225//
f 3232// 3225// 3231//
f 3231// 3225// 3226//
f 3231// 3226// 3230//
f 3230// 3226// 3218//
f 3230// 3218// 2237//
f 2237// 3218// 2235//
f 2238// 2239// 3229//
f 3229// 2239// 2241//
f 3229// 2241// 3228//
f 3228// 2241// 2246//
f 3228// 2246// 3227//
f 3227// 2246// 2245//
f 3227// 2245// 2243//
f 1822// 3233// 3213//
f 3213// 3233// 3216//
f 3213// 3216// 3234//
f 3234// 3216// 3215//
f 3234// 3215// 3235//
f 3235// 3215// 3227//
f 3235// 3227// 3236//
f 3236// 3227// 2243//
f 3236// 2243// 2242//
f 3237// 1814// 1824//
f 2242// 3212// 3236//
f 3236// 3212// 3238//
f 3236// 3238// 3235//
f 3235// 3238// 3239//
f 3235// 3239// 3234//
f 3234// 3239// 3237//
f 3234// 3237// 3213//
f 3213// 3237// 1824//
f 3213// 1824// 1823//
f 1815// 1814// 3240//
f 3240// 1814// 3237//
f 3240// 3237// 3241//
f 3241// 3237// 3239//
f 3241// 3239// 3242//
f 3242// 3239// 3238//
f 3242// 3238// 3243//
f 3243// 3238// 3212//
f 3243// 3212// 1741//
f 1741// 3212// 2247//
f 3244// 3245// 3246//
f 3247// 1698// 2233//
f 3248// 3247// 3249//
f 3247// 2233// 3249//
f 3249// 2233// 2234//
f 3249// 2234// 3250//
f 3251// 3248// 3252//
f 3252// 3248// 3249//
f 3252// 3249// 3253//
f 3253// 3249// 3250//
f 3253// 3250// 3254//
f 3255// 3251// 3256//
f 3256// 3251// 3252//
f 3256// 3252// 3257//
f 3257// 3252// 3253//
f 3257// 3253// 3258//
f 3258// 3253// 3254//
f 3258// 3254// 3259//
f 1809// 3255// 3260//
f 3260// 3255// 3256//
f 3260// 3256// 3261//
f 3261// 3256// 3257//
f 3261// 3257// 3262//
f 3262// 3257// 3258//
f 3262// 3258// 3263//
f 3263// 3258// 3259//
f 3263// 3259// 3264//
f 1803// 1802// 3264//
f 3264// 1802// 1801//
f 3264// 1801// 3263//
f 3263// 1801// 1800//
f 3263// 1800// 3262//
f 3262// 1800// 1799//
f 3262// 1799// 3261//
f 3261// 1799// 1805//
f 3261// 1805// 3260//
f 3260// 1805// 1804//
f 3260// 1804// 1809//
f 3265// 3245// 3266//
f 3266// 3245// 3244//
f 3266// 3244// 3267//
f 1794// 1803// 3268//
f 3268// 1803// 3264//
f 3268// 3264// 3269//
f 3269// 3264// 3259//
f 3269// 3259// 3270//
f 3270// 3259// 3254//
f 3270// 3254// 3271//
f 3271// 3254// 3250//
f 3271// 3250// 2231//
f 2231// 3250// 2234//
f 2230// 2226// 3267//
f 3267// 2226// 2228//
f 3267// 2228// 3266//
f 3266// 2228// 2229//
f 3266// 2229// 3265//
f 3265// 2229// 2223//
f 3272// 3246// 3273//
f 3273// 3246// 3245//
f 3273// 3245// 3274//
f 3274// 3245// 3265//
f 3274// 3265// 3275//
f 3275// 3265// 2223//
f 3275// 2223// 2225//
f 1795// 1794// 3272//
f 3272// 1794// 3268//
f 3272// 3268// 3246//
f 3246// 3268// 3269//
f 3246// 3269// 3244//
f 3244// 3269// 3270//
f 3244// 3270// 3267//
f 3267// 3270// 3271//
f 3267// 3271// 2230//
f 2230// 3271// 2231//
f 1796// 1795// 3167//
f 3167// 1795// 3272//
f 3167// 3272// 3169//
f 3169// 3272// 3273//
f 3169// 3273// 3173//
f 3173// 3273// 3274//
f 3173// 3274// 3165//
f 3165// 3274// 3275//
f 3165// 3275// 2099//
f 2099// 3275// 2225//
f 3276// 3277// 3278//
f 3279// 3280// 3281//
f 3282// 3283// 3284//
f 3285// 1816// 1815//
f 3243// 1741// 1740//
f 3242// 3243// 3286//
f 3243// 1740// 3286//
f 3286// 1740// 1739//
f 3286// 1739// 3287//
f 3287// 1739// 1738//
f 3287// 1738// 3288//
f 3288// 1738// 1737//
f 3288// 1737// 3289//
f 3289// 1737// 1736//
f 3289// 1736// 3290//
f 3290// 3282// 3289//
f 3289// 3282// 3284//
f 3289// 3284// 3288//
f 3288// 3284// 3291//
f 3288// 3291// 3287//
f 3287// 3291// 3292//
f 3287// 3292// 3286//
f 3286// 3292// 3293//
f 3286// 3293// 3242//
f 3242// 3293// 3241//
f 3283// 3279// 3284//
f 3284// 3279// 3281//
f 3284// 3281// 3291//
f 3291// 3281// 3294//
f 3291// 3294// 3292//
f 3292// 3294// 3295//
f 3292// 3295// 3293//
f 3293// 3295// 3296//
f 3293// 3296// 3241//
f 3241// 3296// 3240//
f 3280// 3276// 3281//
f 3281// 3276// 3278//
f 3281// 3278// 3294//
f 3294// 3278// 3297//
f 3294// 3297// 3295//
f 3295// 3297// 3298//
f 3295// 3298// 3296//
f 3296// 3298// 3285//
f 3296// 3285// 3240//
f 3240// 3285// 1815//
f 1816// 3285// 1817//
f 1817// 3285// 3298//
f 1817// 3298// 1818//
f 1818// 3298// 3297//
f 1818// 3297// 1819//
f 1819// 3297// 3278//
f 1819// 3278// 1813//
f 1813// 3278// 3277//
f 1813// 3277// 1639//
f 1807// 1806// 3299//
f 3300// 3301// 3302//
f 1704// 1703// 3303//
f 3303// 1703// 3304//
f 3303// 3304// 3305//
f 1810// 1634// 3306//
f 3306// 1634// 3307//
f 3306// 3307// 3308//
f 1811// 1810// 3309//
f 3309// 1810// 3306//
f 3309// 3306// 3310//
f 3310// 3306// 3308//
f 3310// 3308// 3311//
f 1812// 1811// 3312//
f 3312// 1811// 3309//
f 3312// 3309// 3313//
f 3313// 3309// 3310//
f 3313// 3310// 3302//
f 3302// 3310// 3311//
f 3302// 3311// 3300//
f 1806// 1812// 3299//
f 3299// 1812// 3312//
f 3299// 3312// 3314//
f 3314// 3312// 3313//
f 3314// 3313// 3315//
f 3315// 3313// 3302//
f 3315// 3302// 3304//
f 3304// 3302// 3301//
f 3304// 3301// 3305//
f 1700// 1699// 3316//
f 3316// 1699// 3317//
f 3316// 3317// 3318//
f 1701// 1700// 3319//
f 3319// 1700// 3316//
f 3319// 3316// 3320//
f 3320// 3316// 3318//
f 3320// 3318// 3321//
f 1702// 1701// 3322//
f 3322// 1701// 3319//
f 3322// 3319// 3323//
f 3323// 3319// 3320//
f 3323// 3320// 3324//
f 3324// 3320// 3321//
f 3324// 3321// 3325//
f 1808// 1807// 3325//
f 3325// 1807// 3299//
f 3325// 3299// 3324//
f 3324// 3299// 3314//
f 3324// 3314// 3323//
f 3323// 3314// 3315//
f 3323// 3315// 3322//
f 3322// 3315// 3304//
f 3322// 3304// 1702//
f 1702// 3304// 1703//
f 1809// 1808// 3255//
f 3255// 1808// 3325//
f 3255// 3325// 3251//
f 3251// 3325// 3321//
f 3251// 3321// 3248//
f 3248// 3321// 3318//
f 3248// 3318// 3247//
f 3247// 3318// 3317//
f 3247// 3317// 1698//
f 1698// 3317// 1699//
f 1736// 1734// 3290//
f 3290// 1734// 3326//
f 3290// 3326// 3282//
f 3282// 3326// 3327//
f 3282// 3327// 3283//
f 3283// 3327// 3328//
f 3283// 3328// 3279//
f 3279// 3328// 3329//
f 3279// 3329// 3280//
f 3280// 3329// 3330//
f 3280// 3330// 3276//
f 3276// 3330// 3331//
f 3276// 3331// 3277//
f 3277// 3331// 3332//
f 3277// 3332// 1639//
f 1639// 3332// 1641//
f 1706// 1704// 3333//
f 3333// 1704// 3303//
f 3333// 3303// 3334//
f 3334// 3303// 3305//
f 3334// 3305// 3335//
f 3335// 3305// 3301//
f 3335// 3301// 3336//
f 3336// 3301// 3300//
f 3336// 3300// 3337//
f 3337// 3300// 3311//
f 3337// 3311// 3338//
f 3338// 3311// 3308//
f 3338// 3308// 3339//
f 3339// 3308// 3307//
f 3339// 3307// 1633//
f 1633// 3307// 1634//
f 1967// 1965// 3340//
f 3329// 3328// 3341//
f 1734// 1733// 3326//
f 3326// 1733// 3342//
f 3326// 3342// 3327//
f 1971// 1641// 3343//
f 3343// 1641// 3332//
f 3343// 3332// 3331//
f 1972// 1971// 3344//
f 3344// 1971// 3343//
f 3344// 3343// 3345//
f 3345// 3343// 3331//
f 3345// 3331// 3330//
f 1973// 1972// 3346//
f 3346// 1972// 3344//
f 3346// 3344// 3347//
f 3347// 3344// 3345//
f 3347// 3345// 3341//
f 3341// 3345// 3330//
f 3341// 3330// 3329//
f 1965// 1973// 3340//
f 3340// 1973// 3346//
f 3340// 3346// 3348//
f 3348// 3346// 3347//
f 3348// 3347// 3349//
f 3349// 3347// 3341//
f 3349// 3341// 3342//
f 3342// 3341// 3328//
f 3342// 3328// 3327//
f 1730// 1729// 3350//
f 3350// 1729// 3351//
f 3350// 3351// 3352//
f 1731// 1730// 3353//
f 3353// 1730// 3350//
f 3353// 3350// 3354//
f 3354// 3350// 3352//
f 3354// 3352// 3355//
f 1732// 1731// 3356//
f 3356// 1731// 3353//
f 3356// 3353// 3357//
f 3357// 3353// 3354//
f 3357// 3354// 3358//
f 3358// 3354// 3355//
f 3358// 3355// 3359//
f 1969// 1967// 3359//
f 3359// 1967// 3340//
f 3359// 3340// 3358//
f 3358// 3340// 3348//
f 3358// 3348// 3357//
f 3357// 3348// 3349//
f 3357// 3349// 3356//
f 3356// 3349// 3342//
f 3356// 3342// 1732//
f 1732// 3342// 1733//
f 1970// 1969// 3360//
f 3360// 1969// 3359//
f 3360// 3359// 3361//
f 3361// 3359// 3355//
f 3361// 3355// 3362//
f 3362// 3355// 3352//
f 3362// 3352// 3363//
f 3363// 3352// 3351//
f 3363// 3351// 1728//
f 1728// 3351// 1729//
f 3338// 3339// 3364//
f 3336// 3337// 3365//
f 3334// 3335// 3366//
f 3367// 1980// 1979//
f 3368// 1711// 1710//
f 3369// 3368// 3370//
f 3368// 1710// 3370//
f 3370// 1710// 1709//
f 3370// 1709// 3371//
f 3371// 1709// 1708//
f 3371// 1708// 3372//
f 3372// 1708// 1707//
f 3372// 1707// 3373//
f 3373// 1707// 1706//
f 3373// 1706// 3333//
f 3333// 3334// 3373//
f 3373// 3334// 3366//
f 3373// 3366// 3372//
f 3372// 3366// 3374//
f 3372// 3374// 3371//
f 3371// 3374// 3375//
f 3371// 3375// 3370//
f 3370// 3375// 3376//
f 3370// 3376// 3369//
f 3369// 3376// 3377//
f 3335// 3336// 3366//
f 3366// 3336// 3365//
f 3366// 3365// 3374//
f 3374// 3365// 3378//
f 3374// 3378// 3375//
f 3375// 3378// 3379//
f 3375// 3379// 3376//
f 3376// 3379// 3380//
f 3376// 3380// 3377//
f 3377// 3380// 3381//
f 3337// 3338// 3365//
f 3365// 3338// 3364//
f 3365// 3364// 3378//
f 3378// 3364// 3382//
f 3378// 3382// 3379//
f 3379// 3382// 3383//
f 3379// 3383// 3380//
f 3380// 3383// 3367//
f 3380// 3367// 3381//
f 3381// 3367// 1979//
f 1980// 3367// 1982//
f 1982// 3367// 3383//
f 1982// 3383// 1984//
f 1984// 3383// 3382//
f 1984// 3382// 1985//
f 1985// 3382// 3364//
f 1985// 3364// 1974//
f 1974// 3364// 3339//
f 1974// 3339// 1633//
f 3384// 3385// 3386//
f 3363// 1728// 2196//
f 3362// 3363// 3387//
f 3363// 2196// 3387//
f 3387// 2196// 2197//
f 3387// 2197// 3388//
f 3361// 3362// 3389//
f 3389// 3362// 3387//
f 3389// 3387// 3390//
f 3390// 3387// 3388//
f 3390// 3388// 3391//
f 3360// 3361// 3392//
f 3392// 3361// 3389//
f 3392// 3389// 3393//
f 3393// 3389// 3390//
f 3393// 3390// 3394//
f 3394// 3390// 3391//
f 3394// 3391// 3395//
f 1970// 3360// 3396//
f 3396// 3360// 3392//
f 3396// 3392// 3397//
f 3397// 3392// 3393//
f 3397// 3393// 3398//
f 3398// 3393// 3394//
f 3398// 3394// 3399//
f 3399// 3394// 3395//
f 3399// 3395// 3400//
f 1960// 1959// 3400//
f 3400// 1959// 1958//
f 3400// 1958// 3399//
f 3399// 1958// 1956//
f 3399// 1956// 3398//
f 3398// 1956// 1954//
f 3398// 1954// 3397//
f 3397// 1954// 1963//
f 3397// 1963// 3396//
f 3396// 1963// 1962//
f 3396// 1962// 1970//
f 3401// 3385// 3402//
f 3402// 3385// 3384//
f 3402// 3384// 3403//
f 1946// 1960// 3404//
f 3404// 1960// 3400//
f 3404// 3400// 3405//
f 3405// 3400// 3395//
f 3405// 3395// 3406//
f 3406// 3395// 3391//
f 3406// 3391// 3407//
f 3407// 3391// 3388//
f 3407// 3388// 2194//
f 2194// 3388// 2197//
f 2193// 2189// 3403//
f 3403// 2189// 2191//
f 3403// 2191// 3402//
f 3402// 2191// 2192//
f 3402// 2192// 3401//
f 3401// 2192// 2186//
f 3408// 3386// 3409//
f 3409// 3386// 3385//
f 3409// 3385// 3410//
f 3410// 3385// 3401//
f 3410// 3401// 3411//
f 3411// 3401// 2186//
f 3411// 2186// 2188//
f 1948// 1946// 3408//
f 3408// 1946// 3404//
f 3408// 3404// 3386//
f 3386// 3404// 3405//
f 3386// 3405// 3384//
f 3384// 3405// 3406//
f 3384// 3406// 3403//
f 3403// 3406// 3407//
f 3403// 3407// 2193//
f 2193// 3407// 2194//
f 1950// 1948// 3412//
f 3412// 1948// 3408//
f 3412// 3408// 3413//
f 3413// 3408// 3409//
f 3413// 3409// 3414//
f 3414// 3409// 3410//
f 3414// 3410// 3415//
f 3415// 3410// 3411//
f 3415// 3411// 2131//
f 2131// 3411// 2188//
f 2155// 2160// 3416//
f 3417// 1992// 1991//
f 3418// 3419// 3420//
f 2002// 2001// 3421//
f 3422// 3423// 2148//
f 2148// 3423// 2101//
f 2000// 1998// 3424//
f 3424// 1998// 3425//
f 2001// 2000// 3421//
f 3421// 2000// 3424//
f 3421// 3424// 3426//
f 3426// 3424// 3425//
f 3426// 3425// 3427//
f 1987// 2002// 3428//
f 3428// 2002// 3421//
f 3428// 3421// 3429//
f 3429// 3421// 3426//
f 3429// 3426// 3430//
f 3430// 3426// 3427//
f 3430// 3427// 3431//
f 1989// 1987// 3432//
f 3432// 1987// 3428//
f 3432// 3428// 3433//
f 3433// 3428// 3429//
f 3433// 3429// 3434//
f 3434// 3429// 3430//
f 3434// 3430// 3422//
f 3422// 3430// 3431//
f 3422// 3431// 3423//
f 3435// 3419// 3436//
f 3436// 3419// 3418//
f 3436// 3418// 3437//
f 2150// 2151// 3438//
f 3438// 2151// 3437//
f 3438// 3437// 3439//
f 3439// 3437// 3418//
f 3439// 3418// 3440//
f 3440// 3418// 3420//
f 3440// 3420// 3441//
f 1991// 1989// 3441//
f 3441// 1989// 3432//
f 3441// 3432// 3440//
f 3440// 3432// 3433//
f 3440// 3433// 3439//
f 3439// 3433// 3434//
f 3439// 3434// 3438//
f 3438// 3434// 3422//
f 3438// 3422// 2150//
f 2150// 3422// 2148//
f 2151// 2152// 3437//
f 3437// 2152// 2154//
f 3437// 2154// 3436//
f 3436// 2154// 2159//
f 3436// 2159// 3435//
f 3435// 2159// 2158//
f 3435// 2158// 2156//
f 1991// 3441// 3417//
f 3417// 3441// 3420//
f 3417// 3420// 3442//
f 3442// 3420// 3419//
f 3442// 3419// 3443//
f 3443// 3419// 3435//
f 3443// 3435// 3444//
f 3444// 3435// 2156//
f 3444// 2156// 2155//
f 3445// 1978// 1993//
f 2155// 3416// 3444//
f 3444// 3416// 3446//
f 3444// 3446// 3443//
f 3443// 3446// 3447//
f 3443// 3447// 3442//
f 3442// 3447// 3445//
f 3442// 3445// 3417//
f 3417// 3445// 1993//
f 3417// 1993// 1992//
f 1979// 1978// 3381//
f 3381// 1978// 3445//
f 3381// 3445// 3377//
f 3377// 3445// 3447//
f 3377// 3447// 3369//
f 3369// 3447// 3446//
f 3369// 3446// 3368//
f 3368// 3446// 3416//
f 3368// 3416// 1711//
f 1711// 3416// 2160//
f 1917// 1919// 3448//
f 1925// 1927// 3449//
f 1936// 1939// 3450//
f 1944// 1952// 3451//
f 3452// 3415// 2130//
f 2130// 3415// 2131//
f 1951// 1950// 3453//
f 3453// 1950// 3412//
f 1952// 1951// 3451//
f 3451// 1951// 3453//
f 3451// 3453// 3454//
f 3454// 3453// 3412//
f 3454// 3412// 3413//
f 1942// 1944// 3455//
f 3455// 1944// 3451//
f 3455// 3451// 3456//
f 3456// 3451// 3454//
f 3456// 3454// 3457//
f 3457// 3454// 3413//
f 3457// 3413// 3414//
f 1941// 1942// 3458//
f 3458// 1942// 3455//
f 3458// 3455// 3459//
f 3459// 3455// 3456//
f 3459// 3456// 3460//
f 3460// 3456// 3457//
f 3460// 3457// 3452//
f 3452// 3457// 3414//
f 3452// 3414// 3415//
f 1939// 1941// 3450//
f 3450// 1941// 3458//
f 3450// 3458// 3461//
f 3461// 3458// 3459//
f 3461// 3459// 3462//
f 3462// 3459// 3460//
f 3462// 3460// 3463//
f 3463// 3460// 3452//
f 3463// 3452// 2129//
f 2129// 3452// 2130//
f 1934// 1936// 3464//
f 3464// 1936// 3450//
f 3464// 3450// 3465//
f 3465// 3450// 3461//
f 3465// 3461// 3466//
f 3466// 3461// 3462//
f 3466// 3462// 3467//
f 3467// 3462// 3463//
f 3467// 3463// 2128//
f 2128// 3463// 2129//
f 1931// 1934// 3468//
f 3468// 1934// 3464//
f 3468// 3464// 3469//
f 3469// 3464// 3465//
f 3469// 3465// 3470//
f 3470// 3465// 3466//
f 3470// 3466// 3471//
f 3471// 3466// 3467//
f 3471// 3467// 2127//
f 2127// 3467// 2128//
f 1927// 1931// 3449//
f 3449// 1931// 3468//
f 3449// 3468// 3472//
f 3472// 3468// 3469//
f 3472// 3469// 3473//
f 3473// 3469// 3470//
f 3473// 3470// 3474//
f 3474// 3470// 3471//
f 3474// 3471// 2126//
f 2126// 3471// 2127//
f 1923// 1925// 3475//
f 3475// 1925// 3449//
f 3475// 3449// 3476//
f 3476// 3449// 3472//
f 3476// 3472// 3477//
f 3477// 3472// 3473//
f 3477// 3473// 3478//
f 3478// 3473// 3474//
f 3478// 3474// 2125//
f 2125// 3474// 2126//
f 1921// 1923// 3479//
f 3479// 1923// 3475//
f 3479// 3475// 3480//
f 3480// 3475// 3476//
f 3480// 3476// 3481//
f 3481// 3476// 3477//
f 3481// 3477// 3482//
f 3482// 3477// 3478//
f 3482// 3478// 2123//
f 2123// 3478// 2125//
f 1919// 1921// 3448//
f 3448// 1921// 3479//
f 3448// 3479// 3483//
f 3483// 3479// 3480//
f 3483// 3480// 3484//
f 3484// 3480// 3481//
f 3484// 3481// 3485//
f 3485// 3481// 3482//
f 3485// 3482// 2122//
f 2122// 3482// 2123//
f 2119// 2118// 3486//
f 3486// 2118// 3487//
f 3486// 3487// 3488//
f 2120// 2119// 3489//
f 3489// 2119// 3486//
f 3489// 3486// 3490//
f 3490// 3486// 3488//
f 3490// 3488// 3491//
f 2121// 2120// 3492//
f 3492// 2120// 3489//
f 3492// 3489// 3493//
f 3493// 3489// 3490//
f 3493// 3490// 3494//
f 3494// 3490// 3491//
f 3494// 3491// 3495//
f 1915// 1917// 3495//
f 3495// 1917// 3448//
f 3495// 3448// 3494//
f 3494// 3448// 3483//
f 3494// 3483// 3493//
f 3493// 3483// 3484//
f 3493// 3484// 3492//
f 3492// 3484// 3485//
f 3492// 3485// 2121//
f 2121// 3485// 2122//
f 1913// 1915// 3496//
f 3496// 1915// 3495//
f 3496// 3495// 3497//
f 3497// 3495// 3491//
f 3497// 3491// 3498//
f 3498// 3491// 3488//
f 3498// 3488// 3499//
f 3499// 3488// 3487//
f 3499// 3487// 2117//
f 2117// 3487// 2118//
f 1995// 2003// 3500//
f 2008// 2009// 3501//
f 2018// 2021// 3502//
f 2026// 2034// 3503//
f 3504// 3505// 2114//
f 2114// 3505// 2115//
f 2035// 2027// 3506//
f 3506// 2027// 3507//
f 2034// 2035// 3503//
f 3503// 2035// 3506//
f 3503// 3506// 3508//
f 3508// 3506// 3507//
f 3508// 3507// 3509//
f 2024// 2026// 3510//
f 3510// 2026// 3503//
f 3510// 3503// 3511//
f 3511// 3503// 3508//
f 3511// 3508// 3512//
f 3512// 3508// 3509//
f 3512// 3509// 3513//
f 2023// 2024// 3514//
f 3514// 2024// 3510//
f 3514// 3510// 3515//
f 3515// 3510// 3511//
f 3515// 3511// 3516//
f 3516// 3511// 3512//
f 3516// 3512// 3504//
f 3504// 3512// 3513//
f 3504// 3513// 3505//
f 2021// 2023// 3502//
f 3502// 2023// 3514//
f 3502// 3514// 3517//
f 3517// 3514// 3515//
f 3517// 3515// 3518//
f 3518// 3515// 3516//
f 3518// 3516// 3519//
f 3519// 3516// 3504//
f 3519// 3504// 2113//
f 2113// 3504// 2114//
f 2014// 2018// 3520//
f 3520// 2018// 3502//
f 3520// 3502// 3521//
f 3521// 3502// 3517//
f 3521// 3517// 3522//
f 3522// 3517// 3518//
f 3522// 3518// 3523//
f 3523// 3518// 3519//
f 3523// 3519// 2112//
f 2112// 3519// 2113//
f 2011// 2014// 3524//
f 3524// 2014// 3520//
f 3524// 3520// 3525//
f 3525// 3520// 3521//
f 3525// 3521// 3526//
f 3526// 3521// 3522//
f 3526// 3522// 3527//
f 3527// 3522// 3523//
f 3527// 3523// 2111//
f 2111// 3523// 2112//
f 2009// 2011// 3501//
f 3501// 2011// 3524//
f 3501// 3524// 3528//
f 3528// 3524// 3525//
f 3528// 3525// 3529//
f 3529// 3525// 3526//
f 3529// 3526// 3530//
f 3530// 3526// 3527//
f 3530// 3527// 2110//
f 2110// 3527// 2111//
f 2006// 2008// 3531//
f 3531// 2008// 3501//
f 3531// 3501// 3532//
f 3532// 3501// 3528//
f 3532// 3528// 3533//
f 3533// 3528// 3529//
f 3533// 3529// 3534//
f 3534// 3529// 3530//
f 3534// 3530// 2109//
f 2109// 3530// 2110//
f 2005// 2006// 3535//
f 3535// 2006// 3531//
f 3535// 3531// 3536//
f 3536// 3531// 3532//
f 3536// 3532// 3537//
f 3537// 3532// 3533//
f 3537// 3533// 3538//
f 3538// 3533// 3534//
f 3538// 3534// 2107//
f 2107// 3534// 2109//
f 2003// 2005// 3500//
f 3500// 2005// 3535//
f 3500// 3535// 3539//
f 3539// 3535// 3536//
f 3539// 3536// 3540//
f 3540// 3536// 3537//
f 3540// 3537// 3541//
f 3541// 3537// 3538//
f 3541// 3538// 2106//
f 2106// 3538// 2107//
f 2103// 2102// 3542//
f 3542// 2102// 3543//
f 3542// 3543// 3544//
f 2104// 2103// 3545//
f 3545// 2103// 3542//
f 3545// 3542// 3546//
f 3546// 3542// 3544//
f 3546// 3544// 3547//
f 2105// 2104// 3548//
f 3548// 2104// 3545//
f 3548// 3545// 3549//
f 3549// 3545// 3546//
f 3549// 3546// 3550//
f 3550// 3546// 3547//
f 3550// 3547// 3551//
f 1996// 1995// 3551//
f 3551// 1995// 3500//
f 3551// 3500// 3550//
f 3550// 3500// 3539//
f 3550// 3539// 3549//
f 3549// 3539// 3540//
f 3549// 3540// 3548//
f 3548// 3540// 3541//
f 3548// 3541// 2105//
f 2105// 3541// 2106//
f 1998// 1996// 3425//
f 3425// 1996// 3551//
f 3425// 3551// 3427//
f 3427// 3551// 3547//
f 3427// 3547// 3431//
f 3431// 3547// 3544//
f 3431// 3544// 3423//
f 3423// 3544// 3543//
f 3423// 3543// 2101//
f 2101// 3543// 2102//
f 2180// 2185// 3552//
f 3553// 1898// 1900//
f 3554// 3555// 3556//
f 1907// 1909// 3557//
f 3558// 3499// 2173//
f 2173// 3499// 2117//
f 1911// 1913// 3559//
f 3559// 1913// 3496//
f 1909// 1911// 3557//
f 3557// 1911// 3559//
f 3557// 3559// 3560//
f 3560// 3559// 3496//
f 3560// 3496// 3497//
f 1905// 1907// 3561//
f 3561// 1907// 3557//
f 3561// 3557// 3562//
f 3562// 3557// 3560//
f 3562// 3560// 3563//
f 3563// 3560// 3497//
f 3563// 3497// 3498//
f 1902// 1905// 3564//
f 3564// 1905// 3561//
f 3564// 3561// 3565//
f 3565// 3561// 3562//
f 3565// 3562// 3566//
f 3566// 3562// 3563//
f 3566// 3563// 3558//
f 3558// 3563// 3498//
f 3558// 3498// 3499//
f 3567// 3555// 3568//
f 3568// 3555// 3554//
f 3568// 3554// 3569//
f 2175// 2176// 3570//
f 3570// 2176// 3569//
f 3570// 3569// 3571//
f 3571// 3569// 3554//
f 3571// 3554// 3572//
f 3572// 3554// 3556//
f 3572// 3556// 3573//
f 1900// 1902// 3573//
f 3573// 1902// 3564//
f 3573// 3564// 3572//
f 3572// 3564// 3565//
f 3572// 3565// 3571//
f 3571// 3565// 3566//
f 3571// 3566// 3570//
f 3570// 3566// 3558//
f 3570// 3558// 2175//
f 2175// 3558// 2173//
f 2176// 2177// 3569//
f 3569// 2177// 2179//
f 3569// 2179// 3568//
f 3568// 2179// 2184//
f 3568// 2184// 3567//
f 3567// 2184// 2183//
f 3567// 2183// 2181//
f 1900// 3573// 3553//
f 3553// 3573// 3556//
f 3553// 3556// 3574//
f 3574// 3556// 3555//
f 3574// 3555// 3575//
f 3575// 3555// 3567//
f 3575// 3567// 3576//
f 3576// 3567// 2181//
f 3576// 2181// 2180//
f 3577// 1895// 1896//
f 2180// 3552// 3576//
f 3576// 3552// 3578//
f 3576// 3578// 3575//
f 3575// 3578// 3579//
f 3575// 3579// 3574//
f 3574// 3579// 3577//
f 3574// 3577// 3553//
f 3553// 3577// 1896//
f 3553// 1896// 1898//
f 1893// 1895// 3580//
f 3580// 1895// 3577//
f 3580// 3577// 3581//
f 3581// 3577// 3579//
f 3581// 3579// 3582//
f 3582// 3579// 3578//
f 3582// 3578// 3583//
f 3583// 3578// 3552//
f 3583// 3552// 1696//
f 1696// 3552// 2185//
f 3584// 3585// 3586//
f 3587// 1683// 2171//
f 3588// 3587// 3589//
f 3587// 2171// 3589//
f 3589// 2171// 2172//
f 3589// 2172// 3590//
f 3591// 3588// 3592//
f 3592// 3588// 3589//
f 3592// 3589// 3593//
f 3593// 3589// 3590//
f 3593// 3590// 3594//
f 3595// 3591// 3596//
f 3596// 3591// 3592//
f 3596// 3592// 3597//
f 3597// 3592// 3593//
f 3597// 3593// 3598//
f 3598// 3593// 3594//
f 3598// 3594// 3599//
f 2063// 3595// 3600//
f 3600// 3595// 3596//
f 3600// 3596// 3601//
f 3601// 3596// 3597//
f 3601// 3597// 3602//
f 3602// 3597// 3598//
f 3602// 3598// 3603//
f 3603// 3598// 3599//
f 3603// 3599// 3604//
f 2038// 2040// 3604//
f 3604// 2040// 2042//
f 3604// 2042// 3603//
f 3603// 2042// 2044//
f 3603// 2044// 3602//
f 3602// 2044// 2046//
f 3602// 2046// 3601//
f 3601// 2046// 2048//
f 3601// 2048// 3600//
f 3600// 2048// 2050//
f 3600// 2050// 2063//
f 3605// 3585// 3606//
f 3606// 3585// 3584//
f 3606// 3584// 3607//
f 2031// 2038// 3608//
f 3608// 2038// 3604//
f 3608// 3604// 3609//
f 3609// 3604// 3599//
f 3609// 3599// 3610//
f 3610// 3599// 3594//
f 3610// 3594// 3611//
f 3611// 3594// 3590//
f 3611// 3590// 2169//
f 2169// 3590// 2172//
f 2168// 2164// 3607//
f 3607// 2164// 2166//
f 3607// 2166// 3606//
f 3606// 2166// 2167//
f 3606// 2167// 3605//
f 3605// 2167// 2161//
f 3612// 3586// 3613//
f 3613// 3586// 3585//
f 3613// 3585// 3614//
f 3614// 3585// 3605//
f 3614// 3605// 3615//
f 3615// 3605// 2161//
f 3615// 2161// 2163//
f 2029// 2031// 3612//
f 3612// 2031// 3608//
f 3612// 3608// 3586//
f 3586// 3608// 3609//
f 3586// 3609// 3584//
f 3584// 3609// 3610//
f 3584// 3610// 3607//
f 3607// 3610// 3611//
f 3607// 3611// 2168//
f 2168// 3611// 2169//
f 2027// 2029// 3507//
f 3507// 2029// 3612//
f 3507// 3612// 3509//
f 3509// 3612// 3613//
f 3509// 3613// 3513//
f 3513// 3613// 3614//
f 3513// 3614// 3505//
f 3505// 3614// 3615//
f 3505// 3615// 2115//
f 2115// 3615// 2163//
f 3616// 3617// 3618//
f 3619// 3620// 3621//
f 3622// 3623// 3624//
f 3625// 1891// 1893//
f 3583// 1696// 1695//
f 3582// 3583// 3626//
f 3583// 1695// 3626//
f 3626// 1695// 1694//
f 3626// 1694// 3627//
f 3627// 1694// 1693//
f 3627// 1693// 3628//
f 3628// 1693// 1692//
f 3628// 1692// 3629//
f 3629// 1692// 1691//
f 3629// 1691// 3630//
f 3630// 3622// 3629//
f 3629// 3622// 3624//
f 3629// 3624// 3628//
f 3628// 3624// 3631//
f 3628// 3631// 3627//
f 3627// 3631// 3632//
f 3627// 3632// 3626//
f 3626// 3632// 3633//
f 3626// 3633// 3582//
f 3582// 3633// 3581//
f 3623// 3619// 3624//
f 3624// 3619// 3621//
f 3624// 3621// 3631//
f 3631// 3621// 3634//
f 3631// 3634// 3632//
f 3632// 3634// 3635//
f 3632// 3635// 3633//
f 3633// 3635// 3636//
f 3633// 3636// 3581//
f 3581// 3636// 3580//
f 3620// 3616// 3621//
f 3621// 3616// 3618//
f 3621// 3618// 3634//
f 3634// 3618// 3637//
f 3634// 3637// 3635//
f 3635// 3637// 3638//
f 3635// 3638// 3636//
f 3636// 3638// 3625//
f 3636// 3625// 3580//
f 3580// 3625// 1893//
f 1891// 3625// 1889//
f 1889// 3625// 3638//
f 1889// 3638// 1887//
f 1887// 3638// 3637//
f 1887// 3637// 1885//
f 1885// 3637// 3618//
f 1885// 3618// 1883//
f 1883// 3618// 3617//
f 1883// 3617// 1636//
f 2060// 2058// 3639//
f 3640// 3641// 3642//
f 1689// 1688// 3643//
f 3643// 1688// 3644//
f 3643// 3644// 3645//
f 2053// 1638// 3646//
f 3646// 1638// 3647//
f 3646// 3647// 3648//
f 2054// 2053// 3649//
f 3649// 2053// 3646//
f 3649// 3646// 3650//
f 3650// 3646// 3648//
f 3650// 3648// 3651//
f 2056// 2054// 3652//
f 3652// 2054// 3649//
f 3652// 3649// 3653//
f 3653// 3649// 3650//
f 3653// 3650// 3642//
f 3642// 3650// 3651//
f 3642// 3651// 3640//
f 2058// 2056// 3639//
f 3639// 2056// 3652//
f 3639// 3652// 3654//
f 3654// 3652// 3653//
f 3654// 3653// 3655//
f 3655// 3653// 3642//
f 3655// 3642// 3644//
f 3644// 3642// 3641//
f 3644// 3641// 3645//
f 1685// 1684// 3656//
f 3656// 1684// 3657//
f 3656// 3657// 3658//
f 1686// 1685// 3659//
f 3659// 1685// 3656//
f 3659// 3656// 3660//
f 3660// 3656// 3658//
f 3660// 3658// 3661//
f 1687// 1686// 3662//
f 3662// 1686// 3659//
f 3662// 3659// 3663//
f 3663// 3659// 3660//
f 3663// 3660// 3664//
f 3664// 3660// 3661//
f 3664// 3661// 3665//
f 2062// 2060// 3665//
f 3665// 2060// 3639//
f 3665// 3639// 3664//
f 3664// 3639// 3654//
f 3664// 3654// 3663//
f 3663// 3654// 3655//
f 3663// 3655// 3662//
f 3662// 3655// 3644//
f 3662// 3644// 1687//
f 1687// 3644// 1688//
f 2063// 2062// 3595//
f 3595// 2062// 3665//
f 3595// 3665// 3591//
f 3591// 3665// 3661//
f 3591// 3661// 3588//
f 3588// 3661// 3658//
f 3588// 3658// 3587//
f 3587// 3658// 3657//
f 3587// 3657// 1683//
f 1683// 3657// 1684//
f 1691// 1689// 3630//
f 3630// 1689// 3643//
f 3630// 3643// 3622//
f 3622// 3643// 3645//
f 3622// 3645// 3623//
f 3623// 3645// 3641//
f 3623// 3641// 3619//
f 3619// 3641// 3640//
f 3619// 3640// 3620//
f 3620// 3640// 3651//
f 3620// 3651// 3616//
f 3616// 3651// 3648//
f 3616// 3648// 3617//
f 3617// 3648// 3647//
f 3617// 3647// 1636//
f 1636// 3647// 1638//
usemtl 3
f 954// 952// 956//
f 956// 952// 951//
f 956// 951// 3666//
f 3666// 951// 1322//
f 3666// 1322// 3667//
f 1452// 3668// 1455//
f 1455// 3668// 3669//
f 1455// 3669// 1449//
f 1449// 3669// 3670//
f 1449// 3670// 1448//
f 1448// 3670// 3671//
f 1448// 3671// 1441//
f 1441// 3671// 3672//
f 1441// 3672// 1442//
f 3673// 1508// 1506//
f 1556// 1558// 3673//
f 3673// 1558// 1557//
f 3673// 1557// 1561//
f 1506// 1531// 3673//
f 3673// 1531// 1529//
f 3673// 1529// 1532//
f 1532// 1534// 3673//
f 3673// 1534// 1536//
f 3673// 1536// 1542//
f 1542// 1540// 3673//
f 3673// 1540// 1538//
f 3673// 1538// 1549//
f 1549// 1548// 3673//
f 3673// 1548// 1546//
f 3673// 1546// 1550//
f 1550// 1552// 3673//
f 3673// 1552// 1554//
f 3673// 1554// 1556//
f 3674// 957// 3675//
f 3676// 3677// 3678//
f 3678// 3677// 3679//
f 3678// 3679// 3680//
f 3675// 957// 3679//
f 3681// 3682// 3683//
f 956// 3666// 957//
f 957// 3666// 3684//
f 957// 3684// 3679//
f 3679// 3684// 3685//
f 3679// 3685// 3680//
f 3681// 3683// 3675//
f 3675// 3683// 3686//
f 3675// 3686// 3674//
f 1572// 3687// 1571//
f 1571// 3687// 1570//
f 1565// 3688// 1566//
f 1566// 3688// 1567//
f 1565// 1564// 3688//
f 3688// 1564// 1563//
f 3688// 1563// 3687//
f 3687// 1563// 1568//
f 3687// 1568// 1570//
f 1474// 3689// 1466//
f 1466// 3689// 3690//
f 1466// 3690// 1467//
f 1483// 3691// 1484//
f 1484// 3691// 3692//
f 1484// 3692// 1476//
f 1476// 3692// 3693//
f 1476// 3693// 1474//
f 1474// 3693// 3694//
f 1474// 3694// 3689//
f 3695// 3696// 3697//
f 3697// 3696// 1313//
f 3697// 1313// 1312//
f 1312// 1313// 1306//
f 1312// 1306// 1305//
f 1375// 3698// 1376//
f 1376// 3698// 3699//
f 1376// 3699// 1369//
f 1369// 3699// 3700//
f 1369// 3700// 1368//
f 1368// 3700// 3701//
f 1368// 3701// 1362//
f 1362// 3701// 3702//
f 1362// 3702// 1363//
f 2356// 2354// 3703//
f 3703// 2354// 2355//
f 3703// 2355// 2352//
f 2348// 2339// 3703//
f 2339// 2338// 3703//
f 3703// 2338// 2309//
f 3703// 2309// 2311//
f 2345// 2346// 3703//
f 3703// 2346// 2347//
f 3703// 2347// 2348//
f 2340// 2343// 3703//
f 3703// 2343// 2344//
f 3703// 2344// 2345//
f 2352// 2349// 3703//
f 3703// 2349// 2350//
f 3703// 2350// 2351//
f 2351// 2342// 3703//
f 3703// 2342// 2341//
f 3703// 2341// 2340//
f 1403// 3704// 1406//
f 1406// 3704// 3705//
f 1406// 3705// 1399//
f 1399// 3705// 3706//
f 1399// 3706// 1397//
f 1397// 3706// 3707//
f 1397// 3707// 1388//
f 1388// 3707// 3708//
f 1388// 3708// 1389//
f 1411// 3709// 1410//
f 1410// 3709// 1409//
f 1417// 3710// 1418//
f 1418// 3710// 1419//
f 1417// 1416// 3710//
f 3710// 1416// 1414//
f 3710// 1414// 3709//
f 3709// 1414// 1408//
f 3709// 1408// 1409//
f 3697// 1312// 3711//
f 3711// 1312// 1311//
f 3712// 3713// 3714//
f 3715// 3716// 3717//
f 3717// 3716// 3718//
f 3717// 3718// 3719//
f 3715// 3720// 3716//
f 3716// 3720// 3711//
f 3716// 3711// 3721//
f 3721// 3711// 1311//
f 3721// 1311// 3722//
f 3712// 3714// 1311//
f 1311// 3714// 3723//
f 1311// 3723// 3722//
f 3704// 1403// 1405//
f 2356// 3703// 2353//
f 2353// 3703// 3724//
f 2353// 3724// 1405//
f 1407// 1390// 3725//
f 1407// 3725// 1412//
f 1412// 3725// 3709//
f 1412// 3709// 1411//
f 1405// 3724// 3704//
f 3704// 3724// 3726//
f 3704// 3726// 3705//
f 3705// 3726// 3727//
f 3705// 3727// 3706//
f 3706// 3727// 3728//
f 3706// 3728// 3707//
f 3707// 3728// 3725//
f 3707// 3725// 3708//
f 3708// 3725// 1390//
f 3708// 1390// 1389//
f 1364// 1363// 3702//
f 3698// 1375// 1374//
f 1419// 3710// 1415//
f 1415// 3710// 3729//
f 1364// 3730// 1420//
f 1420// 3730// 1248//
f 1420// 1248// 1247//
f 1364// 3702// 3730//
f 3730// 3702// 3701//
f 3730// 3701// 3731//
f 3731// 3701// 3700//
f 3731// 3700// 3732//
f 3732// 3700// 3699//
f 3732// 3699// 3733//
f 3733// 3699// 3698//
f 3733// 3698// 3729//
f 3729// 3698// 1374//
f 3729// 1374// 1415//
f 1468// 1467// 3690//
f 3691// 1483// 1482//
f 1567// 3688// 1562//
f 1562// 3688// 3734//
f 3673// 1561// 1559//
f 3673// 1559// 3735//
f 1559// 1468// 3735//
f 3735// 1468// 3690//
f 3735// 3690// 3736//
f 3736// 3690// 3689//
f 3736// 3689// 3737//
f 3737// 3689// 3738//
f 3738// 3689// 3694//
f 3738// 3694// 3739//
f 3739// 3694// 3740//
f 3740// 3694// 3693//
f 3740// 3693// 3741//
f 3741// 3693// 3742//
f 3742// 3693// 3692//
f 3742// 3692// 3743//
f 3743// 3692// 3744//
f 3744// 3692// 3691//
f 3744// 3691// 3734//
f 3734// 3691// 1482//
f 3734// 1482// 1562//
f 1443// 1442// 3672//
f 3668// 1452// 1454//
f 879// 881// 2357//
f 2357// 881// 3745//
f 1569// 1443// 3746//
f 1569// 3746// 1573//
f 1573// 3746// 3687//
f 1573// 3687// 1572//
f 1443// 3672// 3746//
f 3746// 3672// 3671//
f 3746// 3671// 3747//
f 3747// 3671// 3670//
f 3747// 3670// 3748//
f 3748// 3670// 3669//
f 3748// 3669// 3749//
f 3749// 3669// 3668//
f 3749// 3668// 3745//
f 3745// 3668// 1454//
f 3745// 1454// 2357//
f 2326// 2325// 3750//
f 3750// 2325// 2334//
f 3750// 2334// 3751//
f 3751// 2334// 1314//
f 3751// 1314// 3752//
f 3753// 2328// 3750//
f 3750// 2328// 2327//
f 3750// 2327// 2326//
f 3754// 2330// 3753//
f 3753// 2330// 2329//
f 3753// 2329// 2328//
f 3755// 2332// 3754//
f 3754// 2332// 2331//
f 3754// 2331// 2330//
f 3756// 2324// 3755//
f 3755// 2324// 2322//
f 2322// 2321// 3755//
f 3755// 2321// 2333//
f 3755// 2333// 2332//
f 3703// 2311// 3757//
f 3757// 2311// 2313//
f 2313// 2314// 3757//
f 3757// 2314// 2316//
f 3757// 2316// 3758//
f 3758// 2316// 2318//
f 3758// 2318// 3756//
f 3756// 2318// 2320//
f 3756// 2320// 2324//
f 1314// 1313// 3752//
f 3752// 1313// 3696//
f 3752// 3696// 3759//
f 3759// 3696// 3695//
f 3759// 3695// 3760//
f 3760// 3695// 3697//
f 3760// 3697// 3711//
f 3703// 3757// 3724//
f 3724// 3757// 3761//
f 3757// 3758// 3761//
f 3761// 3758// 3756//
f 3761// 3756// 3762//
f 3756// 3755// 3762//
f 3762// 3755// 3754//
f 3762// 3754// 3763//
f 3754// 3753// 3763//
f 3763// 3753// 3750//
f 3763// 3750// 3764//
f 3709// 3725// 3765//
f 3765// 3725// 3766//
f 3765// 3766// 3767//
f 3767// 3766// 3768//
f 3767// 3768// 3769//
f 3769// 3768// 3770//
f 3769// 3770// 3771//
f 3771// 3770// 3772//
f 3771// 3772// 3773//
f 3773// 3772// 3774//
f 3773// 3774// 3716//
f 3725// 3728// 3766//
f 3766// 3728// 3775//
f 3766// 3775// 3768//
f 3768// 3775// 3776//
f 3768// 3776// 3770//
f 3770// 3776// 3777//
f 3770// 3777// 3772//
f 3772// 3777// 3778//
f 3772// 3778// 3774//
f 3774// 3778// 3779//
f 3728// 3727// 3775//
f 3775// 3727// 3780//
f 3775// 3780// 3776//
f 3776// 3780// 3781//
f 3776// 3781// 3777//
f 3777// 3781// 3782//
f 3777// 3782// 3778//
f 3778// 3782// 3783//
f 3778// 3783// 3779//
f 3779// 3783// 3784//
f 3727// 3726// 3780//
f 3780// 3726// 3785//
f 3780// 3785// 3781//
f 3781// 3785// 3786//
f 3781// 3786// 3782//
f 3782// 3786// 3787//
f 3782// 3787// 3783//
f 3783// 3787// 3788//
f 3783// 3788// 3784//
f 3784// 3788// 3789//
f 3726// 3724// 3785//
f 3785// 3724// 3761//
f 3785// 3761// 3786//
f 3786// 3761// 3762//
f 3786// 3762// 3787//
f 3787// 3762// 3763//
f 3787// 3763// 3788//
f 3788// 3763// 3764//
f 3788// 3764// 3789//
f 3789// 3764// 3790//
f 3750// 3751// 3764//
f 3764// 3751// 3752//
f 3764// 3752// 3790//
f 3790// 3752// 3759//
f 3790// 3759// 3760//
f 3716// 3774// 3718//
f 3718// 3774// 3779//
f 3718// 3779// 3719//
f 3719// 3779// 3784//
f 3719// 3784// 3717//
f 3717// 3784// 3789//
f 3717// 3789// 3715//
f 3715// 3789// 3790//
f 3715// 3790// 3720//
f 3720// 3790// 3760//
f 3720// 3760// 3711//
f 3710// 3709// 3765//
f 3710// 3765// 3791//
f 3791// 3765// 3767//
f 3791// 3767// 3792//
f 3792// 3767// 3769//
f 3792// 3769// 3793//
f 3793// 3769// 3771//
f 3793// 3771// 3794//
f 3794// 3771// 3773//
f 3794// 3773// 3795//
f 3795// 3773// 3716//
f 3795// 3716// 3721//
f 1248// 3730// 1293//
f 1293// 3730// 3796//
f 1293// 3796// 1290//
f 1290// 3796// 3797//
f 1290// 3797// 1298//
f 1298// 3797// 3798//
f 1298// 3798// 1272//
f 1272// 3798// 3799//
f 1272// 3799// 1310//
f 1310// 3799// 3800//
f 1310// 3800// 1311//
f 1311// 3800// 3712//
f 3730// 3731// 3796//
f 3796// 3731// 3801//
f 3796// 3801// 3797//
f 3797// 3801// 3802//
f 3797// 3802// 3798//
f 3798// 3802// 3803//
f 3798// 3803// 3799//
f 3799// 3803// 3804//
f 3799// 3804// 3800//
f 3800// 3804// 3805//
f 3800// 3805// 3712//
f 3712// 3805// 3713//
f 3731// 3732// 3801//
f 3801// 3732// 3806//
f 3801// 3806// 3802//
f 3802// 3806// 3807//
f 3802// 3807// 3803//
f 3803// 3807// 3808//
f 3803// 3808// 3804//
f 3804// 3808// 3809//
f 3804// 3809// 3805//
f 3805// 3809// 3810//
f 3805// 3810// 3713//
f 3713// 3810// 3714//
f 3732// 3733// 3806//
f 3806// 3733// 3811//
f 3806// 3811// 3807//
f 3807// 3811// 3812//
f 3807// 3812// 3808//
f 3808// 3812// 3813//
f 3808// 3813// 3809//
f 3809// 3813// 3814//
f 3809// 3814// 3810//
f 3810// 3814// 3815//
f 3810// 3815// 3714//
f 3714// 3815// 3723//
f 3733// 3729// 3811//
f 3811// 3729// 3816//
f 3811// 3816// 3812//
f 3812// 3816// 3817//
f 3812// 3817// 3813//
f 3813// 3817// 3818//
f 3813// 3818// 3814//
f 3814// 3818// 3819//
f 3814// 3819// 3815//
f 3815// 3819// 3820//
f 3815// 3820// 3723//
f 3723// 3820// 3722//
f 3729// 3710// 3816//
f 3816// 3710// 3791//
f 3816// 3791// 3817//
f 3817// 3791// 3792//
f 3817// 3792// 3818//
f 3818// 3792// 3793//
f 3818// 3793// 3819//
f 3819// 3793// 3794//
f 3819// 3794// 3820//
f 3820// 3794// 3795//
f 3820// 3795// 3722//
f 3722// 3795// 3721//
f 1491// 1499// 3821//
f 3667// 1322// 1333//
f 3822// 1514// 1512//
f 3822// 1512// 3673//
f 3673// 1512// 1510//
f 3673// 1510// 1508//
f 1514// 3822// 1515//
f 1515// 3822// 3823//
f 1515// 3823// 1500//
f 1494// 1493// 3824//
f 1493// 1504// 3824//
f 3824// 1504// 1503//
f 3824// 1503// 3823//
f 3823// 1503// 1501//
f 3823// 1501// 1500//
f 1497// 1496// 3824//
f 3824// 1496// 1495//
f 3824// 1495// 1494//
f 3821// 1499// 3824//
f 3824// 1499// 1498//
f 3824// 1498// 1497//
f 1491// 3821// 1333//
f 1333// 3821// 3825//
f 1333// 3825// 3667//
f 3667// 3825// 3684//
f 3667// 3684// 3666//
f 3734// 3688// 3826//
f 3743// 3744// 3827//
f 3741// 3742// 3828//
f 3739// 3740// 3829//
f 3735// 3736// 3830//
f 3739// 3829// 3738//
f 3673// 3735// 3822//
f 3822// 3735// 3830//
f 3822// 3830// 3823//
f 3823// 3830// 3831//
f 3823// 3831// 3824//
f 3824// 3831// 3832//
f 3824// 3832// 3821//
f 3821// 3832// 3833//
f 3821// 3833// 3825//
f 3825// 3833// 3834//
f 3825// 3834// 3684//
f 3684// 3834// 3685//
f 3736// 3737// 3830//
f 3830// 3737// 3835//
f 3830// 3835// 3831//
f 3831// 3835// 3836//
f 3831// 3836// 3832//
f 3832// 3836// 3837//
f 3832// 3837// 3833//
f 3833// 3837// 3838//
f 3833// 3838// 3834//
f 3834// 3838// 3839//
f 3834// 3839// 3685//
f 3685// 3839// 3680//
f 3737// 3738// 3835//
f 3835// 3738// 3829//
f 3835// 3829// 3836//
f 3836// 3829// 3840//
f 3836// 3840// 3837//
f 3837// 3840// 3841//
f 3837// 3841// 3838//
f 3838// 3841// 3842//
f 3838// 3842// 3839//
f 3839// 3842// 3843//
f 3839// 3843// 3680//
f 3680// 3843// 3678//
f 3740// 3741// 3829//
f 3829// 3741// 3828//
f 3829// 3828// 3840//
f 3840// 3828// 3844//
f 3840// 3844// 3841//
f 3841// 3844// 3845//
f 3841// 3845// 3842//
f 3842// 3845// 3846//
f 3842// 3846// 3843//
f 3843// 3846// 3847//
f 3843// 3847// 3678//
f 3678// 3847// 3676//
f 3742// 3743// 3828//
f 3828// 3743// 3827//
f 3828// 3827// 3844//
f 3844// 3827// 3848//
f 3844// 3848// 3845//
f 3845// 3848// 3849//
f 3845// 3849// 3846//
f 3846// 3849// 3850//
f 3846// 3850// 3847//
f 3847// 3850// 3851//
f 3847// 3851// 3676//
f 3676// 3851// 3677//
f 3744// 3734// 3827//
f 3827// 3734// 3826//
f 3827// 3826// 3848//
f 3848// 3826// 3852//
f 3848// 3852// 3849//
f 3849// 3852// 3853//
f 3849// 3853// 3850//
f 3850// 3853// 3854//
f 3850// 3854// 3851//
f 3851// 3854// 3855//
f 3851// 3855// 3677//
f 3677// 3855// 3679//
f 3675// 3679// 3855//
f 3675// 3855// 3856//
f 3856// 3855// 3854//
f 3856// 3854// 3857//
f 3857// 3854// 3853//
f 3857// 3853// 3858//
f 3858// 3853// 3852//
f 3858// 3852// 3859//
f 3859// 3852// 3826//
f 3859// 3826// 3860//
f 3860// 3826// 3688//
f 3860// 3688// 3687//
f 881// 944// 3745//
f 3745// 944// 3861//
f 944// 948// 3861//
f 3861// 948// 919//
f 3861// 919// 3862//
f 919// 916// 3862//
f 3862// 916// 913//
f 3862// 913// 3863//
f 913// 910// 3863//
f 3863// 910// 905//
f 3863// 905// 3864//
f 3687// 3746// 3860//
f 3860// 3746// 3865//
f 3860// 3865// 3859//
f 3859// 3865// 3866//
f 3859// 3866// 3858//
f 3858// 3866// 3867//
f 3858// 3867// 3857//
f 3857// 3867// 3868//
f 3857// 3868// 3856//
f 3856// 3868// 3869//
f 3856// 3869// 3675//
f 3746// 3747// 3865//
f 3865// 3747// 3870//
f 3865// 3870// 3866//
f 3866// 3870// 3871//
f 3866// 3871// 3867//
f 3867// 3871// 3872//
f 3867// 3872// 3868//
f 3868// 3872// 3873//
f 3868// 3873// 3869//
f 3869// 3873// 3874//
f 3747// 3748// 3870//
f 3870// 3748// 3875//
f 3870// 3875// 3871//
f 3871// 3875// 3876//
f 3871// 3876// 3872//
f 3872// 3876// 3877//
f 3872// 3877// 3873//
f 3873// 3877// 3878//
f 3873// 3878// 3874//
f 3874// 3878// 3879//
f 3748// 3749// 3875//
f 3875// 3749// 3880//
f 3875// 3880// 3876//
f 3876// 3880// 3881//
f 3876// 3881// 3877//
f 3877// 3881// 3882//
f 3877// 3882// 3878//
f 3878// 3882// 3883//
f 3878// 3883// 3879//
f 3879// 3883// 3884//
f 3749// 3745// 3880//
f 3880// 3745// 3861//
f 3880// 3861// 3881//
f 3881// 3861// 3862//
f 3881// 3862// 3882//
f 3882// 3862// 3863//
f 3882// 3863// 3883//
f 3883// 3863// 3864//
f 3883// 3864// 3884//
f 3884// 3864// 3885//
f 905// 907// 3864//
f 3864// 907// 909//
f 3864// 909// 3885//
f 3885// 909// 953//
f 3885// 953// 955//
f 3675// 3869// 3681//
f 3681// 3869// 3874//
f 3681// 3874// 3682//
f 3682// 3874// 3879//
f 3682// 3879// 3683//
f 3683// 3879// 3884//
f 3683// 3884// 3686//
f 3686// 3884// 3885//
f 3686// 3885// 3674//
f 3674// 3885// 955//
f 3674// 955// 957//
usemtl 4
f 996// 995// 3886//
f 3886// 995// 3887//
f 3886// 3887// 3888//
f 3888// 3887// 3889//
f 3888// 3889// 3890//
f 3890// 3889// 3891//
f 3890// 3891// 3892//
f 3892// 3891// 3893//
f 3892// 3893// 3894//
f 3894// 3893// 3895//
f 3894// 3895// 3896//
f 3896// 3895// 3897//
f 3896// 3897// 3898//
f 3898// 3897// 3899//
f 3898// 3899// 3900//
f 3900// 3899// 3901//
f 3900// 3901// 3902//
f 3902// 3901// 3903//
f 3902// 3903// 3904//
f 3904// 3903// 3905//
f 3904// 3905// 3906//
f 3906// 3905// 3907//
f 3906// 3907// 3908//
f 3908// 3907// 3909//
f 3908// 3909// 3910//
f 3910// 3909// 3911//
f 3910// 3911// 3912//
f 3912// 3911// 3913//
f 3912// 3913// 3914//
f 3914// 3913// 3915//
f 3914// 3915// 3916//
f 3916// 3915// 3917//
f 3916// 3917// 3918//
f 3918// 3917// 3919//
f 3918// 3919// 3920//
f 3920// 3919// 3921//
f 1017// 1016// 3922//
f 3922// 1016// 3923//
f 3922// 3923// 3924//
f 3924// 3923// 3925//
f 3924// 3925// 3926//
f 3926// 3925// 3927//
f 3926// 3927// 3928//
f 3928// 3927// 3929//
f 3928// 3929// 3930//
f 3930// 3929// 3931//
f 3930// 3931// 3932//
f 3932// 3931// 3933//
f 3932// 3933// 3934//
f 3934// 3933// 3935//
f 3934// 3935// 3936//
f 3936// 3935// 3937//
f 3936// 3937// 3938//
f 3938// 3937// 3939//
f 3938// 3939// 3940//
f 3940// 3939// 3941//
f 3940// 3941// 3942//
f 3942// 3941// 3943//
f 3942// 3943// 3944//
f 3944// 3943// 3945//
f 3944// 3945// 3946//
f 3946// 3945// 3947//
f 3946// 3947// 3948//
f 3948// 3947// 3921//
f 3948// 3921// 3949//
f 3949// 3921// 3919//
f 1105// 3950// 3951//
f 1138// 1137// 3952//
f 1159// 3953// 3954//
f 1168// 1167// 3955//
f 3955// 1167// 1166//
f 1166// 1120// 3955//
f 3955// 1120// 1119//
f 3955// 1119// 1117//
f 1117// 1116// 3955//
f 3955// 1116// 1112//
f 3955// 1112// 3956//
f 3955// 3957// 1175//
f 1175// 1174// 3955//
f 3955// 1174// 1173//
f 3955// 1173// 1172//
f 1172// 1170// 3955//
f 3955// 1170// 1169//
f 3955// 1169// 1168//
f 3958// 3959// 1164//
f 1164// 1100// 3958//
f 3958// 1100// 1099//
f 3958// 1099// 3957//
f 3957// 1099// 1176//
f 3957// 1176// 1175//
f 3953// 1159// 3960//
f 1159// 1163// 3960//
f 3960// 1163// 1162//
f 3960// 1162// 3959//
f 3959// 1162// 1165//
f 3959// 1165// 1164//
f 1155// 1157// 3954//
f 3954// 1157// 1160//
f 3954// 1160// 1159//
f 3954// 3961// 1155//
f 1155// 3961// 3962//
f 1155// 3962// 1153//
f 3963// 1151// 3962//
f 3962// 1151// 1152//
f 3962// 1152// 1153//
f 1143// 1142// 3964//
f 3964// 1142// 1147//
f 3964// 1147// 3963//
f 3963// 1147// 1149//
f 3963// 1149// 1151//
f 3964// 3965// 1143//
f 1143// 3965// 3966//
f 1143// 3966// 1145//
f 3952// 1137// 3966//
f 3966// 1137// 1146//
f 3966// 1146// 1145//
f 1138// 3952// 1140//
f 1140// 3952// 3967//
f 1140// 3967// 1141//
f 1133// 1132// 3968//
f 3968// 1132// 1130//
f 3968// 1130// 3967//
f 3967// 1130// 1129//
f 3967// 1129// 1141//
f 1133// 3968// 1134//
f 1134// 3968// 3969//
f 1134// 3969// 1136//
f 1136// 3969// 1123//
f 1123// 3969// 3970//
f 1123// 3970// 1124//
f 1124// 3970// 3971//
f 1124// 3971// 1126//
f 1126// 3971// 3972//
f 1126// 3972// 1127//
f 1105// 1103// 3950//
f 3950// 1103// 1102//
f 3950// 1102// 3972//
f 3972// 1102// 1128//
f 3972// 1128// 1127//
f 1114// 1113// 3973//
f 3973// 1113// 1121//
f 3973// 1121// 3951//
f 3951// 1121// 1106//
f 3951// 1106// 1105//
f 1112// 1111// 3956//
f 3956// 1111// 1109//
f 3956// 1109// 3973//
f 3973// 1109// 1108//
f 3973// 1108// 1114//
f 1015// 1014// 3974//
f 1177// 1178// 3975//
f 975// 974// 3976//
f 3975// 1178// 3977//
f 3978// 1184// 1183//
f 3978// 1183// 3979//
f 1183// 1179// 3979//
f 3979// 1179// 1181//
f 3979// 1181// 3975//
f 3975// 1181// 1182//
f 3975// 1182// 1177//
f 3980// 1078// 3981//
f 3981// 1078// 1077//
f 1077// 1187// 3981//
f 3981// 1187// 1188//
f 3981// 1188// 3978//
f 3978// 1188// 1185//
f 3978// 1185// 1184//
f 1047// 1046// 3982//
f 3982// 1046// 1075//
f 3982// 1075// 3980//
f 3980// 1075// 1081//
f 3980// 1081// 1078//
f 3983// 1039// 1049//
f 3983// 1049// 3982//
f 3982// 1049// 1048//
f 3982// 1048// 1047//
f 1039// 3983// 1040//
f 1040// 3983// 3984//
f 1040// 3984// 1041//
f 1041// 3984// 1042//
f 1042// 3984// 3985//
f 1042// 3985// 1044//
f 3986// 1013// 1045//
f 988// 998// 3987//
f 3987// 998// 997//
f 1016// 1015// 3923//
f 3923// 1015// 3974//
f 3923// 3974// 3925//
f 3925// 3974// 3988//
f 3989// 3929// 3988//
f 3988// 3929// 3927//
f 3988// 3927// 3925//
f 3937// 3935// 3990//
f 3990// 3935// 3933//
f 3990// 3933// 3989//
f 3989// 3933// 3931//
f 3989// 3931// 3929//
f 3937// 3990// 3939//
f 3939// 3990// 3991//
f 3939// 3991// 3941//
f 3941// 3991// 3943//
f 3943// 3991// 3992//
f 3943// 3992// 3945//
f 3945// 3992// 3947//
f 3947// 3992// 3993//
f 3947// 3993// 3921//
f 3921// 3993// 3920//
f 3920// 3993// 3994//
f 3920// 3994// 3918//
f 3918// 3994// 3916//
f 3916// 3994// 3995//
f 3916// 3995// 3914//
f 3914// 3995// 3912//
f 3912// 3995// 3996//
f 3912// 3996// 3910//
f 3910// 3996// 3908//
f 3908// 3996// 3997//
f 3908// 3997// 3906//
f 3906// 3997// 3904//
f 3904// 3997// 3998//
f 3904// 3998// 3902//
f 3902// 3998// 3900//
f 3900// 3998// 3999//
f 3900// 3999// 3898//
f 3898// 3999// 3896//
f 3896// 3999// 4000//
f 3896// 4000// 3894//
f 3894// 4000// 3892//
f 3892// 4000// 4001//
f 3892// 4001// 3890//
f 3890// 4001// 3888//
f 3888// 4001// 3987//
f 3888// 3987// 3886//
f 3886// 3987// 997//
f 3886// 997// 996//
f 1014// 1013// 3974//
f 3974// 1013// 3986//
f 3974// 3986// 3988//
f 3988// 3986// 4002//
f 3988// 4002// 3989//
f 3989// 4002// 4003//
f 3989// 4003// 3990//
f 3990// 4003// 4004//
f 3990// 4004// 3991//
f 3991// 4004// 4005//
f 3991// 4005// 3992//
f 3992// 4005// 4006//
f 3992// 4006// 3993//
f 3993// 4006// 4007//
f 3993// 4007// 3994//
f 3994// 4007// 4008//
f 3994// 4008// 3995//
f 3995// 4008// 4009//
f 3995// 4009// 3996//
f 3996// 4009// 4010//
f 3996// 4010// 3997//
f 3997// 4010// 4011//
f 3997// 4011// 3998//
f 3998// 4011// 4012//
f 3998// 4012// 3999//
f 3999// 4012// 4013//
f 3999// 4013// 4000//
f 4000// 4013// 4014//
f 4000// 4014// 4001//
f 4001// 4014// 4015//
f 4001// 4015// 3987//
f 3987// 4015// 3976//
f 3987// 3976// 988//
f 988// 3976// 974//
f 1045// 1044// 3986//
f 3986// 1044// 3985//
f 3986// 3985// 4002//
f 4002// 3985// 4016//
f 4002// 4016// 4003//
f 4003// 4016// 4017//
f 4003// 4017// 4004//
f 4004// 4017// 4018//
f 4004// 4018// 4005//
f 4005// 4018// 4019//
f 4005// 4019// 4006//
f 4006// 4019// 4020//
f 4006// 4020// 4007//
f 4007// 4020// 4021//
f 4007// 4021// 4008//
f 4008// 4021// 4022//
f 4008// 4022// 4009//
f 4009// 4022// 4023//
f 4009// 4023// 4010//
f 4010// 4023// 4024//
f 4010// 4024// 4011//
f 4011// 4024// 4025//
f 4011// 4025// 4012//
f 4012// 4025// 4026//
f 4012// 4026// 4013//
f 4013// 4026// 4027//
f 4013// 4027// 4014//
f 4014// 4027// 4028//
f 4014// 4028// 4015//
f 4015// 4028// 4029//
f 4015// 4029// 3976//
f 3976// 4029// 3977//
f 3976// 3977// 975//
f 975// 3977// 1178//
f 3981// 4030// 3980//
f 3980// 4030// 4031//
f 3980// 4031// 3982//
f 3982// 4031// 4032//
f 3982// 4032// 3983//
f 3983// 4032// 4033//
f 3983// 4033// 3984//
f 3984// 4033// 4034//
f 3984// 4034// 3985//
f 3985// 4034// 4035//
f 3985// 4035// 4016//
f 4016// 4035// 4036//
f 4016// 4036// 4017//
f 4017// 4036// 4037//
f 4017// 4037// 4018//
f 4018// 4037// 4038//
f 4018// 4038// 4019//
f 4019// 4038// 4039//
f 4019// 4039// 4020//
f 4020// 4039// 4040//
f 4020// 4040// 4021//
f 4021// 4040// 4041//
f 4021// 4041// 4022//
f 4022// 4041// 4042//
f 4022// 4042// 4023//
f 4023// 4042// 4043//
f 4023// 4043// 4024//
f 4024// 4043// 4044//
f 4024// 4044// 4025//
f 4025// 4044// 4045//
f 4025// 4045// 4026//
f 4026// 4045// 4046//
f 4026// 4046// 4027//
f 4027// 4046// 4047//
f 4027// 4047// 4028//
f 4028// 4047// 4048//
f 4028// 4048// 4029//
f 4029// 4048// 4049//
f 4029// 4049// 3977//
f 3977// 4049// 4050//
f 3977// 4050// 3975//
f 3975// 4050// 4051//
f 3975// 4051// 3979//
f 3979// 4051// 4052//
f 3979// 4052// 3978//
f 3978// 4052// 4053//
f 3978// 4053// 3981//
f 3981// 4053// 4030//
f 4030// 4054// 4031//
f 4031// 4054// 4055//
f 4031// 4055// 4032//
f 4032// 4055// 4056//
f 4032// 4056// 4033//
f 4033// 4056// 4057//
f 4033// 4057// 4034//
f 4034// 4057// 4058//
f 4034// 4058// 4035//
f 4035// 4058// 4059//
f 4035// 4059// 4036//
f 4036// 4059// 4060//
f 4036// 4060// 4037//
f 4037// 4060// 4061//
f 4037// 4061// 4038//
f 4038// 4061// 4062//
f 4038// 4062// 4039//
f 4039// 4062// 4063//
f 4039// 4063// 4040//
f 4040// 4063// 4064//
f 4040// 4064// 4041//
f 4041// 4064// 4065//
f 4041// 4065// 4042//
f 4042// 4065// 4066//
f 4042// 4066// 4043//
f 4043// 4066// 4067//
f 4043// 4067// 4044//
f 4044// 4067// 4068//
f 4044// 4068// 4045//
f 4045// 4068// 4069//
f 4045// 4069// 4046//
f 4046// 4069// 4070//
f 4046// 4070// 4047//
f 4047// 4070// 4071//
f 4047// 4071// 4048//
f 4048// 4071// 4072//
f 4048// 4072// 4049//
f 4049// 4072// 4073//
f 4049// 4073// 4050//
f 4050// 4073// 4074//
f 4050// 4074// 4051//
f 4051// 4074// 4075//
f 4051// 4075// 4052//
f 4052// 4075// 4076//
f 4052// 4076// 4053//
f 4053// 4076// 4077//
f 4053// 4077// 4030//
f 4030// 4077// 4054//
f 4054// 4078// 4055//
f 4055// 4078// 4079//
f 4055// 4079// 4056//
f 4056// 4079// 4080//
f 4056// 4080// 4057//
f 4057// 4080// 4081//
f 4057// 4081// 4058//
f 4058// 4081// 4082//
f 4058// 4082// 4059//
f 4059// 4082// 4083//
f 4059// 4083// 4060//
f 4060// 4083// 4084//
f 4060// 4084// 4061//
f 4061// 4084// 4085//
f 4061// 4085// 4062//
f 4062// 4085// 4086//
f 4062// 4086// 4063//
f 4063// 4086// 4087//
f 4063// 4087// 4064//
f 4064// 4087// 4088//
f 4064// 4088// 4065//
f 4065// 4088// 4089//
f 4065// 4089// 4066//
f 4066// 4089// 4090//
f 4066// 4090// 4067//
f 4067// 4090// 4091//
f 4067// 4091// 4068//
f 4068// 4091// 4092//
f 4068// 4092// 4069//
f 4069// 4092// 4093//
f 4069// 4093// 4070//
f 4070// 4093// 4094//
f 4070// 4094// 4071//
f 4071// 4094// 4095//
f 4071// 4095// 4072//
f 4072// 4095// 4096//
f 4072// 4096// 4073//
f 4073// 4096// 4097//
f 4073// 4097// 4074//
f 4074// 4097// 4098//
f 4074// 4098// 4075//
f 4075// 4098// 4099//
f 4075// 4099// 4076//
f 4076// 4099// 4100//
f 4076// 4100// 4077//
f 4077// 4100// 4101//
f 4077// 4101// 4054//
f 4054// 4101// 4078//
f 4078// 4102// 4079//
f 4079// 4102// 4103//
f 4079// 4103// 4080//
f 4080// 4103// 4104//
f 4080// 4104// 4081//
f 4081// 4104// 4105//
f 4081// 4105// 4082//
f 4082// 4105// 4106//
f 4082// 4106// 4083//
f 4083// 4106// 4107//
f 4083// 4107// 4084//
f 4084// 4107// 4108//
f 4084// 4108// 4085//
f 4085// 4108// 4109//
f 4085// 4109// 4086//
f 4086// 4109// 4110//
f 4086// 4110// 4087//
f 4087// 4110// 4111//
f 4087// 4111// 4088//
f 4088// 4111// 4112//
f 4088// 4112// 4089//
f 4089// 4112// 4113//
f 4089// 4113// 4090//
f 4090// 4113// 4114//
f 4090// 4114// 4091//
f 4091// 4114// 4115//
f 4091// 4115// 4092//
f 4092// 4115// 4116//
f 4092// 4116// 4093//
f 4093// 4116// 4117//
f 4093// 4117// 4094//
f 4094// 4117// 4118//
f 4094// 4118// 4095//
f 4095// 4118// 4119//
f 4095// 4119// 4096//
f 4096// 4119// 4120//
f 4096// 4120// 4097//
f 4097// 4120// 4121//
f 4097// 4121// 4098//
f 4098// 4121// 4122//
f 4098// 4122// 4099//
f 4099// 4122// 4123//
f 4099// 4123// 4100//
f 4100// 4123// 4124//
f 4100// 4124// 4101//
f 4101// 4124// 4125//
f 4101// 4125// 4078//
f 4078// 4125// 4102//
f 4102// 3969// 4103//
f 4103// 3969// 3968//
f 4103// 3968// 4104//
f 4104// 3968// 3967//
f 4104// 3967// 4105//
f 4105// 3967// 3952//
f 4105// 3952// 4106//
f 4106// 3952// 3966//
f 4106// 3966// 4107//
f 4107// 3966// 3965//
f 4107// 3965// 4108//
f 4108// 3965// 3964//
f 4108// 3964// 4109//
f 4109// 3964// 3963//
f 4109// 3963// 4110//
f 4110// 3963// 3962//
f 4110// 3962// 4111//
f 4111// 3962// 3961//
f 4111// 3961// 4112//
f 4112// 3961// 3954//
f 4112// 3954// 4113//
f 4113// 3954// 3953//
f 4113// 3953// 4114//
f 4114// 3953// 3960//
f 4114// 3960// 4115//
f 4115// 3960// 3959//
f 4115// 3959// 4116//
f 4116// 3959// 3958//
f 4116// 3958// 4117//
f 4117// 3958// 3957//
f 4117// 3957// 4118//
f 4118// 3957// 3955//
f 4118// 3955// 4119//
f 4119// 3955// 3956//
f 4119// 3956// 4120//
f 4120// 3956// 3973//
f 4120// 3973// 4121//
f 4121// 3973// 3951//
f 4121// 3951// 4122//
f 4122// 3951// 3950//
f 4122// 3950// 4123//
f 4123// 3950// 3972//
f 4123// 3972// 4124//
f 4124// 3972// 3971//
f 4124// 3971// 4125//
f 4125// 3971// 3970//
f 4125// 3970// 4102//
f 4102// 3970// 3969//
f 959// 958// 1249//
f 1262// 1261// 4126//
f 965// 4127// 967//
f 1020// 1019// 4128//
f 1018// 1017// 3922//
f 1018// 3922// 1019//
f 1020// 4128// 1021//
f 1022// 4129// 1023//
f 1023// 4129// 4130//
f 1023// 4130// 1024//
f 1025// 4131// 1026//
f 1026// 4131// 4132//
f 1026// 4132// 964//
f 4127// 4133// 967//
f 967// 4133// 1265//
f 967// 1265// 969//
f 4134// 1268// 1269//
f 1268// 4134// 1266//
f 1266// 4134// 4135//
f 1266// 4135// 1276//
f 1276// 4135// 1273//
f 1273// 4135// 4136//
f 1273// 4136// 1278//
f 1278// 4136// 1280//
f 1280// 4136// 4137//
f 1280// 4137// 1283//
f 1287// 1286// 4138//
f 4138// 1286// 1285//
f 4138// 1285// 4137//
f 4137// 1285// 1284//
f 4137// 1284// 1283//
f 4139// 1289// 4138//
f 4138// 1289// 1288//
f 4138// 1288// 1287//
f 4140// 1295// 4139//
f 4139// 1295// 1291//
f 4139// 1291// 1289//
f 4141// 1308// 4140//
f 4140// 1308// 1309//
f 1309// 1292// 4140//
f 4140// 1292// 1294//
f 4140// 1294// 1295//
f 1255// 1250// 4142//
f 4142// 1250// 1252//
f 4142// 1252// 4141//
f 4141// 1252// 1253//
f 4141// 1253// 1308//
f 4143// 4144// 1256//
f 4126// 1258// 4144//
f 4144// 1258// 1257//
f 4144// 1257// 1256//
f 1261// 1260// 4126//
f 4126// 1260// 1259//
f 4126// 1259// 1258//
f 4145// 993// 959//
f 4145// 959// 4146//
f 4146// 959// 1249//
f 4146// 1249// 1264//
f 993// 4145// 992//
f 992// 4145// 4147//
f 992// 4147// 994//
f 994// 4147// 3887//
f 994// 3887// 995//
f 1019// 3922// 4128//
f 4128// 3922// 3924//
f 4128// 3924// 4148//
f 3924// 3926// 4148//
f 4148// 3926// 3928//
f 4148// 3928// 4149//
f 3928// 3930// 4149//
f 4149// 3930// 3932//
f 4149// 3932// 4150//
f 3932// 3934// 4150//
f 4150// 3934// 3936//
f 4150// 3936// 4151//
f 3936// 3938// 4151//
f 4151// 3938// 3940//
f 4151// 3940// 4152//
f 3940// 3942// 4152//
f 4152// 3942// 3944//
f 4152// 3944// 4153//
f 3944// 3946// 4153//
f 4153// 3946// 3948//
f 4153// 3948// 4154//
f 4154// 3948// 3949//
f 4154// 3949// 4155//
f 4155// 3949// 3919//
f 4155// 3919// 3917//
f 3917// 3915// 4155//
f 4155// 3915// 3913//
f 4155// 3913// 4156//
f 3913// 3911// 4156//
f 4156// 3911// 3909//
f 4156// 3909// 4157//
f 1269// 1265// 4134//
f 4134// 1265// 4133//
f 4134// 4133// 4135//
f 4135// 4133// 4158//
f 4135// 4158// 4136//
f 4136// 4158// 4159//
f 4136// 4159// 4137//
f 4137// 4159// 4160//
f 4137// 4160// 4138//
f 4138// 4160// 4161//
f 4138// 4161// 4139//
f 4139// 4161// 4162//
f 4139// 4162// 4140//
f 4140// 4162// 4163//
f 4140// 4163// 4141//
f 4141// 4163// 4164//
f 4141// 4164// 4142//
f 4142// 4164// 4143//
f 4142// 4143// 1255//
f 1255// 4143// 1256//
f 3909// 3907// 4157//
f 4157// 3907// 3905//
f 4157// 3905// 4165//
f 3905// 3903// 4165//
f 4165// 3903// 3901//
f 4165// 3901// 4166//
f 965// 964// 4127//
f 4127// 964// 4132//
f 4127// 4132// 4133//
f 4133// 4132// 4167//
f 4133// 4167// 4158//
f 4158// 4167// 4168//
f 4158// 4168// 4159//
f 4159// 4168// 4169//
f 4159// 4169// 4160//
f 4160// 4169// 4170//
f 4160// 4170// 4161//
f 4161// 4170// 4171//
f 4161// 4171// 4162//
f 4162// 4171// 4172//
f 4162// 4172// 4163//
f 4163// 4172// 4173//
f 4163// 4173// 4164//
f 4164// 4173// 4174//
f 4164// 4174// 4143//
f 4143// 4174// 4175//
f 4143// 4175// 4144//
f 4144// 4175// 4176//
f 4144// 4176// 4126//
f 4126// 4176// 4177//
f 4126// 4177// 1262//
f 1262// 4177// 4178//
f 1262// 4178// 1263//
f 1263// 4178// 1264//
f 3901// 3899// 4166//
f 4166// 3899// 3897//
f 4166// 3897// 4179//
f 1025// 1024// 4131//
f 4131// 1024// 4130//
f 4131// 4130// 4132//
f 4132// 4130// 4180//
f 4132// 4180// 4167//
f 4167// 4180// 4181//
f 4167// 4181// 4168//
f 4168// 4181// 4182//
f 4168// 4182// 4169//
f 4169// 4182// 4183//
f 4169// 4183// 4170//
f 4170// 4183// 4184//
f 4170// 4184// 4171//
f 4171// 4184// 4185//
f 4171// 4185// 4172//
f 4172// 4185// 4186//
f 4172// 4186// 4173//
f 4173// 4186// 4187//
f 4173// 4187// 4174//
f 4174// 4187// 4188//
f 4174// 4188// 4175//
f 4175// 4188// 4189//
f 4175// 4189// 4176//
f 4176// 4189// 4190//
f 4176// 4190// 4177//
f 4177// 4190// 4191//
f 4177// 4191// 4178//
f 4178// 4191// 4192//
f 1022// 1021// 4129//
f 4129// 1021// 4128//
f 4129// 4128// 4130//
f 4130// 4128// 4148//
f 4130// 4148// 4180//
f 4180// 4148// 4149//
f 4180// 4149// 4181//
f 4181// 4149// 4150//
f 4181// 4150// 4182//
f 4182// 4150// 4151//
f 4182// 4151// 4183//
f 4183// 4151// 4152//
f 4183// 4152// 4184//
f 4184// 4152// 4153//
f 4184// 4153// 4185//
f 4185// 4153// 4154//
f 4185// 4154// 4186//
f 4186// 4154// 4155//
f 4186// 4155// 4187//
f 4187// 4155// 4156//
f 4187// 4156// 4188//
f 4188// 4156// 4157//
f 4188// 4157// 4189//
f 4189// 4157// 4165//
f 4189// 4165// 4190//
f 4190// 4165// 4166//
f 4190// 4166// 4191//
f 4191// 4166// 4179//
f 4191// 4179// 4192//
f 4192// 4179// 4193//
f 3897// 3895// 4179//
f 4179// 3895// 3893//
f 4179// 3893// 4193//
f 4193// 3893// 3891//
f 4193// 3891// 3889//
f 1264// 4178// 4146//
f 4146// 4178// 4192//
f 4146// 4192// 4145//
f 4145// 4192// 4193//
f 4145// 4193// 4147//
f 4147// 4193// 3889//
f 4147// 3889// 3887//
f 638// 637// 4194//
f 4194// 637// 4195//
f 4194// 4195// 4196//
f 4195// 4197// 4196//
f 4196// 4197// 4198//
f 4196// 4198// 4199//
f 4199// 4198// 4200//
f 4199// 4200// 4201//
f 4201// 4200// 4202//
f 4202// 4200// 4203//
f 4202// 4203// 4204//
f 4204// 4203// 4205//
f 4204// 4205// 4206//
f 4206// 4205// 4207//
f 4206// 4207// 4208//
f 4207// 4209// 4208//
f 4208// 4209// 4210//
f 4208// 4210// 4211//
f 4211// 4210// 4212//
f 4211// 4212// 4213//
f 4213// 4212// 4214//
f 4213// 4214// 4215//
f 4215// 4214// 4216//
f 4215// 4216// 4217//
f 4217// 4216// 4218//
f 4217// 4218// 4219//
f 4219// 4218// 4220//
f 4219// 4220// 4221//
f 4221// 4220// 4222//
f 4221// 4222// 4223//
f 4223// 4222// 4224//
f 4223// 4224// 4225//
f 4225// 4224// 4226//
f 4225// 4226// 4227//
f 4227// 4226// 4228//
f 4228// 4226// 4229//
f 4228// 4229// 4230//
f 4229// 4231// 4230//
f 4230// 4231// 4232//
f 4230// 4232// 4233//
f 4233// 4232// 4234//
f 4233// 4234// 4235//
f 4235// 4234// 4236//
f 4236// 4234// 4237//
f 4236// 4237// 4238//
f 4238// 4237// 4239//
f 4238// 4239// 4240//
f 4240// 4239// 4241//
f 4240// 4241// 4242//
f 4241// 4243// 4242//
f 4242// 4243// 4244//
f 4242// 4244// 4245//
f 4245// 4244// 4246//
f 4245// 4246// 4247//
f 4247// 4246// 4248//
f 4248// 4246// 4249//
f 4248// 4249// 4250//
f 4249// 4251// 4250//
f 4250// 4251// 4252//
f 4250// 4252// 4253//
f 4253// 4252// 4254//
f 4253// 4254// 4255//
f 4255// 4254// 4256//
f 4255// 4256// 4257//
f 4257// 4256// 623//
f 4257// 623// 622//
f 800// 799// 4258//
f 813// 754// 4259//
f 746// 745// 4260//
f 4260// 745// 750//
f 4260// 750// 749//
f 749// 769// 4260//
f 4260// 769// 768//
f 4260// 768// 767//
f 4259// 754// 4261//
f 754// 753// 4261//
f 4261// 753// 752//
f 4261// 752// 4260//
f 4260// 752// 751//
f 4260// 751// 746//
f 4262// 810// 4259//
f 4259// 810// 814//
f 4259// 814// 813//
f 4263// 739// 4262//
f 4262// 739// 811//
f 4262// 811// 810//
f 4264// 835// 4263//
f 4263// 835// 740//
f 4263// 740// 739//
f 809// 807// 4264//
f 4264// 807// 806//
f 4264// 806// 835//
f 4264// 4265// 809//
f 809// 4265// 4266//
f 809// 4266// 794//
f 4258// 799// 4267//
f 799// 798// 4267//
f 4267// 798// 797//
f 4267// 797// 4266//
f 4266// 797// 795//
f 4266// 795// 794//
f 789// 805// 4268//
f 4268// 805// 4269//
f 805// 804// 4269//
f 4269// 804// 803//
f 4269// 803// 4258//
f 4258// 803// 802//
f 4258// 802// 800//
f 4270// 793// 4271//
f 4271// 793// 792//
f 4271// 792// 4268//
f 4268// 792// 790//
f 4268// 790// 789//
f 743// 742// 4272//
f 4272// 742// 786//
f 4272// 786// 4270//
f 4270// 786// 788//
f 4270// 788// 793//
f 743// 4272// 780//
f 780// 4272// 4273//
f 780// 4273// 781//
f 781// 4273// 4274//
f 781// 4274// 783//
f 783// 4274// 4275//
f 783// 4275// 784//
f 784// 4275// 774//
f 774// 4275// 4276//
f 774// 4276// 775//
f 775// 4276// 4277//
f 775// 4277// 777//
f 777// 4277// 778//
f 778// 4277// 4278//
f 778// 4278// 779//
f 779// 4278// 772//
f 772// 4278// 4279//
f 772// 4279// 770//
f 4280// 756// 4281//
f 4281// 756// 761//
f 4281// 761// 4279//
f 4279// 761// 763//
f 4279// 763// 770//
f 767// 766// 4260//
f 4260// 766// 765//
f 4260// 765// 764//
f 764// 760// 4260//
f 4260// 760// 759//
f 4260// 759// 4280//
f 4280// 759// 757//
f 4280// 757// 756//
f 663// 662// 4282//
f 665// 672// 4283//
f 642// 640// 4284//
f 4284// 640// 639//
f 4283// 672// 4285//
f 4282// 662// 4286//
f 662// 669// 4286//
f 4286// 669// 668//
f 4286// 668// 4283//
f 4283// 668// 666//
f 4283// 666// 665//
f 663// 4282// 711//
f 711// 4282// 4287//
f 711// 4287// 716//
f 816// 827// 4288//
f 4288// 827// 713//
f 4288// 713// 4287//
f 4287// 713// 715//
f 4287// 715// 716//
f 821// 820// 4289//
f 4289// 820// 819//
f 4289// 819// 4288//
f 4288// 819// 817//
f 4288// 817// 816//
f 821// 4289// 822//
f 822// 4289// 4290//
f 822// 4290// 823//
f 823// 4290// 825//
f 825// 4290// 4291//
f 825// 4291// 824//
f 824// 4291// 606//
f 606// 4291// 4292//
f 606// 4292// 607//
f 4293// 618// 619//
f 622// 618// 4257//
f 4257// 618// 4293//
f 4257// 4293// 4255//
f 4255// 4293// 4294//
f 4295// 4250// 4294//
f 4294// 4250// 4253//
f 4294// 4253// 4255//
f 4296// 4247// 4295//
f 4295// 4247// 4248//
f 4295// 4248// 4250//
f 4297// 4242// 4296//
f 4296// 4242// 4245//
f 4296// 4245// 4247//
f 4298// 4238// 4297//
f 4297// 4238// 4240//
f 4297// 4240// 4242//
f 4299// 4235// 4298//
f 4298// 4235// 4236//
f 4298// 4236// 4238//
f 4300// 4230// 4299//
f 4299// 4230// 4233//
f 4299// 4233// 4235//
f 4301// 4227// 4300//
f 4300// 4227// 4228//
f 4300// 4228// 4230//
f 4302// 4223// 4301//
f 4301// 4223// 4225//
f 4301// 4225// 4227//
f 4303// 4219// 4302//
f 4302// 4219// 4221//
f 4302// 4221// 4223//
f 4304// 4215// 4303//
f 4303// 4215// 4217//
f 4303// 4217// 4219//
f 4208// 4211// 4304//
f 4304// 4211// 4213//
f 4304// 4213// 4215//
f 4208// 4304// 4206//
f 4206// 4304// 4305//
f 4206// 4305// 4204//
f 4204// 4305// 4306//
f 4204// 4306// 4202//
f 4202// 4306// 4201//
f 4201// 4306// 4307//
f 4201// 4307// 4199//
f 4199// 4307// 4196//
f 4196// 4307// 4284//
f 4196// 4284// 4194//
f 4194// 4284// 639//
f 4194// 639// 638//
f 619// 609// 4293//
f 4293// 609// 4308//
f 4293// 4308// 4294//
f 4294// 4308// 4309//
f 4294// 4309// 4295//
f 4295// 4309// 4310//
f 4295// 4310// 4296//
f 4296// 4310// 4311//
f 4296// 4311// 4297//
f 4297// 4311// 4312//
f 4297// 4312// 4298//
f 4298// 4312// 4313//
f 4298// 4313// 4299//
f 4299// 4313// 4314//
f 4299// 4314// 4300//
f 4300// 4314// 4315//
f 4300// 4315// 4301//
f 4301// 4315// 4316//
f 4301// 4316// 4302//
f 4302// 4316// 4317//
f 4302// 4317// 4303//
f 4303// 4317// 4318//
f 4303// 4318// 4304//
f 4304// 4318// 4319//
f 4304// 4319// 4305//
f 4305// 4319// 4320//
f 4305// 4320// 4306//
f 4306// 4320// 4321//
f 4306// 4321// 4307//
f 4307// 4321// 4322//
f 4307// 4322// 4284//
f 4284// 4322// 4323//
f 4284// 4323// 642//
f 642// 4323// 671//
f 609// 607// 4308//
f 4308// 607// 4292//
f 4308// 4292// 4309//
f 4309// 4292// 4324//
f 4309// 4324// 4310//
f 4310// 4324// 4325//
f 4310// 4325// 4311//
f 4311// 4325// 4326//
f 4311// 4326// 4312//
f 4312// 4326// 4327//
f 4312// 4327// 4313//
f 4313// 4327// 4328//
f 4313// 4328// 4314//
f 4314// 4328// 4329//
f 4314// 4329// 4315//
f 4315// 4329// 4330//
f 4315// 4330// 4316//
f 4316// 4330// 4331//
f 4316// 4331// 4317//
f 4317// 4331// 4332//
f 4317// 4332// 4318//
f 4318// 4332// 4333//
f 4318// 4333// 4319//
f 4319// 4333// 4334//
f 4319// 4334// 4320//
f 4320// 4334// 4335//
f 4320// 4335// 4321//
f 4321// 4335// 4336//
f 4321// 4336// 4322//
f 4322// 4336// 4337//
f 4322// 4337// 4323//
f 4323// 4337// 4285//
f 4323// 4285// 671//
f 671// 4285// 672//
f 4288// 4338// 4289//
f 4289// 4338// 4339//
f 4289// 4339// 4290//
f 4290// 4339// 4340//
f 4290// 4340// 4291//
f 4291// 4340// 4341//
f 4291// 4341// 4292//
f 4292// 4341// 4342//
f 4292// 4342// 4324//
f 4324// 4342// 4343//
f 4324// 4343// 4325//
f 4325// 4343// 4344//
f 4325// 4344// 4326//
f 4326// 4344// 4345//
f 4326// 4345// 4327//
f 4327// 4345// 4346//
f 4327// 4346// 4328//
f 4328// 4346// 4347//
f 4328// 4347// 4329//
f 4329// 4347// 4348//
f 4329// 4348// 4330//
f 4330// 4348// 4349//
f 4330// 4349// 4331//
f 4331// 4349// 4350//
f 4331// 4350// 4332//
f 4332// 4350// 4351//
f 4332// 4351// 4333//
f 4333// 4351// 4352//
f 4333// 4352// 4334//
f 4334// 4352// 4353//
f 4334// 4353// 4335//
f 4335// 4353// 4354//
f 4335// 4354// 4336//
f 4336// 4354// 4355//
f 4336// 4355// 4337//
f 4337// 4355// 4356//
f 4337// 4356// 4285//
f 4285// 4356// 4357//
f 4285// 4357// 4283//
f 4283// 4357// 4358//
f 4283// 4358// 4286//
f 4286// 4358// 4359//
f 4286// 4359// 4282//
f 4282// 4359// 4360//
f 4282// 4360// 4287//
f 4287// 4360// 4361//
f 4287// 4361// 4288//
f 4288// 4361// 4338//
f 4338// 4362// 4339//
f 4339// 4362// 4363//
f 4339// 4363// 4340//
f 4340// 4363// 4364//
f 4340// 4364// 4341//
f 4341// 4364// 4365//
f 4341// 4365// 4342//
f 4342// 4365// 4366//
f 4342// 4366// 4343//
f 4343// 4366// 4367//
f 4343// 4367// 4344//
f 4344// 4367// 4368//
f 4344// 4368// 4345//
f 4345// 4368// 4369//
f 4345// 4369// 4346//
f 4346// 4369// 4370//
f 4346// 4370// 4347//
f 4347// 4370// 4371//
f 4347// 4371// 4348//
f 4348// 4371// 4372//
f 4348// 4372// 4349//
f 4349// 4372// 4373//
f 4349// 4373// 4350//
f 4350// 4373// 4374//
f 4350// 4374// 4351//
f 4351// 4374// 4375//
f 4351// 4375// 4352//
f 4352// 4375// 4376//
f 4352// 4376// 4353//
f 4353// 4376// 4377//
f 4353// 4377// 4354//
f 4354// 4377// 4378//
f 4354// 4378// 4355//
f 4355// 4378// 4379//
f 4355// 4379// 4356//
f 4356// 4379// 4380//
f 4356// 4380// 4357//
f 4357// 4380// 4381//
f 4357// 4381// 4358//
f 4358// 4381// 4382//
f 4358// 4382// 4359//
f 4359// 4382// 4383//
f 4359// 4383// 4360//
f 4360// 4383// 4384//
f 4360// 4384// 4361//
f 4361// 4384// 4385//
f 4361// 4385// 4338//
f 4338// 4385// 4362//
f 4362// 4386// 4363//
f 4363// 4386// 4387//
f 4363// 4387// 4364//
f 4364// 4387// 4388//
f 4364// 4388// 4365//
f 4365// 4388// 4389//
f 4365// 4389// 4366//
f 4366// 4389// 4390//
f 4366// 4390// 4367//
f 4367// 4390// 4391//
f 4367// 4391// 4368//
f 4368// 4391// 4392//
f 4368// 4392// 4369//
f 4369// 4392// 4393//
f 4369// 4393// 4370//
f 4370// 4393// 4394//
f 4370// 4394// 4371//
f 4371// 4394// 4395//
f 4371// 4395// 4372//
f 4372// 4395// 4396//
f 4372// 4396// 4373//
f 4373// 4396// 4397//
f 4373// 4397// 4374//
f 4374// 4397// 4398//
f 4374// 4398// 4375//
f 4375// 4398// 4399//
f 4375// 4399// 4376//
f 4376// 4399// 4400//
f 4376// 4400// 4377//
f 4377// 4400// 4401//
f 4377// 4401// 4378//
f 4378// 4401// 4402//
f 4378// 4402// 4379//
f 4379// 4402// 4403//
f 4379// 4403// 4380//
f 4380// 4403// 4404//
f 4380// 4404// 4381//
f 4381// 4404// 4405//
f 4381// 4405// 4382//
f 4382// 4405// 4406//
f 4382// 4406// 4383//
f 4383// 4406// 4407//
f 4383// 4407// 4384//
f 4384// 4407// 4408//
f 4384// 4408// 4385//
f 4385// 4408// 4409//
f 4385// 4409// 4362//
f 4362// 4409// 4386//
f 4386// 4410// 4387//
f 4387// 4410// 4411//
f 4387// 4411// 4388//
f 4388// 4411// 4412//
f 4388// 4412// 4389//
f 4389// 4412// 4413//
f 4389// 4413// 4390//
f 4390// 4413// 4414//
f 4390// 4414// 4391//
f 4391// 4414// 4415//
f 4391// 4415// 4392//
f 4392// 4415// 4416//
f 4392// 4416// 4393//
f 4393// 4416// 4417//
f 4393// 4417// 4394//
f 4394// 4417// 4418//
f 4394// 4418// 4395//
f 4395// 4418// 4419//
f 4395// 4419// 4396//
f 4396// 4419// 4420//
f 4396// 4420// 4397//
f 4397// 4420// 4421//
f 4397// 4421// 4398//
f 4398// 4421// 4422//
f 4398// 4422// 4399//
f 4399// 4422// 4423//
f 4399// 4423// 4400//
f 4400// 4423// 4424//
f 4400// 4424// 4401//
f 4401// 4424// 4425//
f 4401// 4425// 4402//
f 4402// 4425// 4426//
f 4402// 4426// 4403//
f 4403// 4426// 4427//
f 4403// 4427// 4404//
f 4404// 4427// 4428//
f 4404// 4428// 4405//
f 4405// 4428// 4429//
f 4405// 4429// 4406//
f 4406// 4429// 4430//
f 4406// 4430// 4407//
f 4407// 4430// 4431//
f 4407// 4431// 4408//
f 4408// 4431// 4432//
f 4408// 4432// 4409//
f 4409// 4432// 4433//
f 4409// 4433// 4386//
f 4386// 4433// 4410//
f 4410// 4267// 4411//
f 4411// 4267// 4266//
f 4411// 4266// 4412//
f 4412// 4266// 4265//
f 4412// 4265// 4413//
f 4413// 4265// 4264//
f 4413// 4264// 4414//
f 4414// 4264// 4263//
f 4414// 4263// 4415//
f 4415// 4263// 4262//
f 4415// 4262// 4416//
f 4416// 4262// 4259//
f 4416// 4259// 4417//
f 4417// 4259// 4261//
f 4417// 4261// 4418//
f 4418// 4261// 4260//
f 4418// 4260// 4419//
f 4419// 4260// 4280//
f 4419// 4280// 4420//
f 4420// 4280// 4281//
f 4420// 4281// 4421//
f 4421// 4281// 4279//
f 4421// 4279// 4422//
f 4422// 4279// 4278//
f 4422// 4278// 4423//
f 4423// 4278// 4277//
f 4423// 4277// 4424//
f 4424// 4277// 4276//
f 4424// 4276// 4425//
f 4425// 4276// 4275//
f 4425// 4275// 4426//
f 4426// 4275// 4274//
f 4426// 4274// 4427//
f 4427// 4274// 4273//
f 4427// 4273// 4428//
f 4428// 4273// 4272//
f 4428// 4272// 4429//
f 4429// 4272// 4270//
f 4429// 4270// 4430//
f 4430// 4270// 4271//
f 4430// 4271// 4431//
f 4431// 4271// 4268//
f 4431// 4268// 4432//
f 4432// 4268// 4269//
f 4432// 4269// 4433//
f 4433// 4269// 4258//
f 4433// 4258// 4410//
f 4410// 4258// 4267//
f 631// 630// 4434//
f 933// 932// 4435//
f 614// 613// 4436//
f 4437// 894// 656//
f 4438// 897// 4439//
f 4439// 897// 896//
f 4439// 896// 4437//
f 4437// 896// 895//
f 4437// 895// 894//
f 887// 4440// 888//
f 888// 4440// 889//
f 4441// 891// 4440//
f 4440// 891// 890//
f 4440// 890// 889//
f 4442// 893// 4441//
f 4441// 893// 892//
f 4441// 892// 891//
f 946// 945// 4443//
f 4443// 945// 883//
f 4443// 883// 4444//
f 4444// 883// 885//
f 4444// 885// 886//
f 946// 4443// 947//
f 947// 4443// 4445//
f 947// 4445// 949//
f 949// 4445// 950//
f 950// 4445// 4446//
f 950// 4446// 926//
f 930// 929// 4447//
f 4447// 929// 928//
f 928// 927// 4447//
f 4447// 927// 924//
f 4447// 924// 4446//
f 4446// 924// 925//
f 4446// 925// 926//
f 4435// 932// 4447//
f 4447// 932// 931//
f 4447// 931// 930//
f 4448// 941// 4449//
f 4449// 941// 940//
f 940// 939// 4449//
f 4449// 939// 936//
f 4449// 936// 4435//
f 4435// 936// 934//
f 4435// 934// 933//
f 898// 899// 4450//
f 4450// 899// 902//
f 4450// 902// 4448//
f 4448// 902// 901//
f 4448// 901// 941//
f 625// 661// 4451//
f 4451// 661// 660//
f 4451// 660// 4452//
f 4452// 660// 658//
f 630// 629// 4434//
f 4434// 629// 626//
f 4434// 626// 4453//
f 635// 634// 4454//
f 4454// 634// 632//
f 4454// 632// 4455//
f 620// 621// 4456//
f 4456// 621// 623//
f 623// 4256// 4456//
f 4456// 4256// 4254//
f 4456// 4254// 4457//
f 4254// 4252// 4457//
f 4457// 4252// 4251//
f 4457// 4251// 4458//
f 4251// 4249// 4458//
f 4458// 4249// 4246//
f 4458// 4246// 4459//
f 4246// 4244// 4459//
f 4459// 4244// 4243//
f 4459// 4243// 4460//
f 4243// 4241// 4460//
f 4460// 4241// 4239//
f 4460// 4239// 4461//
f 4239// 4237// 4461//
f 4461// 4237// 4234//
f 4461// 4234// 4462//
f 4234// 4232// 4462//
f 4462// 4232// 4231//
f 4462// 4231// 4463//
f 4463// 4231// 4229//
f 4463// 4229// 4464//
f 4464// 4229// 4226//
f 4464// 4226// 4224//
f 4224// 4222// 4464//
f 4464// 4222// 4220//
f 4464// 4220// 4465//
f 4220// 4218// 4465//
f 4465// 4218// 4216//
f 4465// 4216// 4466//
f 4216// 4214// 4466//
f 4466// 4214// 4212//
f 4466// 4212// 4467//
f 886// 893// 4444//
f 4444// 893// 4442//
f 4444// 4442// 4443//
f 4443// 4442// 4468//
f 4443// 4468// 4445//
f 4445// 4468// 4469//
f 4445// 4469// 4446//
f 4446// 4469// 4470//
f 4446// 4470// 4447//
f 4447// 4470// 4471//
f 4447// 4471// 4435//
f 4435// 4471// 4472//
f 4435// 4472// 4449//
f 4449// 4472// 4473//
f 4449// 4473// 4448//
f 4448// 4473// 4474//
f 4448// 4474// 4450//
f 4450// 4474// 4452//
f 4450// 4452// 898//
f 898// 4452// 658//
f 4212// 4210// 4467//
f 4467// 4210// 4209//
f 4467// 4209// 4475//
f 887// 897// 4440//
f 4440// 897// 4438//
f 4440// 4438// 4441//
f 4441// 4438// 4476//
f 4441// 4476// 4442//
f 4442// 4476// 4477//
f 4442// 4477// 4468//
f 4468// 4477// 4478//
f 4468// 4478// 4469//
f 4469// 4478// 4479//
f 4469// 4479// 4470//
f 4470// 4479// 4480//
f 4470// 4480// 4471//
f 4471// 4480// 4481//
f 4471// 4481// 4472//
f 4472// 4481// 4482//
f 4472// 4482// 4473//
f 4473// 4482// 4483//
f 4473// 4483// 4474//
f 4474// 4483// 4484//
f 4474// 4484// 4452//
f 4452// 4484// 4485//
f 4452// 4485// 4451//
f 4451// 4485// 4453//
f 4451// 4453// 625//
f 625// 4453// 626//
f 4209// 4207// 4475//
f 4475// 4207// 4205//
f 4475// 4205// 4486//
f 656// 614// 4437//
f 4437// 614// 4436//
f 4437// 4436// 4439//
f 4439// 4436// 4487//
f 4439// 4487// 4438//
f 4438// 4487// 4488//
f 4438// 4488// 4476//
f 4476// 4488// 4489//
f 4476// 4489// 4477//
f 4477// 4489// 4490//
f 4477// 4490// 4478//
f 4478// 4490// 4491//
f 4478// 4491// 4479//
f 4479// 4491// 4492//
f 4479// 4492// 4480//
f 4480// 4492// 4493//
f 4480// 4493// 4481//
f 4481// 4493// 4494//
f 4481// 4494// 4482//
f 4482// 4494// 4495//
f 4482// 4495// 4483//
f 4483// 4495// 4496//
f 4483// 4496// 4484//
f 4484// 4496// 4497//
f 4484// 4497// 4485//
f 4485// 4497// 4498//
f 4485// 4498// 4453//
f 4453// 4498// 4499//
f 4453// 4499// 4434//
f 4434// 4499// 4455//
f 4434// 4455// 631//
f 631// 4455// 632//
f 4205// 4203// 4486//
f 4486// 4203// 4200//
f 4486// 4200// 4500//
f 613// 620// 4436//
f 4436// 620// 4456//
f 4436// 4456// 4487//
f 4487// 4456// 4457//
f 4487// 4457// 4488//
f 4488// 4457// 4458//
f 4488// 4458// 4489//
f 4489// 4458// 4459//
f 4489// 4459// 4490//
f 4490// 4459// 4460//
f 4490// 4460// 4491//
f 4491// 4460// 4461//
f 4491// 4461// 4492//
f 4492// 4461// 4462//
f 4492// 4462// 4493//
f 4493// 4462// 4463//
f 4493// 4463// 4494//
f 4494// 4463// 4464//
f 4494// 4464// 4495//
f 4495// 4464// 4465//
f 4495// 4465// 4496//
f 4496// 4465// 4466//
f 4496// 4466// 4497//
f 4497// 4466// 4467//
f 4497// 4467// 4498//
f 4498// 4467// 4475//
f 4498// 4475// 4499//
f 4499// 4475// 4486//
f 4499// 4486// 4455//
f 4455// 4486// 4500//
f 4455// 4500// 4454//
f 4454// 4500// 4501//
f 4454// 4501// 635//
f 635// 4501// 636//
f 637// 636// 4195//
f 4195// 636// 4501//
f 4195// 4501// 4197//
f 4197// 4501// 4500//
f 4197// 4500// 4198//
f 4198// 4500// 4200//
usemtl 5
f 4502// 4503// 380//
f 380// 4503// 382//
f 4504// 4502// 379//
f 379// 4502// 380//
f 4504// 379// 4505//
f 4505// 379// 20//
f 4505// 20// 19//
f 4506// 4505// 385//
f 385// 4505// 19//
f 383// 4507// 386//
f 386// 4507// 4506//
f 386// 4506// 385//
f 4503// 4507// 382//
f 382// 4507// 383//
f 4505// 4506// 4504//
f 4504// 4506// 4507//
f 4504// 4507// 4502//
f 4502// 4507// 4503//
f 433// 4508// 4509//
f 4510// 429// 8//
f 4510// 8// 4511//
f 8// 7// 4511//
f 4511// 7// 435//
f 4511// 435// 4509//
f 4509// 435// 434//
f 4509// 434// 433//
f 4512// 4508// 399//
f 399// 4508// 433//
f 4513// 4512// 397//
f 397// 4512// 399//
f 397// 396// 4513//
f 4513// 396// 391//
f 4513// 391// 4514//
f 4514// 391// 390//
f 4514// 390// 4515//
f 4515// 390// 412//
f 4515// 412// 4516//
f 4516// 412// 411//
f 4516// 411// 4517//
f 4517// 411// 409//
f 4517// 409// 4518//
f 4518// 409// 408//
f 4518// 408// 4519//
f 4519// 408// 407//
f 4519// 407// 4520//
f 4520// 407// 395//
f 4520// 395// 4521//
f 4521// 395// 394//
f 4521// 394// 4522//
f 4522// 394// 406//
f 4522// 406// 4523//
f 4523// 406// 405//
f 4523// 405// 4524//
f 4524// 405// 393//
f 4524// 393// 4525//
f 4525// 393// 392//
f 4525// 392// 4526//
f 4526// 392// 402//
f 4526// 402// 4527//
f 4527// 402// 404//
f 4527// 404// 4528//
f 4528// 404// 403//
f 4528// 403// 4529//
f 4529// 403// 401//
f 4529// 401// 4530//
f 4530// 401// 400//
f 4530// 400// 4531//
f 388// 4532// 4533//
f 4531// 400// 410//
f 4531// 410// 4534//
f 4534// 410// 389//
f 4534// 389// 4533//
f 4533// 389// 398//
f 4533// 398// 388//
f 4535// 4532// 387//
f 387// 4532// 388//
f 18// 4536// 16//
f 16// 4536// 4535//
f 16// 4535// 387//
f 18// 414// 4536//
f 4536// 414// 588//
f 4536// 588// 4537//
f 4538// 4537// 14//
f 14// 4537// 588//
f 14// 13// 4538//
f 4538// 13// 418//
f 4538// 418// 4539//
f 4539// 418// 417//
f 4539// 417// 4540//
f 4540// 417// 416//
f 4540// 416// 4541//
f 4541// 416// 415//
f 4541// 415// 4542//
f 4542// 415// 420//
f 4542// 420// 4543//
f 420// 419// 4543//
f 4543// 419// 423//
f 4543// 423// 4544//
f 4544// 423// 422//
f 4544// 422// 4545//
f 4545// 422// 421//
f 4545// 421// 4546//
f 4546// 421// 11//
f 4546// 11// 4547//
f 11// 10// 4547//
f 4547// 10// 428//
f 4547// 428// 4548//
f 4548// 428// 427//
f 4548// 427// 4549//
f 429// 4510// 431//
f 431// 4510// 4550//
f 431// 4550// 424//
f 424// 4550// 4551//
f 424// 4551// 425//
f 425// 4551// 4552//
f 425// 4552// 426//
f 426// 4552// 4549//
f 426// 4549// 427//
f 4524// 4525// 4542//
f 4528// 4529// 4538//
f 4542// 4525// 4541//
f 4538// 4529// 4537//
f 4538// 4539// 4528//
f 4528// 4539// 4540//
f 4528// 4540// 4527//
f 4527// 4540// 4541//
f 4527// 4541// 4526//
f 4526// 4541// 4525//
f 4529// 4530// 4537//
f 4537// 4530// 4531//
f 4537// 4531// 4536//
f 4536// 4531// 4534//
f 4536// 4534// 4535//
f 4535// 4534// 4533//
f 4535// 4533// 4532//
f 4545// 4523// 4544//
f 4544// 4523// 4524//
f 4544// 4524// 4543//
f 4543// 4524// 4542//
f 4508// 4512// 4509//
f 4509// 4512// 4513//
f 4509// 4513// 4511//
f 4511// 4513// 4514//
f 4511// 4514// 4510//
f 4510// 4514// 4515//
f 4510// 4515// 4550//
f 4550// 4515// 4516//
f 4550// 4516// 4551//
f 4551// 4516// 4517//
f 4551// 4517// 4552//
f 4552// 4517// 4518//
f 4552// 4518// 4549//
f 4549// 4518// 4519//
f 4549// 4519// 4548//
f 4548// 4519// 4520//
f 4548// 4520// 4547//
f 4547// 4520// 4546//
f 4546// 4520// 4521//
f 4546// 4521// 4545//
f 4545// 4521// 4522//
f 4545// 4522// 4523//
f 4553// 4554// 373//
f 373// 4554// 374//
f 366// 4555// 365//
f 365// 4555// 4553//
f 365// 4553// 373//
f 4556// 4555// 364//
f 364// 4555// 366//
f 362// 4557// 363//
f 363// 4557// 4556//
f 363// 4556// 364//
f 4558// 4557// 356//
f 356// 4557// 362//
f 369// 4559// 355//
f 355// 4559// 4558//
f 355// 4558// 356//
f 4560// 4559// 368//
f 368// 4559// 369//
f 357// 4561// 367//
f 367// 4561// 4560//
f 367// 4560// 368//
f 4562// 4561// 359//
f 359// 4561// 357//
f 377// 4563// 378//
f 378// 4563// 4562//
f 378// 4562// 359//
f 4564// 4563// 370//
f 370// 4563// 377//
f 374// 4554// 375//
f 375// 4554// 4564//
f 375// 4564// 370//
f 4554// 4553// 4564//
f 4564// 4553// 4555//
f 4557// 4558// 4556//
f 4556// 4558// 4559//
f 4561// 4562// 4560//
f 4560// 4562// 4563//
f 4560// 4563// 4559//
f 4559// 4563// 4564//
f 4559// 4564// 4556//
f 4556// 4564// 4555//
f 4565// 4566// 4567//
f 4567// 4566// 4568//
f 4567// 4568// 4569//
f 4569// 4568// 4570//
f 4569// 4570// 4571//
f 4571// 4570// 4572//
f 4571// 4572// 4573//
f 4573// 4572// 4574//
f 4573// 4574// 4575//
f 4575// 4574// 4576//
f 4575// 4576// 4577//
f 4577// 4576// 4578//
f 4577// 4578// 4579//
f 4579// 4578// 4580//
f 4579// 4580// 4581//
f 4581// 4580// 4582//
f 4581// 4582// 4583//
f 4583// 4582// 4584//
f 4583// 4584// 4585//
f 4585// 4584// 4586//
f 4585// 4586// 4587//
f 4587// 4586// 4588//
f 4587// 4588// 4589//
f 4589// 4588// 4590//
f 4589// 4590// 4591//
f 4591// 4590// 4592//
f 4591// 4592// 4593//
f 4593// 4592// 4594//
f 4593// 4594// 4595//
f 4595// 4594// 4596//
f 4595// 4596// 4597//
f 4597// 4596// 4598//
f 4597// 4598// 4599//
f 4599// 4598// 4565//
f 4599// 4565// 4567//
f 4573// 4575// 520//
f 520// 4575// 521//
f 4573// 520// 519//
f 4573// 519// 4571//
f 4571// 519// 518//
f 4571// 518// 4569//
f 4569// 518// 517//
f 4569// 517// 4567//
f 4567// 517// 516//
f 4567// 516// 4599//
f 4599// 516// 508//
f 4599// 508// 4597//
f 4597// 508// 507//
f 4597// 507// 4595//
f 4595// 507// 512//
f 4595// 512// 4593//
f 4593// 512// 510//
f 4593// 510// 4591//
f 4591// 510// 509//
f 4591// 509// 4589//
f 4589// 509// 524//
f 4589// 524// 4587//
f 4587// 524// 523//
f 4587// 523// 4585//
f 4585// 523// 515//
f 4585// 515// 4583//
f 4583// 515// 514//
f 4583// 514// 4581//
f 4581// 514// 513//
f 4581// 513// 4579//
f 4577// 4579// 522//
f 522// 4579// 513//
f 4575// 4577// 521//
f 521// 4577// 522//
f 4580// 4578// 4600//
f 4600// 4578// 4601//
f 4578// 4576// 4601//
f 4601// 4576// 4602//
f 4576// 4574// 4602//
f 4602// 4574// 4603//
f 4566// 4604// 4605//
f 4566// 4605// 4568//
f 4568// 4605// 4606//
f 4568// 4606// 4570//
f 4570// 4606// 4607//
f 4570// 4607// 4572//
f 4572// 4607// 4603//
f 4572// 4603// 4574//
f 4594// 4608// 4609//
f 4594// 4609// 4596//
f 4596// 4609// 4610//
f 4596// 4610// 4598//
f 4598// 4610// 4611//
f 4598// 4611// 4565//
f 4565// 4611// 4604//
f 4565// 4604// 4566//
f 4586// 4612// 4613//
f 4586// 4613// 4588//
f 4588// 4613// 4614//
f 4588// 4614// 4590//
f 4590// 4614// 4615//
f 4590// 4615// 4592//
f 4592// 4615// 4608//
f 4592// 4608// 4594//
f 4580// 4600// 4616//
f 4580// 4616// 4582//
f 4582// 4616// 4617//
f 4582// 4617// 4584//
f 4584// 4617// 4612//
f 4584// 4612// 4586//
usemtl 1
f 4601// 4602// 4600//
f 4600// 4602// 4603//
f 4603// 4607// 4600//
f 4600// 4607// 4606//
f 4600// 4606// 4605//
f 4605// 4604// 4600//
f 4600// 4604// 4611//
f 4600// 4611// 4610//
f 4608// 4612// 4617//
f 4615// 4614// 4608//
f 4608// 4614// 4613//
f 4608// 4613// 4612//
f 4610// 4609// 4600//
f 4600// 4609// 4608//
f 4600// 4608// 4616//
f 4616// 4608// 4617//
usemtl 5
f 4618// 4619// 4620//
f 4621// 4622// 4623//
f 4619// 4624// 4620//
f 4620// 4624// 4625//
f 4620// 4625// 4626//
f 4626// 4625// 4627//
f 4626// 4627// 4628//
f 4628// 4629// 4626//
f 4626// 4629// 4630//
f 4626// 4630// 4631//
f 4632// 4631// 4633//
f 4633// 4631// 4630//
f 4633// 4630// 4623//
f 4623// 4630// 4618//
f 4623// 4618// 4621//
f 4621// 4618// 4620//
f 22// 4626// 23//
f 23// 4626// 4631//
f 23// 4631// 353//
f 4620// 4626// 338//
f 338// 4626// 22//
f 340// 342// 4621//
f 340// 4621// 341//
f 341// 4621// 4620//
f 341// 4620// 338//
f 4622// 4621// 344//
f 344// 4621// 342//
f 349// 4623// 346//
f 346// 4623// 4622//
f 346// 4622// 344//
f 350// 4633// 348//
f 348// 4633// 4623//
f 348// 4623// 349//
f 352// 4632// 351//
f 351// 4632// 4633//
f 351// 4633// 350//
f 4631// 4632// 353//
f 353// 4632// 352//
f 4618// 4630// 4634//
f 4634// 4630// 4635//
f 4630// 4629// 4635//
f 4635// 4629// 4636//
f 4627// 4637// 4638//
f 4627// 4638// 4628//
f 4628// 4638// 4636//
f 4628// 4636// 4629//
f 4627// 4625// 4637//
f 4637// 4625// 4639//
f 4619// 4640// 4641//
f 4619// 4641// 4624//
f 4624// 4641// 4639//
f 4624// 4639// 4625//
f 4619// 4618// 4640//
f 4640// 4618// 4634//
usemtl 1
f 4637// 4639// 4638//
f 4638// 4639// 4641//
f 4638// 4641// 4636//
f 4636// 4641// 4640//
f 4636// 4640// 4635//
f 4635// 4640// 4634//
usemtl 5
f 4642// 4643// 436//
f 436// 4643// 437//
f 4644// 4642// 444//
f 444// 4642// 436//
f 4645// 4644// 443//
f 443// 4644// 444//
f 4646// 4645// 445//
f 445// 4645// 443//
f 4647// 4646// 446//
f 446// 4646// 445//
f 4648// 4647// 447//
f 447// 4647// 446//
f 4649// 4648// 448//
f 448// 4648// 447//
f 4650// 4649// 441//
f 441// 4649// 448//
f 4650// 441// 442//
f 4650// 442// 4651//
f 4651// 442// 450//
f 4651// 450// 449//
f 4652// 4651// 453//
f 453// 4651// 449//
f 439// 4653// 455//
f 455// 4653// 4652//
f 455// 4652// 454//
f 454// 4652// 453//
f 4643// 4653// 437//
f 437// 4653// 439//
f 4653// 4643// 4642//
f 4642// 4644// 4653//
f 4653// 4644// 4645//
f 4653// 4645// 4652//
f 4650// 4651// 4649//
f 4649// 4651// 4652//
f 4649// 4652// 4648//
f 4648// 4652// 4645//
f 4648// 4645// 4647//
f 4647// 4645// 4646//
f 4654// 4655// 4656//
f 4656// 4655// 4657//
f 4658// 4659// 4660//
f 4661// 4662// 4663//
f 4663// 4662// 4664//
f 4665// 4666// 4657//
f 4657// 4666// 4667//
f 4667// 4668// 4657//
f 4657// 4668// 4669//
f 4657// 4669// 4656//
f 4656// 4669// 4670//
f 4656// 4670// 4661//
f 4661// 4670// 4671//
f 4661// 4671// 4662//
f 4660// 4665// 4658//
f 4658// 4665// 4657//
f 4658// 4657// 4672//
f 4672// 4657// 4673//
f 4672// 4673// 4674//
f 4674// 4673// 4675//
f 4674// 4675// 4676//
f 4676// 4675// 4677//
f 4676// 4677// 4678//
f 4678// 4677// 4679//
f 4678// 4679// 4680//
f 4680// 4679// 4681//
f 4680// 4681// 4682//
f 4682// 4681// 4683//
f 4682// 4683// 4684//
f 4684// 4683// 4685//
f 4684// 4685// 4686//
f 4686// 4685// 4687//
f 4686// 4687// 4688//
f 4688// 4687// 4689//
f 4688// 4689// 4690//
f 4690// 4689// 4691//
f 4692// 4693// 4694//
f 4694// 4693// 4695//
f 4694// 4695// 4696//
f 4696// 4695// 4697//
f 4696// 4697// 4698//
f 4698// 4697// 4699//
f 4698// 4699// 4700//
f 4700// 4699// 4701//
f 4700// 4701// 4702//
f 4702// 4701// 4703//
f 4702// 4703// 4664//
f 4664// 4703// 4704//
f 4664// 4704// 4663//
f 4705// 4706// 4707//
f 4707// 4706// 4708//
f 4707// 4708// 4709//
f 4709// 4708// 4710//
f 4709// 4710// 4711//
f 4711// 4710// 4712//
f 4711// 4712// 4692//
f 4692// 4712// 4713//
f 4692// 4713// 4693//
f 4658// 4714// 4659//
f 4659// 4714// 4715//
f 4659// 4715// 4716//
f 4716// 4715// 4717//
f 4716// 4717// 4718//
f 4718// 4717// 4719//
f 4718// 4719// 4720//
f 4720// 4719// 4721//
f 4720// 4721// 4705//
f 4705// 4721// 4722//
f 4705// 4722// 4706//
f 4685// 560// 559//
f 4685// 559// 4687//
f 4687// 559// 557//
f 4687// 557// 4689//
f 4689// 557// 556//
f 4689// 556// 4691//
f 4690// 4691// 538//
f 538// 4691// 556//
f 4690// 538// 551//
f 4690// 551// 4688//
f 4688// 551// 555//
f 4688// 555// 4686//
f 4686// 555// 554//
f 4686// 554// 4684//
f 4684// 554// 553//
f 4684// 553// 4682//
f 4682// 553// 582//
f 4682// 582// 4680//
f 4680// 582// 581//
f 4680// 581// 4678//
f 4678// 581// 577//
f 4678// 577// 4676//
f 4676// 577// 576//
f 4676// 576// 4674//
f 4674// 576// 575//
f 4674// 575// 4672//
f 4672// 575// 574//
f 4672// 574// 4658//
f 4714// 4658// 552//
f 552// 4658// 574//
f 4714// 552// 550//
f 4714// 550// 4715//
f 4715// 550// 549//
f 4715// 549// 4717//
f 4717// 549// 537//
f 4717// 537// 4719//
f 4719// 537// 536//
f 4719// 536// 4721//
f 4721// 536// 568//
f 4721// 568// 4722//
f 4722// 568// 567//
f 4722// 567// 4706//
f 4706// 567// 548//
f 4706// 548// 4708//
f 4708// 548// 547//
f 4708// 547// 4710//
f 4710// 547// 546//
f 4710// 546// 4712//
f 4712// 546// 566//
f 4712// 566// 4713//
f 4713// 566// 565//
f 4713// 565// 4693//
f 4693// 565// 564//
f 4693// 564// 4695//
f 4695// 564// 573//
f 4695// 573// 4697//
f 4697// 573// 572//
f 4697// 572// 4699//
f 4699// 572// 571//
f 4699// 571// 4701//
f 4701// 571// 580//
f 4701// 580// 4703//
f 4703// 580// 579//
f 4703// 579// 4704//
f 4704// 579// 578//
f 4704// 578// 4663//
f 4663// 578// 570//
f 4663// 570// 4661//
f 4656// 4661// 569//
f 569// 4661// 570//
f 4654// 4656// 539//
f 539// 4656// 569//
f 4655// 4654// 541//
f 541// 4654// 539//
f 4657// 4655// 563//
f 563// 4655// 541//
f 4657// 563// 562//
f 4657// 562// 4673//
f 4673// 562// 561//
f 4673// 561// 4675//
f 4675// 561// 545//
f 4675// 545// 4677//
f 4677// 545// 544//
f 4677// 544// 4679//
f 4679// 544// 543//
f 4679// 543// 4681//
f 4681// 543// 542//
f 4681// 542// 4683//
f 4683// 542// 560//
f 4683// 560// 4685//
f 4716// 4723// 4724//
f 4716// 4724// 4659//
f 4659// 4724// 4725//
f 4659// 4725// 4660//
f 4660// 4725// 4726//
f 4660// 4726// 4665//
f 4707// 4727// 4728//
f 4707// 4728// 4705//
f 4705// 4728// 4729//
f 4705// 4729// 4720//
f 4720// 4729// 4730//
f 4720// 4730// 4718//
f 4718// 4730// 4723//
f 4718// 4723// 4716//
f 4694// 4731// 4732//
f 4694// 4732// 4692//
f 4692// 4732// 4733//
f 4692// 4733// 4711//
f 4711// 4733// 4734//
f 4711// 4734// 4709//
f 4709// 4734// 4727//
f 4709// 4727// 4707//
f 4700// 4735// 4736//
f 4700// 4736// 4698//
f 4698// 4736// 4737//
f 4698// 4737// 4696//
f 4696// 4737// 4731//
f 4696// 4731// 4694//
f 4671// 4738// 4739//
f 4671// 4739// 4662//
f 4662// 4739// 4740//
f 4662// 4740// 4664//
f 4664// 4740// 4741//
f 4664// 4741// 4702//
f 4702// 4741// 4735//
f 4702// 4735// 4700//
f 4667// 4742// 4743//
f 4667// 4743// 4668//
f 4668// 4743// 4744//
f 4668// 4744// 4669//
f 4669// 4744// 4745//
f 4669// 4745// 4670//
f 4670// 4745// 4738//
f 4670// 4738// 4671//
f 4667// 4666// 4742//
f 4742// 4666// 4746//
f 4666// 4665// 4746//
f 4746// 4665// 4726//
usemtl 1
f 4743// 4742// 4723//
f 4742// 4746// 4726//
f 4726// 4725// 4742//
f 4742// 4725// 4724//
f 4742// 4724// 4723//
f 4743// 4723// 4744//
f 4744// 4723// 4730//
f 4744// 4730// 4745//
f 4732// 4731// 4739//
f 4732// 4739// 4733//
f 4740// 4739// 4741//
f 4741// 4739// 4735//
f 4730// 4729// 4745//
f 4745// 4729// 4728//
f 4745// 4728// 4738//
f 4738// 4728// 4727//
f 4738// 4727// 4739//
f 4739// 4727// 4734//
f 4739// 4734// 4733//
f 4731// 4737// 4739//
f 4739// 4737// 4736//
f 4739// 4736// 4735//
usemtl 5
f 263// 4747// 4748//
f 4749// 322// 319//
f 4749// 319// 4750//
f 4750// 319// 269//
f 4750// 269// 4748//
f 4748// 269// 268//
f 4748// 268// 263//
f 4751// 4747// 262//
f 262// 4747// 263//
f 300// 4752// 4753//
f 4751// 262// 267//
f 4751// 267// 4753//
f 4753// 267// 277//
f 4753// 277// 300//
f 4752// 300// 299//
f 4752// 299// 4754//
f 4754// 299// 298//
f 4754// 298// 4755//
f 4755// 298// 297//
f 4755// 297// 4756//
f 4756// 297// 296//
f 4756// 296// 4757//
f 4757// 296// 295//
f 4757// 295// 4758//
f 4758// 295// 282//
f 4758// 282// 4759//
f 4759// 282// 281//
f 4759// 281// 4760//
f 4760// 281// 458//
f 4760// 458// 4761//
f 4761// 458// 279//
f 4761// 279// 4762//
f 4762// 279// 278//
f 4762// 278// 4763//
f 4763// 278// 315//
f 4763// 315// 4764//
f 4764// 315// 314//
f 4764// 314// 4765//
f 4765// 314// 312//
f 4765// 312// 4766//
f 4766// 312// 310//
f 4766// 310// 4767//
f 4767// 310// 309//
f 4767// 309// 4768//
f 4768// 309// 308//
f 4768// 308// 4769//
f 4769// 308// 307//
f 4769// 307// 4770//
f 4770// 307// 306//
f 4770// 306// 4771//
f 4771// 306// 303//
f 4771// 303// 4772//
f 4772// 303// 318//
f 4772// 318// 4773//
f 4773// 318// 317//
f 4773// 317// 4774//
f 4774// 317// 316//
f 4774// 316// 4775//
f 4775// 316// 305//
f 4775// 305// 4776//
f 4776// 305// 304//
f 4776// 304// 4777//
f 4777// 304// 302//
f 4777// 302// 4778//
f 4778// 302// 301//
f 4778// 301// 4779//
f 4779// 301// 311//
f 4779// 311// 4780//
f 4780// 311// 313//
f 4780// 313// 4781//
f 4781// 313// 280//
f 4781// 280// 4782//
f 4783// 4782// 294//
f 294// 4782// 280//
f 4783// 294// 293//
f 4783// 293// 4784//
f 4784// 293// 291//
f 4784// 291// 4785//
f 4785// 291// 290//
f 4785// 290// 4786//
f 4786// 290// 285//
f 4786// 285// 4787//
f 4787// 285// 284//
f 4787// 284// 4788//
f 4789// 4788// 289//
f 289// 4788// 284//
f 289// 288// 4789//
f 4789// 288// 287//
f 4789// 287// 4790//
f 4790// 287// 275//
f 4790// 275// 4791//
f 4791// 275// 274//
f 4791// 274// 4792//
f 4792// 274// 273//
f 4792// 273// 4793//
f 4793// 273// 272//
f 4793// 272// 4794//
f 4794// 272// 271//
f 4794// 271// 4795//
f 320// 4796// 4797//
f 4795// 271// 276//
f 4795// 276// 4798//
f 4798// 276// 270//
f 4798// 270// 4797//
f 4797// 270// 321//
f 4797// 321// 320//
f 4796// 320// 324//
f 4796// 324// 4799//
f 4799// 324// 335//
f 4799// 335// 4800//
f 4800// 335// 334//
f 4800// 334// 4801//
f 4801// 334// 333//
f 4801// 333// 4802//
f 4802// 333// 327//
f 4802// 327// 4803//
f 4803// 327// 326//
f 4803// 326// 4804//
f 4804// 326// 332//
f 4804// 332// 4805//
f 4805// 332// 331//
f 4805// 331// 4806//
f 4806// 331// 330//
f 4806// 330// 4807//
f 4807// 330// 329//
f 4807// 329// 4808//
f 4808// 329// 328//
f 4808// 328// 4809//
f 4809// 328// 325//
f 4809// 325// 4810//
f 4810// 325// 323//
f 4810// 323// 4811//
f 4811// 323// 322//
f 4811// 322// 4749//
f 4775// 4776// 4787//
f 4787// 4776// 4786//
f 4799// 4766// 4796//
f 4796// 4766// 4767//
f 4755// 4756// 4807//
f 4807// 4756// 4757//
f 4807// 4757// 4806//
f 4806// 4757// 4758//
f 4806// 4758// 4805//
f 4805// 4758// 4759//
f 4805// 4759// 4804//
f 4804// 4759// 4760//
f 4804// 4760// 4803//
f 4803// 4760// 4761//
f 4803// 4761// 4802//
f 4802// 4761// 4762//
f 4802// 4762// 4801//
f 4801// 4762// 4763//
f 4801// 4763// 4800//
f 4800// 4763// 4764//
f 4800// 4764// 4799//
f 4799// 4764// 4765//
f 4799// 4765// 4766//
f 4752// 4749// 4753//
f 4753// 4749// 4750//
f 4753// 4750// 4751//
f 4751// 4750// 4748//
f 4751// 4748// 4747//
f 4776// 4777// 4786//
f 4786// 4777// 4778//
f 4786// 4778// 4785//
f 4785// 4778// 4779//
f 4785// 4779// 4784//
f 4784// 4779// 4780//
f 4784// 4780// 4783//
f 4783// 4780// 4781//
f 4783// 4781// 4782//
f 4807// 4808// 4755//
f 4755// 4808// 4809//
f 4755// 4809// 4754//
f 4754// 4809// 4810//
f 4754// 4810// 4752//
f 4752// 4810// 4811//
f 4752// 4811// 4749//
f 4787// 4788// 4775//
f 4775// 4788// 4789//
f 4775// 4789// 4774//
f 4774// 4789// 4790//
f 4774// 4790// 4773//
f 4773// 4790// 4791//
f 4773// 4791// 4772//
f 4772// 4791// 4792//
f 4772// 4792// 4771//
f 4771// 4792// 4793//
f 4771// 4793// 4770//
f 4770// 4793// 4794//
f 4770// 4794// 4769//
f 4769// 4794// 4795//
f 4769// 4795// 4768//
f 4768// 4795// 4798//
f 4768// 4798// 4767//
f 4767// 4798// 4797//
f 4767// 4797// 4796//
f 4812// 4813// 256//
f 256// 4813// 258//
f 4814// 4812// 246//
f 246// 4812// 256//
f 4814// 246// 254//
f 4814// 254// 4815//
f 4815// 254// 253//
f 4815// 253// 4816//
f 4817// 4816// 252//
f 252// 4816// 253//
f 4818// 4817// 245//
f 245// 4817// 252//
f 456// 4819// 244//
f 244// 4819// 4818//
f 244// 4818// 245//
f 4820// 4819// 457//
f 457// 4819// 456//
f 5// 4821// 6//
f 6// 4821// 4820//
f 6// 4820// 457//
f 4822// 4821// 4//
f 4// 4821// 5//
f 4822// 4// 473//
f 4822// 473// 4823//
f 473// 472// 4823//
f 4823// 472// 471//
f 4823// 471// 4824//
f 4824// 471// 469//
f 4824// 469// 4825//
f 4825// 469// 468//
f 4825// 468// 4826//
f 4826// 468// 470//
f 4826// 470// 4827//
f 4827// 470// 464//
f 4827// 464// 4828//
f 4828// 464// 459//
f 4828// 459// 4829//
f 4830// 4829// 460//
f 460// 4829// 459//
f 4830// 460// 467//
f 4830// 467// 4831//
f 4831// 467// 466//
f 4831// 466// 4832//
f 4832// 466// 465//
f 4832// 465// 4833//
f 4833// 465// 463//
f 4833// 463// 4834//
f 4834// 463// 462//
f 4834// 462// 4835//
f 462// 461// 4835//
f 4835// 461// 261//
f 4835// 261// 4836//
f 4836// 261// 260//
f 4836// 260// 4837//
f 4837// 260// 259//
f 4837// 259// 4838//
f 4813// 4838// 258//
f 258// 4838// 259//
f 4815// 4816// 4838//
f 4813// 4812// 4838//
f 4838// 4812// 4814//
f 4838// 4814// 4815//
f 4819// 4820// 4818//
f 4818// 4820// 4821//
f 4818// 4821// 4817//
f 4829// 4830// 4828//
f 4828// 4830// 4831//
f 4828// 4831// 4827//
f 4827// 4831// 4832//
f 4827// 4832// 4826//
f 4826// 4832// 4833//
f 4826// 4833// 4825//
f 4825// 4833// 4834//
f 4825// 4834// 4824//
f 4837// 4823// 4836//
f 4836// 4823// 4824//
f 4836// 4824// 4835//
f 4835// 4824// 4834//
f 4816// 4817// 4838//
f 4838// 4817// 4821//
f 4838// 4821// 4837//
f 4837// 4821// 4822//
f 4837// 4822// 4823//
f 4839// 4840// 227//
f 227// 4840// 247//
f 234// 4841// 226//
f 226// 4841// 4839//
f 226// 4839// 227//
f 4842// 4841// 233//
f 233// 4841// 234//
f 228// 4843// 232//
f 232// 4843// 4842//
f 232// 4842// 233//
f 4844// 4843// 231//
f 231// 4843// 228//
f 238// 4845// 236//
f 236// 4845// 4844//
f 236// 4844// 231//
f 4846// 4845// 237//
f 237// 4845// 238//
f 229// 4847// 235//
f 235// 4847// 4846//
f 235// 4846// 237//
f 239// 4848// 230//
f 230// 4848// 4847//
f 230// 4847// 229//
f 242// 4849// 243//
f 243// 4849// 4848//
f 243// 4848// 239//
f 251// 4850// 257//
f 257// 4850// 4849//
f 257// 4849// 242//
f 247// 4840// 249//
f 249// 4840// 4850//
f 249// 4850// 251//
f 4843// 4844// 4842//
f 4842// 4844// 4845//
f 4840// 4839// 4850//
f 4850// 4839// 4841//
f 4847// 4848// 4846//
f 4846// 4848// 4849//
f 4846// 4849// 4845//
f 4845// 4849// 4850//
f 4845// 4850// 4842//
f 4842// 4850// 4841//
f 4851// 4852// 4853//
f 4853// 4852// 4854//
f 4853// 4854// 4855//
f 4855// 4854// 4856//
f 4855// 4856// 4857//
f 4857// 4856// 4858//
f 4857// 4858// 4859//
f 4859// 4858// 4860//
f 4859// 4860// 4861//
f 4861// 4860// 4862//
f 4861// 4862// 4863//
f 4863// 4862// 4864//
f 4863// 4864// 4865//
f 4865// 4864// 4866//
f 4865// 4866// 4867//
f 4867// 4866// 4868//
f 4867// 4868// 4869//
f 4869// 4868// 4870//
f 4869// 4870// 4871//
f 4871// 4870// 4872//
f 4871// 4872// 4873//
f 4873// 4872// 4874//
f 4873// 4874// 4875//
f 4875// 4874// 4876//
f 4875// 4876// 4877//
f 4877// 4876// 4878//
f 4877// 4878// 4879//
f 4879// 4878// 4880//
f 4879// 4880// 4881//
f 4881// 4880// 4882//
f 4881// 4882// 4883//
f 4883// 4882// 4884//
f 4883// 4884// 4885//
f 4885// 4884// 4851//
f 4885// 4851// 4853//
f 4859// 4861// 213//
f 213// 4861// 25//
f 4859// 213// 211//
f 4859// 211// 4857//
f 4857// 211// 215//
f 4857// 215// 4855//
f 4855// 215// 214//
f 4855// 214// 4853//
f 4853// 214// 210//
f 4853// 210// 4885//
f 4885// 210// 209//
f 4885// 209// 4883//
f 4883// 209// 221//
f 4883// 221// 4881//
f 4881// 221// 220//
f 4881// 220// 4879//
f 4879// 220// 219//
f 4879// 219// 4877//
f 4877// 219// 218//
f 4877// 218// 4875//
f 4875// 218// 217//
f 4875// 217// 4873//
f 4873// 217// 216//
f 4873// 216// 4871//
f 224// 4865// 207//
f 207// 4865// 4867//
f 207// 4867// 206//
f 206// 4867// 4869//
f 206// 4869// 204//
f 204// 4869// 4871//
f 204// 4871// 216//
f 4863// 4865// 223//
f 223// 4865// 224//
f 25// 4861// 26//
f 26// 4861// 4863//
f 26// 4863// 223//
f 4866// 4864// 4886//
f 4886// 4864// 4887//
f 4864// 4862// 4887//
f 4887// 4862// 4888//
f 4862// 4860// 4888//
f 4888// 4860// 4889//
f 4852// 4890// 4891//
f 4852// 4891// 4854//
f 4854// 4891// 4892//
f 4854// 4892// 4856//
f 4856// 4892// 4893//
f 4856// 4893// 4858//
f 4858// 4893// 4889//
f 4858// 4889// 4860//
f 4880// 4894// 4895//
f 4880// 4895// 4882//
f 4882// 4895// 4896//
f 4882// 4896// 4884//
f 4884// 4896// 4897//
f 4884// 4897// 4851//
f 4851// 4897// 4890//
f 4851// 4890// 4852//
f 4872// 4898// 4899//
f 4872// 4899// 4874//
f 4874// 4899// 4900//
f 4874// 4900// 4876//
f 4876// 4900// 4901//
f 4876// 4901// 4878//
f 4878// 4901// 4894//
f 4878// 4894// 4880//
f 4866// 4886// 4902//
f 4866// 4902// 4868//
f 4868// 4902// 4903//
f 4868// 4903// 4870//
f 4870// 4903// 4898//
f 4870// 4898// 4872//
usemtl 1
f 4887// 4888// 4886//
f 4886// 4888// 4889//
f 4889// 4893// 4886//
f 4886// 4893// 4892//
f 4886// 4892// 4891//
f 4891// 4890// 4886//
f 4886// 4890// 4897//
f 4886// 4897// 4896//
f 4894// 4898// 4903//
f 4901// 4900// 4894//
f 4894// 4900// 4899//
f 4894// 4899// 4898//
f 4896// 4895// 4886//
f 4886// 4895// 4894//
f 4886// 4894// 4902//
f 4902// 4894// 4903//
usemtl 5
f 4904// 4905// 4906//
f 4907// 4908// 4909//
f 4905// 4910// 4906//
f 4906// 4910// 4911//
f 4906// 4911// 4912//
f 4912// 4911// 4913//
f 4912// 4913// 4914//
f 4914// 4915// 4912//
f 4912// 4915// 4916//
f 4912// 4916// 4917//
f 4918// 4917// 4919//
f 4919// 4917// 4916//
f 4919// 4916// 4909//
f 4909// 4916// 4904//
f 4909// 4904// 4907//
f 4907// 4904// 4906//
f 4912// 4917// 484//
f 484// 4917// 485//
f 4906// 4912// 483//
f 483// 4912// 484//
f 4907// 4906// 482//
f 482// 4906// 483//
f 4908// 4907// 481//
f 481// 4907// 482//
f 4909// 4908// 488//
f 488// 4908// 481//
f 4919// 4909// 487//
f 487// 4909// 488//
f 4918// 4919// 486//
f 486// 4919// 487//
f 4917// 4918// 485//
f 485// 4918// 486//
f 4904// 4916// 4920//
f 4920// 4916// 4921//
f 4916// 4915// 4921//
f 4921// 4915// 4922//
f 4913// 4923// 4924//
f 4913// 4924// 4914//
f 4914// 4924// 4922//
f 4914// 4922// 4915//
f 4913// 4911// 4923//
f 4923// 4911// 4925//
f 4905// 4926// 4927//
f 4905// 4927// 4910//
f 4910// 4927// 4925//
f 4910// 4925// 4911//
f 4905// 4904// 4926//
f 4926// 4904// 4920//
usemtl 1
f 4923// 4925// 4924//
f 4924// 4925// 4927//
f 4924// 4927// 4922//
f 4922// 4927// 4926//
f 4922// 4926// 4921//
f 4921// 4926// 4920//
usemtl 5
f 4928// 4929// 4930//
f 4931// 4932// 4933//
f 4934// 4935// 4931//
f 4936// 4937// 4938//
f 4939// 4940// 4941//
f 4942// 4943// 4930//
f 4930// 4943// 4944//
f 4930// 4944// 4928//
f 4938// 4937// 4945//
f 4935// 4946// 4931//
f 4931// 4946// 4947//
f 4931// 4947// 4948//
f 4949// 4950// 4951//
f 4951// 4950// 4952//
f 4951// 4952// 4953//
f 4953// 4952// 4954//
f 4953// 4954// 4955//
f 4955// 4954// 4956//
f 4955// 4956// 4957//
f 4957// 4956// 4930//
f 4957// 4930// 4958//
f 4958// 4930// 4959//
f 4960// 4961// 4949//
f 4949// 4961// 4962//
f 4949// 4962// 4950//
f 4963// 4964// 4965//
f 4965// 4964// 4966//
f 4965// 4966// 4967//
f 4967// 4966// 4968//
f 4967// 4968// 4969//
f 4969// 4968// 4970//
f 4939// 4941// 4971//
f 4971// 4941// 4972//
f 4971// 4972// 4973//
f 4973// 4972// 4974//
f 4973// 4974// 4975//
f 4937// 4976// 4945//
f 4945// 4976// 4977//
f 4945// 4977// 4978//
f 4978// 4977// 4979//
f 4978// 4979// 4939//
f 4939// 4979// 4980//
f 4939// 4980// 4940//
f 4947// 4981// 4948//
f 4948// 4981// 4982//
f 4948// 4982// 4983//
f 4983// 4982// 4984//
f 4983// 4984// 4985//
f 4986// 4987// 4988//
f 4988// 4987// 4989//
f 4988// 4989// 4990//
f 4990// 4989// 4991//
f 4990// 4991// 4992//
f 4992// 4991// 4993//
f 4992// 4993// 4994//
f 4994// 4993// 4995//
f 4994// 4995// 4996//
f 4934// 4931// 4997//
f 4997// 4931// 4933//
f 4997// 4933// 4949//
f 4949// 4933// 4998//
f 4949// 4998// 4960//
f 4968// 4999// 4970//
f 4970// 4999// 5000//
f 4970// 5000// 5001//
f 5001// 5000// 5002//
f 5001// 5002// 5003//
f 5003// 5002// 5004//
f 5003// 5004// 5005//
f 5005// 5004// 5006//
f 5005// 5006// 5007//
f 5007// 5006// 5008//
f 5007// 5008// 5009//
f 5009// 5008// 5010//
f 5009// 5010// 4986//
f 4986// 5010// 5011//
f 4986// 5011// 4987//
f 5012// 5013// 5014//
f 5014// 5013// 5015//
f 5014// 5015// 4965//
f 4965// 5015// 5016//
f 4965// 5016// 4963//
f 5017// 5018// 5019//
f 5019// 5018// 5020//
f 5019// 5020// 5021//
f 5021// 5020// 5022//
f 5021// 5022// 5023//
f 5023// 5022// 5024//
f 5023// 5024// 5025//
f 5025// 5024// 5026//
f 5025// 5026// 4942//
f 4942// 5026// 5027//
f 4942// 5027// 4943//
f 4959// 4930// 5028//
f 5028// 4930// 4929//
f 5028// 4929// 5029//
f 4975// 4974// 5030//
f 5030// 4974// 5031//
f 5030// 5031// 5032//
f 5032// 5031// 5033//
f 5032// 5033// 5034//
f 5034// 5033// 5035//
f 5034// 5035// 5036//
f 5036// 5035// 5037//
f 5036// 5037// 5012//
f 5012// 5037// 5038//
f 5012// 5038// 5013//
f 4938// 5039// 4936//
f 4936// 5039// 5040//
f 4936// 5040// 5041//
f 5041// 5040// 5042//
f 5041// 5042// 5043//
f 5043// 5042// 5044//
f 5043// 5044// 5017//
f 5017// 5044// 5045//
f 5017// 5045// 5018//
f 4985// 4984// 5046//
f 5046// 4984// 5047//
f 5046// 5047// 5048//
f 5048// 5047// 5049//
f 5048// 5049// 5050//
f 5050// 5049// 5051//
f 5050// 5051// 5052//
f 5052// 5051// 5053//
f 5052// 5053// 5054//
f 5054// 5053// 5055//
f 5054// 5055// 5056//
f 5056// 5055// 5057//
f 5056// 5057// 5058//
f 5058// 5057// 5059//
f 5058// 5059// 5060//
f 5060// 5059// 5061//
f 5060// 5061// 5062//
f 5062// 5061// 5063//
f 5062// 5063// 4929//
f 4929// 5063// 5064//
f 4929// 5064// 5029//
f 5065// 5066// 5067//
f 4995// 5068// 4996//
f 4996// 5068// 5065//
f 4996// 5065// 5069//
f 5069// 5065// 5067//
f 5070// 5071// 5065//
f 5065// 5071// 5072//
f 5065// 5072// 5066//
f 5073// 5074// 5075//
f 5074// 5076// 5075//
f 5075// 5076// 5077//
f 5075// 5077// 5078//
f 5070// 5065// 5075//
f 5075// 5065// 5079//
f 5075// 5079// 5073//
f 5005// 198// 197//
f 203// 4970// 5001//
f 5005// 197// 5003//
f 5003// 197// 29//
f 5003// 29// 5001//
f 5001// 29// 28//
f 5001// 28// 203//
f 203// 201// 4970//
f 4970// 201// 200//
f 4970// 200// 4969//
f 4969// 200// 41//
f 4969// 41// 4967//
f 4967// 41// 40//
f 4967// 40// 4965//
f 4965// 40// 38//
f 4965// 38// 5014//
f 5014// 38// 37//
f 5014// 37// 5012//
f 47// 5032// 5034//
f 5012// 37// 44//
f 5012// 44// 5036//
f 44// 43// 5036//
f 5036// 43// 49//
f 5036// 49// 5034//
f 5034// 49// 48//
f 5034// 48// 47//
f 62// 4973// 4975//
f 5032// 47// 46//
f 5032// 46// 5030//
f 5030// 46// 35//
f 5030// 35// 4975//
f 4975// 35// 34//
f 4975// 34// 62//
f 67// 4939// 4971//
f 4973// 62// 61//
f 4973// 61// 4971//
f 4971// 61// 65//
f 4971// 65// 67//
f 4939// 67// 66//
f 4939// 66// 4978//
f 4978// 66// 64//
f 4978// 64// 4945//
f 4945// 64// 63//
f 4945// 63// 4938//
f 4938// 63// 70//
f 4938// 70// 5039//
f 5039// 70// 69//
f 5039// 69// 5040//
f 5040// 69// 68//
f 5040// 68// 5042//
f 80// 5020// 5018//
f 5042// 68// 76//
f 5042// 76// 5044//
f 5044// 76// 75//
f 5044// 75// 5045//
f 75// 74// 5045//
f 5045// 74// 73//
f 5045// 73// 5018//
f 5018// 73// 81//
f 5018// 81// 80//
f 91// 5022// 78//
f 78// 5022// 5020//
f 78// 5020// 80//
f 91// 90// 5022//
f 5022// 90// 89//
f 5022// 89// 5024//
f 5024// 89// 86//
f 5024// 86// 5026//
f 5026// 86// 85//
f 5026// 85// 5027//
f 5027// 85// 108//
f 5027// 108// 4943//
f 4943// 108// 107//
f 4943// 107// 4944//
f 4944// 107// 102//
f 4944// 102// 4928//
f 4928// 102// 103//
f 4928// 103// 4929//
f 4929// 103// 104//
f 4929// 104// 5062//
f 5062// 104// 135//
f 5062// 135// 5060//
f 5060// 135// 134//
f 5060// 134// 5058//
f 5058// 134// 133//
f 5058// 133// 5056//
f 5056// 133// 123//
f 5056// 123// 5054//
f 5054// 123// 122//
f 5054// 122// 5052//
f 5052// 122// 121//
f 5052// 121// 5050//
f 5050// 121// 106//
f 5050// 106// 5048//
f 5048// 106// 105//
f 5048// 105// 5046//
f 5046// 105// 131//
f 5046// 131// 4985//
f 4985// 131// 132//
f 4985// 132// 4983//
f 4948// 4983// 118//
f 118// 4983// 132//
f 4931// 4948// 84//
f 84// 4948// 118//
f 84// 112// 4931//
f 4931// 112// 143//
f 4931// 143// 4932//
f 4932// 143// 147//
f 32// 155// 4933//
f 32// 4933// 33//
f 33// 4933// 4932//
f 33// 4932// 147//
f 160// 4962// 4961//
f 4933// 155// 154//
f 4933// 154// 4998//
f 4998// 154// 153//
f 4998// 153// 4960//
f 4960// 153// 31//
f 4960// 31// 4961//
f 4961// 31// 161//
f 4961// 161// 160//
f 4950// 4962// 159//
f 159// 4962// 160//
f 159// 157// 4950//
f 4950// 157// 156//
f 4950// 156// 4952//
f 4952// 156// 164//
f 4952// 164// 4954//
f 4954// 164// 163//
f 4954// 163// 4956//
f 4956// 163// 167//
f 4956// 167// 4930//
f 145// 5021// 158//
f 158// 5021// 5023//
f 158// 5023// 162//
f 162// 5023// 5025//
f 162// 5025// 165//
f 165// 5025// 4942//
f 165// 4942// 166//
f 166// 4942// 4930//
f 166// 4930// 167//
f 145// 146// 5021//
f 5021// 146// 148//
f 5021// 148// 5019//
f 5017// 5019// 149//
f 149// 5019// 148//
f 149// 170// 5017//
f 5017// 170// 169//
f 5017// 169// 5043//
f 5043// 169// 182//
f 5043// 182// 5041//
f 182// 196// 5041//
f 5041// 196// 195//
f 5041// 195// 4936//
f 4936// 195// 194//
f 4936// 194// 4937//
f 4937// 194// 188//
f 4937// 188// 4976//
f 4976// 188// 187//
f 4976// 187// 4977//
f 4977// 187// 186//
f 4977// 186// 4979//
f 4979// 186// 183//
f 4979// 183// 4980//
f 4980// 183// 178//
f 4980// 178// 4940//
f 4940// 178// 181//
f 4940// 181// 4941//
f 4941// 181// 189//
f 4941// 189// 4972//
f 4972// 189// 191//
f 4972// 191// 4974//
f 4974// 191// 193//
f 4974// 193// 5031//
f 5031// 193// 192//
f 5031// 192// 5033//
f 168// 4963// 184//
f 184// 4963// 5016//
f 184// 5016// 185//
f 185// 5016// 5015//
f 185// 5015// 176//
f 176// 5015// 5013//
f 176// 5013// 177//
f 177// 5013// 5038//
f 177// 5038// 179//
f 179// 5038// 5037//
f 179// 5037// 180//
f 180// 5037// 5035//
f 180// 5035// 190//
f 190// 5035// 5033//
f 190// 5033// 192//
f 4964// 4963// 171//
f 171// 4963// 168//
f 4964// 171// 175//
f 4964// 175// 4966//
f 4966// 175// 174//
f 4966// 174// 4968//
f 4968// 174// 173//
f 4968// 173// 4999//
f 4999// 173// 172//
f 4999// 172// 5000//
f 5000// 172// 152//
f 5000// 152// 5002//
f 152// 151// 5002//
f 5002// 151// 150//
f 5002// 150// 5004//
f 5004// 150// 144//
f 5004// 144// 5006//
f 144// 142// 5006//
f 5006// 142// 141//
f 5006// 141// 5008//
f 141// 111// 5008//
f 5008// 111// 110//
f 5008// 110// 5010//
f 5010// 110// 109//
f 5010// 109// 5011//
f 5011// 109// 140//
f 5011// 140// 4987//
f 4987// 140// 139//
f 4987// 139// 4989//
f 4989// 139// 138//
f 4989// 138// 4991//
f 4991// 138// 137//
f 4991// 137// 4993//
f 4995// 4993// 136//
f 136// 4993// 137//
f 4995// 136// 94//
f 4995// 94// 5068//
f 5068// 94// 93//
f 5068// 93// 5065//
f 5065// 93// 92//
f 5065// 92// 5079//
f 5079// 92// 83//
f 5079// 83// 5073//
f 5073// 83// 82//
f 5073// 82// 5074//
f 5074// 82// 88//
f 5074// 88// 5076//
f 5076// 88// 120//
f 5076// 120// 5077//
f 5077// 120// 119//
f 5077// 119// 5078//
f 5078// 119// 117//
f 5078// 117// 5075//
f 5075// 117// 116//
f 5075// 116// 5070//
f 5070// 116// 130//
f 5070// 130// 5071//
f 5071// 130// 129//
f 5071// 129// 5072//
f 5072// 129// 128//
f 5072// 128// 5066//
f 5066// 128// 127//
f 5066// 127// 5067//
f 5067// 127// 126//
f 5067// 126// 5069//
f 5069// 126// 125//
f 5069// 125// 4996//
f 4996// 125// 124//
f 4996// 124// 4994//
f 4992// 4994// 115//
f 115// 4994// 124//
f 4992// 115// 114//
f 4992// 114// 4990//
f 4990// 114// 113//
f 4990// 113// 4988//
f 4988// 113// 101//
f 4988// 101// 4986//
f 4986// 101// 100//
f 4986// 100// 5009//
f 5009// 100// 98//
f 5009// 98// 5007//
f 5007// 98// 96//
f 5007// 96// 5005//
f 5005// 96// 199//
f 5005// 199// 198//
f 4997// 5080// 5081//
f 4997// 5081// 4934//
f 4934// 5081// 5082//
f 4934// 5082// 4935//
f 4935// 5082// 5083//
f 4935// 5083// 4946//
f 4946// 5083// 5084//
f 4946// 5084// 4947//
f 4947// 5084// 5085//
f 4947// 5085// 4981//
f 4981// 5085// 5086//
f 4981// 5086// 4982//
f 4982// 5086// 5087//
f 4982// 5087// 4984//
f 4984// 5087// 5088//
f 4984// 5088// 5047//
f 5047// 5088// 5089//
f 5047// 5089// 5049//
f 5049// 5089// 5090//
f 5049// 5090// 5051//
f 5051// 5090// 5091//
f 5051// 5091// 5053//
f 5053// 5091// 5092//
f 5053// 5092// 5055//
f 5055// 5092// 5093//
f 5055// 5093// 5057//
f 5057// 5093// 5094//
f 5057// 5094// 5059//
f 5059// 5094// 5095//
f 5059// 5095// 5061//
f 5061// 5095// 5096//
f 5061// 5096// 5063//
f 5063// 5096// 5097//
f 5063// 5097// 5064//
f 5064// 5097// 5098//
f 5064// 5098// 5029//
f 5029// 5098// 5099//
f 5029// 5099// 5028//
f 5028// 5099// 5100//
f 5028// 5100// 4959//
f 4959// 5100// 5101//
f 4959// 5101// 4958//
f 4958// 5101// 5102//
f 4958// 5102// 4957//
f 4957// 5102// 5103//
f 4957// 5103// 4955//
f 4955// 5103// 5104//
f 4955// 5104// 4953//
f 4953// 5104// 5105//
f 4953// 5105// 4951//
f 4951// 5105// 5106//
f 4951// 5106// 4949//
f 4949// 5106// 5080//
f 4949// 5080// 4997//
usemtl 1
f 5094// 5104// 5103//
f 5092// 5091// 5081//
f 5080// 5106// 5094//
f 5094// 5106// 5105//
f 5094// 5105// 5104//
f 5099// 5098// 5103//
f 5103// 5098// 5097//
f 5080// 5094// 5081//
f 5081// 5094// 5093//
f 5081// 5093// 5092//
f 5102// 5101// 5103//
f 5103// 5101// 5100//
f 5103// 5100// 5099//
f 5097// 5096// 5103//
f 5103// 5096// 5095//
f 5103// 5095// 5094//
f 5091// 5090// 5081//
f 5081// 5090// 5089//
f 5081// 5089// 5088//
f 5088// 5087// 5081//
f 5081// 5087// 5086//
f 5081// 5086// 5085//
f 5085// 5084// 5081//
f 5081// 5084// 5083//
f 5081// 5083// 5082//
